<?xml version="1.0" encoding="UTF-8"?>
<!-- Foundation -->
<window type="dialog" id="1184">
    <!-- <backgroundcolor>Background</backgroundcolor> -->
    <defaultcontrol always="true">9000</defaultcontrol>
	
    <controls>
	        <control type="image" description="Background Overlay">
            <width>100%</width>
            <height>100%</height>
            <fadetime>700</fadetime>
			<aspectratio>scale</aspectratio>
		   <texture colordiffuse="ListLabel">special://skin/backgrounds/default/default.jpg</texture>
            <animation effect="fade" end="100" start="0" time="0" condition="Window.Previous(home) | Window.Previous(visualisation) | Window.Previous(fullscreenvideo)">WindowOpen</animation>
            <animation effect="fade" end="0" start="0" time="0" condition="Window.Next(home)">WindowClose</animation>
        </control>
                         <control type="image">
							<bottom>0</bottom>
                            <height>100%</height>
                            <align>center</align>
                          <texture>common/osd-dim.png</texture>
                        </control>
<!--                         <control type="label">
							<bottom>480</bottom>
                            <height>100%</height>
                            <align>center</align>
                            <!-- <aligny>center</aligny> -->
                            <!-- <font>font45caps_title</font>
                            <label>31000551</label>
                         <!--</control>
                        <control type="label">
							<bottom>300</bottom>
                            <height>100%</height>
                          
                            <align>center</align>
                            <!-- <aligny>center</aligny> -->
                            <!-- <font>font48_title</font>
                            <label>3100055</label>
                        </control> -->
        <control type="group">
            <centerleft>50%</centerleft>
            <width>1920</width>
            <bottom>130</bottom>
            <height>1080</height>
            <!-- <include>Dialog_Background</include> -->
            <include content="Dialog_Top_IconHeader">
                <!-- <param name="label" value="$LOCALIZE[3117322]" /> -->
				<!-- <param name="label" value="$LOCALIZE[31173222]" /> -->
                <!-- <param name="icon" value="special://skin/extras/icons/10.png" /> -->
            </include>
            <control type="group">
                <right>700</right>
                <bottom>side</bottom>
                <width>1200</width>
                <height>676</height>
                <include>Object_Background</include>
                <control type="image">
                    <aspectratio>scale</aspectratio>
                    <texture background="true" fallback="DefaultAddon.png">$INFO[Container(9000).ListItem.Icon]</texture>
                </control>
            </control>

            <control type="group">
                <left>1222</left>
                <bottom>side</bottom>
                <width>680</width>
                <height>676</height>
                <include>Object_Background</include>
            </control>
            <control type="list" id="9000">
                <bottom>side</bottom>
                <onleft>8000</onleft>
                <onright>8000</onright>
                <left>1265</left>
                <width>628</width>
                <height>676</height>
                <orientation>vertical</orientation>
                <itemlayout height="140" width="628">
                    <control type="group">
                        <left>pad</left>
                        <right>pad</right>
                        <control type="image">
                            <top>pad</top>
                            <bottom>pad</bottom>
                            <left>pad</left>
                            <width>300</width>
                            <aspectratio align="left">keep</aspectratio>
                            <texture>$INFO[ListItem.Icon]</texture>
                        </control>
                        <control type="label">
                            <height>100%</height>
                            <left>170</left>
                            <align>right</align>
                            <aligny>center</aligny>
                            <font>font24_title</font>
                            <label>$INFO[ListItem.Label]</label>
                        </control>
                    </control>
                </itemlayout>
                <focusedlayout height="140" width="628">
                    <control type="group">
                        <left>pad</left>
                        <right>pad</right>
                        <control type="image">
                            <visible>!Control.HasFocus(9000)</visible>
                            <texture colordiffuse="PosterBorder">common/white.png</texture>
                        </control>
                        <control type="image">
                            <visible>!Control.HasFocus(9000)</visible>
                            <aspectratio>center</aspectratio>
                            <texture colordiffuse="PosterBorder">common/selected.png</texture>
                        </control>
                        <control type="image">
                            <visible>Control.HasFocus(9000)</visible>
                            <texture colordiffuse="$VAR[HighlightColor]">common/white.png</texture>
                        </control>

                        <control type="image">
                            <top>pad</top>
                            <bottom>pad</bottom>
                            <left>pad</left>
                            <width>300</width>
                            <aspectratio align="left">keep</aspectratio>
                            <texture>$INFO[ListItem.Icon]</texture>
                        </control>
                        <control type="label">
                            <height>100%</height>
                            <left>170</left>
                            <align>right</align>
                            <aligny>center</aligny>
                            <textcolor>Selected</textcolor>
                            <font>font24_title</font>
                            <label>$INFO[ListItem.Label]</label>
                        </control>
                    </control>
                </focusedlayout>
                <content>
                    <!--אריחים טיטאן - שורה 1< -->
                    <item>
                        <label>3137841</label>
                        <icon>special://skin/extras/viewthumbs/noxnormal.jpg</icon>
                        <onclick>Close</onclick>
					<onclick>Skin.SetString(HomeS,nox)</onclick>
                    </item>
                    <item>
                        <label>3137842</label>
                        <icon>special://skin/extras/viewthumbs/noxtitanbig.jpg</icon>
                        <onclick>Close</onclick>
						<!-- <onclick>ReloadSkin()</onclick>  -->
					<onclick>Skin.SetString(HomeLayout, noxbig)</onclick>
					<onclick>Skin.HasSetting(lowermainmenu,true)</onclick>
					<!-- <onclick>Skin.SetString(HomeLayout, 1)</onclick> -->
                    </item>
					<!--אריחים טיטאן קטנים - שורה 1< -->
                    <item>
                        <label>3137843</label>
                        <icon>special://skin/extras/viewthumbs/noxtitansmall.jpg</icon>
                        <onclick>Close</onclick>
						<!-- <onclick>ReloadSkin()</onclick>  -->
					<!-- <onclick>Skin.SetString(HomeLayout, 1small)</onclick> -->
					<onclick>Skin.SetString(HomeLayout, noxsmall)</onclick>
					<onclick>Skin.HasSetting(lowermainmenu,true)</onclick>
                    </item>

                </content>
            </control>
            <!-- Button grouplist -->
<!--             <control type="grouplist" id="8000">
                <animation effect="slide" start="0" end="-586" time="0" condition="Control.IsVisible(3)">Conditional</animation>
                <right>side</right>
                <top>pad</top>
                <align>left</align>
                <height>60</height>
                <onleft>9000</onleft>
                <onright>9000</onright>
                <onup>9000</onup>
                <ondown>9000</ondown>
                <orientation>horizontal</orientation>
                <itemgap>pad</itemgap>
                <!-- Cancel -->
               <!-- <control type="button" id="8001">
                    <width>auto</width>
                    <height>100%</height>
                    <align>right</align>
                    <label>222</label>
                    <texturenofocus></texturenofocus>
                    <texturefocus></texturefocus>
                    <focusedcolor>$VAR[HighlightColor]</focusedcolor>
                    <include>Defs_OptionButton</include>
                    <onclick>Close</onclick>
                </control>
                
            </control> -->
        </control>
    </controls>
</window>
