<?xml version="1.0" encoding="UTF-8"?>
<!-- Foundation -->
<window type="window" id="1128">
    <backgroundcolor>Background</backgroundcolor>
    <defaultcontrol always="true">9501</defaultcontrol>
    <onunload>SetProperty(HubReturn,1128,home)</onunload>
    
    <controls>
		<include condition="Skin.String(categories, em) + !Skin.String(categories, list)" content="Window_Hub2">
            <param name="categories" value="skinshortcuts-group-x1128" />
        </include>
		<include condition="Skin.String(categories, em2) + !Skin.String(categories, list)" content="Window_Hub">
            <param name="categories" value="skinshortcuts-group-x1128" />
        </include>
			<include condition="Skin.String(categories, list)" content="Window_Hub3">
            <param name="categories" value="skinshortcuts-group-x1128" />
        </include>
		<include condition="Skin.String(categories, hub4)" content="Window_Hub4">
            <param name="categories" value="skinshortcuts-group-x1128" />
        </include>
		<include condition="Skin.String(categories, hub5)" content="Window_Hub5">
            <param name="categories" value="skinshortcuts-group-x1128" />
        </include>
				<include condition="Skin.String(categories, hub6)" content="Window_Hub6">
            <param name="categories" value="skinshortcuts-group-x1128" />
        </include>
		<include condition="Skin.String(categories, hub7)" content="Window_Hub7">
            <param name="categories" value="skinshortcuts-group-x1128" />
        </include>
    </controls>
</window>
