<?xml version="1.0" encoding="UTF-8"?>
<!-- Foundation -->
<window type="window" id="1131">
    <backgroundcolor>Background</backgroundcolor>
    <defaultcontrol always="true">9500</defaultcontrol>
    <onload condition="Window.Previous(Home)">SetFocus(9501,0)</onload>
    <include condition="!Skin.HasSetting(store_init)">Defs_Store_Init</include>

    <controls>
        <!-- Background -->
		<include>Global_Background</include>
        <!-- <include>Furniture_Background</include> -->
		

        <!-- Main group -->
        <control type="group">
            <left>15</left>
            <right>15</right>
            <top>top</top>
            <bottom>0</bottom>

            <animation effect="slide" tween="quadratic" easing="out" time="100" start="0,-1080" end="0" condition="Window.Previous(Home)">WindowOpen</animation>
            <animation effect="slide" tween="quadratic" easing="out" time="100" start="0,1080" end="0" condition="!Window.Previous(Home)">WindowOpen</animation>
            <animation effect="slide" tween="quadratic" easing="in" time="100" end="0,1080" start="0" condition="!Window.Next(Home)">WindowClose</animation>
            <animation effect="slide" tween="quadratic" easing="in" time="100" end="0,-1080" start="0" condition="Window.Next(Home)">WindowClose</animation>

            <animation effect="slide" tween="quadratic" easing="out" time="100" start="0,1080" end="0" delay="300">Visible</animation>
            <animation effect="slide" tween="quadratic" easing="in" time="100" end="0,1080" start="0">Hidden</animation>
            <animation effect="fade" start="100" end="0" time="100" condition="Window.IsVisible(script-script.extendedinfo-VideoList.xml)">Conditional</animation>
            <visible>![Window.IsVisible(DialogVideoInfo.xml) | Window.IsVisible(script-script.extendedinfo-DialogInfo.xml) | Window.IsVisible(script-script.extendedinfo-DialogVideoInfo.xml) | Window.IsVisible(DialogMusicInfo.xml) | Window.IsVisible(DialogAddonInfo.xml)]</visible>
            <control type="grouplist" id="9500">
                <top>-358</top>
                <bottom>0</bottom>
                <itemgap>-450</itemgap>
                <usecontrolcoords>true</usecontrolcoords>

                <include content="Object_StoreWidgets">
                    <param name="widget1_id" value="9501" />
                    <param name="widget2_id" value="9502" />
                    <param name="widget3_id" value="9503" />
                    <param name="widget4_id" value="9504" />
                    <param name="widget5_id" value="9505" />
                    <param name="widget6_id" value="9506" />
                    <param name="widget7_id" value="9507" />
                    <param name="widget8_id" value="9508" />

                    <param name="widget1_content" value="$INFO[Skin.String(Store_Widget1_Content)]" />
                    <param name="widget1_target" value="$INFO[Skin.String(Store_Widget1_Target)]" />
                    <param name="widget1_title" value="$INFO[Skin.String(Store_Widget1_Title)]" />
                    <param name="widget1_genres" value="Skin.HasSetting(Store_Widget1_Genres)" />
                    <param name="widget1_landscape" value="Skin.HasSetting(Store_Widget1_Landscape)" />

                    <param name="widget2_content" value="$INFO[Skin.String(Store_Widget2_Content)]" />
                    <param name="widget2_target" value="$INFO[Skin.String(Store_Widget2_Target)]" />
                    <param name="widget2_title" value="$INFO[Skin.String(Store_Widget2_Title)]" />
                    <param name="widget2_genres" value="Skin.HasSetting(Store_Widget2_Genres)" />
                    <param name="widget2_landscape" value="Skin.HasSetting(Store_Widget2_Landscape)" />

                    <param name="widget3_content" value="$INFO[Skin.String(Store_Widget3_Content)]" />
                    <param name="widget3_target" value="$INFO[Skin.String(Store_Widget3_Target)]" />
                    <param name="widget3_title" value="$INFO[Skin.String(Store_Widget3_Title)]" />
                    <param name="widget3_genres" value="Skin.HasSetting(Store_Widget3_Genres)" />
                    <param name="widget3_landscape" value="Skin.HasSetting(Store_Widget3_Landscape)" />

                    <param name="widget4_content" value="$INFO[Skin.String(Store_Widget4_Content)]" />
                    <param name="widget4_target" value="$INFO[Skin.String(Store_Widget4_Target)]" />
                    <param name="widget4_title" value="$INFO[Skin.String(Store_Widget4_Title)]" />
                    <param name="widget4_genres" value="Skin.HasSetting(Store_Widget4_Genres)" />
                    <param name="widget4_landscape" value="Skin.HasSetting(Store_Widget4_Landscape)" />

                    <param name="widget5_content" value="$INFO[Skin.String(Store_Widget5_Content)]" />
                    <param name="widget5_target" value="$INFO[Skin.String(Store_Widget5_Target)]" />
                    <param name="widget5_title" value="$INFO[Skin.String(Store_Widget5_Title)]" />
                    <param name="widget5_genres" value="Skin.HasSetting(Store_Widget5_Genres)" />
                    <param name="widget5_landscape" value="Skin.HasSetting(Store_Widget5_Landscape)" />

                    <param name="widget6_content" value="$INFO[Skin.String(Store_Widget6_Content)]" />
                    <param name="widget6_target" value="$INFO[Skin.String(Store_Widget6_Target)]" />
                    <param name="widget6_title" value="$INFO[Skin.String(Store_Widget6_Title)]" />
                    <param name="widget6_genres" value="Skin.HasSetting(Store_Widget6_Genres)" />
                    <param name="widget6_landscape" value="Skin.HasSetting(Store_Widget6_Landscape)" />

                    <param name="widget7_content" value="$INFO[Skin.String(Store_Widget7_Content)]" />
                    <param name="widget7_target" value="$INFO[Skin.String(Store_Widget7_Target)]" />
                    <param name="widget7_title" value="$INFO[Skin.String(Store_Widget7_Title)]" />
                    <param name="widget7_genres" value="Skin.HasSetting(Store_Widget7_Genres)" />
                    <param name="widget7_landscape" value="Skin.HasSetting(Store_Widget7_Landscape)" />

                    <param name="widget8_content" value="$INFO[Skin.String(Store_Widget8_Content)]" />
                    <param name="widget8_target" value="$INFO[Skin.String(Store_Widget8_Target)]" />
                    <param name="widget8_title" value="$INFO[Skin.String(Store_Widget8_Title)]" />
                    <param name="widget8_genres" value="Skin.HasSetting(Store_Widget8_Genres)" />
                    <param name="widget8_landscape" value="Skin.HasSetting(Store_Widget8_Landscape)" />
                    
                    <param name="widget8_height" value="475" />

                </include>
                
            </control>
        </control>


        <control type="group">
            <include>Animation_FadeIn</include>
            <include>Animation_FadeOut</include>
            <control type="image">
                <width>100%</width>
                <height>50</height>
                <texture colordiffuse="df000000">common/gradient4.png</texture>
            </control>
            <control type="image">
                <bottom>-150</bottom>
                <width>100%</width>
                <height>220</height>
                <texture colordiffuse="df000000" flipy="true">common/gradient4.png</texture>
            </control>
        </control>
        <!-- Top Bar -->
        <include>Furniture_RSS</include>
		<include>QuickNav</include>
		<include>snow</include>
		<include>DefMenuMouse3</include>
    </controls>
</window>
