<?xml version="1.0" encoding="UTF-8"?>
<window type="dialog" id="1138">
	<defaultcontrol always="true">9001</defaultcontrol>
	<animation effect="fade" start="0" end="100" time="300">WindowOpen</animation>
	<animation effect="fade" start="100" end="0" time="300">WindowClose</animation>
	<controls>
 				<control type="image">
			<posx>0</posx>
			<posy>590</posy>
					<width>230</width>
					<height>155</height>
					<texture>bg-fade.png</texture>
					<colordiffuse>black</colordiffuse>
					<aspectratio>stretch</aspectratio>
				</control>
		<control type="grouplist" id="9001">
			<posx>25</posx>
			<posy>593</posy>
			<width>800</width>
			<height>150</height>
			<align>left</align>
			<itemgap>15</itemgap>
			<orientation>vertical</orientation>
			<control type="button" id="201">
				<description>Later Button</description>
				<width>200</width>
				<height>40</height>
				<align>left</align>
				<aligny>center</aligny>
				<label></label>
				<font>font12_title</font>
				<textcolor>FFFFFFFF</textcolor>
				<texturenofocus>button-nofo.png</texturenofocus>
				<texturefocus colordiffuse="red">button-fo.png</texturefocus>				
				<textoffsetx>10</textoffsetx>
			</control>
			<control type="button" id="202">
				<top>50</top>
				<description>Never Button</description>
				<width>200</width>
				<height>40</height>
				<align>center</align>
				<aligny>center</aligny>
				<label>הכנס תזמון ידני</label>
				<textcolor>FFFFFFFF</textcolor>
				<texturenofocus>button-nofo.png</texturenofocus>
				<texturefocus colordiffuse="red">button-fo.png</texturefocus>				
				<font>font12_title</font>
				<textoffsetx>10</textoffsetx>
			</control>
			<control type="button" id="210">
				<top>100</top>
				<description>Never Button</description>
				<width>200</width>
				<height>40</height>
				<align>center</align>
				<aligny>center</aligny>
				<label>הסתר התראה זו</label>
				<textcolor>FFFFFFFF</textcolor>
				<texturenofocus>button-nofo.png</texturenofocus>
				<texturefocus colordiffuse="red">button-fo.png</texturefocus>				
				<font>font12_title</font>
				<textoffsetx>10</textoffsetx>
			</control>
		</control>
	</controls>
</window>
