<?xml version="1.0" encoding="UTF-8"?>
<includes>

    <constant name="pad">10</constant>
    <constant name="side">20</constant>
    <constant name="top">280</constant>
    <constant name="height">690</constant>
    <constant name="posterh">690</constant>
    <constant name="thumbh">251</constant>
    <constant name="posterw">467</constant>
    <constant name="posterlistw">487</constant>
    <constant name="infox">477</constant>
    <constant name="posterx">1413</constant> 
    <constant name="toppanel">182</constant>
    <constant name="listw">1403</constant>
    <constant name="listsqw">1180</constant>
    <constant name="sidearrowtop">625</constant>
    <constant name="favitemw">1256</constant>
    <constant name="favdialogw">1720</constant>

    <default type="label">
        <textcolor>ListLabel</textcolor>
        <selectedcolor>$VAR[HighlightColor2]</selectedcolor>
        <disabledcolor>Disabled</disabledcolor>
        <font>Font-Button</font>
        <aligny>center</aligny>
        <align>left</align>
    </default>
	<default type="multiimage">
		<aspectratio align="center">scale</aspectratio>
		<fadetime>FanartCrossfadeTime</fadetime>
		<include>FullscreenDimensions</include>
		<randomize>true</randomize>
	</default>
    <default type="fadelabel">
        <font>Font-Button</font>
        <textcolor>ListLabel</textcolor>
        <selectedcolor>$VAR[HighlightColor2]</selectedcolor>
        <disabledcolor>Disabled</disabledcolor>
    </default>

    <default type="button">
<!-- 	<texturefocus colordiffuse="$VAR[HighlightBarColor]" border="1">listselect_fo.png</texturefocus> -->
        <pulseonselect>false</pulseonselect>
        <font>Font-Button</font>
        <textcolor>ListLabel</textcolor>
        <selectedcolor>$VAR[HighlightColor2]</selectedcolor>
        <disabledcolor>Disabled</disabledcolor>
    </default>

    <default type="togglebutton">
        <font>Font-Button</font>
        <pulseonselect>false</pulseonselect>
        <textcolor>ListLabel</textcolor>
        <selectedcolor>$VAR[HighlightColor2]</selectedcolor>
        <disabledcolor>Disabled</disabledcolor>
    </default>

    <default type="radiobutton">
        <posx>0</posx>
        <posy>0</posy>
        <width>600</width>
        <height>60</height>
        <radiowidth>120</radiowidth>
        <radioheight>75</radioheight>
        <align>center</align>
        <aligny>center</aligny>
        <font>Light28</font>
        <label>-</label>
        <textcolor>$INFO[Skin.String(ButtonTextColor)]</textcolor>
        <focusedcolor>$INFO[Skin.String(ButtonFocusTextColor)]</focusedcolor>
        <disabledcolor>aaffffff</disabledcolor>
        <textureradiofocus colordiffuse="ff008ae5" flipx="true">common/radio/radio-button-nf.png</textureradiofocus>
        <textureradionofocus colordiffuse="$INFO[Skin.String(ButtonTextColor)]">common/radio/radio-button-nf.png</textureradionofocus>
        <textureradioondisabled colordiffuse="aaffffff" flipx="true">common/radio/radio-button-nf.png</textureradioondisabled>
        <textureradiooffdisabled colordiffuse="$INFO[Skin.String(ButtonTextColor)]">common/radio/radio-button-nf.png</textureradiooffdisabled>
        <textoffsetx>50</textoffsetx>
        <radioposx>-</radioposx>
        <pulseonselect>false</pulseonselect>
        <texturefocus colordiffuse="$INFO[Skin.String(ButtonFocusColor)]" border="5">diffuse/panel.png</texturefocus>
        <texturenofocus colordiffuse="$INFO[Skin.String(ButtonColor)]" border="5">diffuse/panel.png</texturenofocus>
    </default>
	        <!-- בלעדי לקודי אנונימוס -->
    <default type="spincontrolex">
        <font>Font-Button</font>
        <pulseonselect>false</pulseonselect>
        <spinwidth>32</spinwidth>
        <spinheight>32</spinheight>
        <textureup flipy="true" colordiffuse="Disabled">common/spin-down.png</textureup>
        <texturedown colordiffuse="Disabled">common/spin-down.png</texturedown>
        <textureupfocus flipy="true" colordiffuse="Selected">common/spin-down.png</textureupfocus>
        <texturedownfocus colordiffuse="Selected">common/spin-down.png</texturedownfocus>
        <textureupdisabled flipy="true" colordiffuse="Disabled">common/spin-down.png</textureupdisabled>
        <texturedowndisabled colordiffuse="Disabled">common/spin-down.png</texturedowndisabled>
        <textcolor>ListLabel</textcolor>
        <selectedcolor>$VAR[HighlightColor2]</selectedcolor>
        <disabledcolor>Disabled</disabledcolor>
    </default>

    <default type="spincontrol">
        <font>Font-Button</font>
        <pulseonselect>false</pulseonselect>
        <spinwidth>32</spinwidth>
        <spinheight>32</spinheight>
        <textureup flipy="true" colordiffuse="Disabled">common/spin-down.png</textureup>
        <texturedown colordiffuse="Disabled">common/spin-down.png</texturedown>
        <textureupfocus flipy="true" colordiffuse="Selected">common/spin-down.png</textureupfocus>
        <texturedownfocus colordiffuse="Selected">common/spin-down.png</texturedownfocus>
        <textureupdisabled flipy="true" colordiffuse="Disabled">common/spin-down.png</textureupdisabled>
        <texturedowndisabled colordiffuse="Disabled">common/spin-down.png</texturedowndisabled>
        <textcolor>ListLabel</textcolor>
        <selectedcolor>$VAR[HighlightColor2]</selectedcolor>
        <disabledcolor>Disabled</disabledcolor>
    </default>

<!-- Modification Default -->
    <default type="sliderex">
        <font>Font-Button</font>
        <pulseonselect>false</pulseonselect>
        <sliderwidth>230</sliderwidth>
        <sliderheight>23</sliderheight>
        <texturefocus border="5">common/panel.png</texturefocus>
        <texturesliderbar border="5">common/panel_trans.png</texturesliderbar>
        <texturenofocus border="5">common/panel.png</texturenofocus>
        <textureslidernib colordiffuse="ListLabel" border="5">common/panel.png</textureslidernib>
        <textureslidernibfocus colordiffuse="Selected" border="2">common/panel.png</textureslidernibfocus>
        <textcolor>ListLabel</textcolor>
        <selectedcolor>$VAR[HighlightColor2]</selectedcolor>
        <disabledcolor>Disabled</disabledcolor>
    </default>

<!-- Modification Default -->
    <default type="slider">
        <pulseonselect>false</pulseonselect>
        <texturefocus border="5">common/panel.png</texturefocus>
        <texturesliderbar  border="5">common/panel_trans.png</texturesliderbar>
        <texturenofocus  border="5">common/panel.png</texturenofocus>
        <textureslidernib border="5">common/panel_trans.png</textureslidernib>
        <textureslidernibfocus colordiffuse="$VAR[HighlightColor]" border="2">common/panel.png</textureslidernibfocus>
        <textcolor>ListLabel</textcolor>
        <selectedcolor>$VAR[HighlightColor2]</selectedcolor>
        <disabledcolor>Disabled</disabledcolor>
		<orientation>horizontal</orientation>
    </default>
	<default type="slider2">
		<controloffsetx>75</controloffsetx>
		<controloffsety>0</controloffsety>
		<orientation>horizontal</orientation>
	</default>
    <default type="progress">
        <texturebg colordiffuse="PosterBorder">osd/progress-bg.png</texturebg>
        <lefttexture colordiffuse="$VAR[HighlightColor]">osd/progress-end.png</lefttexture>
        <midtexture colordiffuse="$VAR[HighlightColor]">osd/progress-end.png</midtexture>
        <righttexture colordiffuse="ListLabel">osd/progress-end.png</righttexture>
        <overlaytexture>noop</overlaytexture>
        <textcolor>ListLabel</textcolor>
        <selectedcolor>$VAR[HighlightColor2]</selectedcolor>
        <disabledcolor>Disabled</disabledcolor>
    </default>

    <default type="textbox">
        <align>justify</align>
        <font>Font-ListInfo</font>
        <textcolor>ListLabel</textcolor>
        <selectedcolor>Selected</selectedcolor>
        <autoscroll delay="15000" time="5000" repeat="12000">True</autoscroll>
    </default>

    <default type="edit">
        <font>Font-Button</font>
        <textcolor>ListLabel</textcolor>
        <selectedcolor>$VAR[HighlightColor2]</selectedcolor>
        <disabledcolor>Disabled</disabledcolor>
    </default>

    <default type="scrollbar">
        <texturesliderbackground colordiffuse="PosterBorder">common/white.png</texturesliderbackground>
        <texturesliderbar colordiffuse="Disabled">common/white.png</texturesliderbar>
        <texturesliderbarfocus colordiffuse="$VAR[HighlightColor]">common/white.png</texturesliderbarfocus>
        <textureslidernib>noop</textureslidernib>
        <textureslidernibfocus>noop</textureslidernibfocus>
        <showonepage>true</showonepage>
    </default>

	
	
	
    <expression name="Exp_Info_Visible">[Window.IsVisible(DialogVideoInfo.xml) | Window.IsVisible(DialogMusicInfo.xml) | Window.IsVisible(DialogAddonInfo.xml)]</expression>

    <expression name="Exp_IsPluginAdvancedLauncher">String.StartsWith(Container.FolderPath,plugin://plugin.program.advanced.launcher/) | String.StartsWith(Container.FolderPath,plugin://plugin.program.advanced.emulator.launcher/) | String.StartsWith(Container.FolderPath,plugin://plugin.program.advanced.MAME.launcher/)</expression>

    <expression name="Exp_HideFurniture">[Control.HasFocus(9601) | [Player.HasVideo + !String.IsEmpty(Window(Home).Property(TrailerPlaying))] | [System.IdleTime(4) + Skin.HasSetting(AutoPlotOverlay) + [Window.IsVisible(MyVideoNav.xml) | Window.IsVisible(MyMusicNav.xml) | Window.IsVisible(Home)] + ![Window.IsVisible(DialogVideoInfo.xml) | Window.IsVisible(DialogMusicInfo.xml) | Window.IsVisible(DialogAddonInfo.xml)]]]</expression>

    <expression name="Exp_PlotOverlay">[Control.HasFocus(9601) | [System.IdleTime(4) + Skin.HasSetting(AutoPlotOverlay) + [Window.IsVisible(MyVideoNav.xml) | Window.IsVisible(MyMusicNav.xml) | Window.IsVisible(Home)] + ![Window.IsVisible(DialogVideoInfo.xml) | Window.IsVisible(DialogMusicInfo.xml) | Window.IsVisible(DialogAddonInfo.xml)]]]</expression>
	
	
	
</includes>