<?xml version="1.0" encoding="UTF-8"?>
<window type="buttonMenu" id="111">
    <defaultcontrol always="true">3110</defaultcontrol>
    <controls>
        <include>Global_Overlay</include>
        <control type="group">
            <include>Animation_FadeIn_SlideUp</include>
            <control type="group">
                <visible>Integer.IsGreater(Container(3110).NumItems,7)</visible>
                <height>662</height>
                <include>Defs_Powermenu_Group</include>
                <include>Defs_Options_Texture</include>
            </control>
            <control type="group">
                <visible>Integer.IsEqual(Container(3110).NumItems,7)</visible>
                <height>592</height>
                <include>Defs_Powermenu_Group</include>
                <include>Defs_Options_Texture</include>
            </control>
            <control type="group">
                <visible>Integer.IsEqual(Container(3110).NumItems,6)</visible>
                <height>522</height>
                <include>Defs_Powermenu_Group</include>
                <include>Defs_Options_Texture</include>
            </control>
            <control type="group">
                <visible>Integer.IsEqual(Container(3110).NumItems,5)</visible>
                <height>452</height>
                <include>Defs_Powermenu_Group</include>
                <include>Defs_Options_Texture</include>
            </control>
            <control type="group">
                <visible>Integer.IsEqual(Container(3110).NumItems,4)</visible>
                <height>382</height>
                <include>Defs_Powermenu_Group</include>
                <include>Defs_Options_Texture</include>
            </control>
            <control type="group">
                <visible>Integer.IsEqual(Container(3110).NumItems,3)</visible>
                <height>312</height>
                <include>Defs_Powermenu_Group</include>
                <include>Defs_Options_Texture</include>
            </control>
            <control type="group">
                <visible>Integer.IsEqual(Container(3110).NumItems,2)</visible>
                <height>242</height>
                <include>Defs_Powermenu_Group</include>
                <include>Defs_Options_Texture</include>
            </control>
            <control type="group">
                <visible>Integer.IsEqual(Container(3110).NumItems,1)</visible>
                <height>172</height>
                <include>Defs_Powermenu_Group</include>
                <include>Defs_Options_Texture</include>
            </control>
            <control type="group">
                <animation effect="slide" end="0,35" condition="true">Conditional</animation>
                <animation effect="slide" end="0,35" condition="Integer.IsLess(Container(3110).NumItems,8)">Conditional</animation>
                <animation effect="slide" end="0,35" condition="Integer.IsLess(Container(3110).NumItems,7)">Conditional</animation>
                <animation effect="slide" end="0,35" condition="Integer.IsLess(Container(3110).NumItems,6)">Conditional</animation>
                <animation effect="slide" end="0,35" condition="Integer.IsLess(Container(3110).NumItems,5)">Conditional</animation>
                <animation effect="slide" end="0,35" condition="Integer.IsLess(Container(3110).NumItems,4)">Conditional</animation>
                <animation effect="slide" end="0,35" condition="Integer.IsLess(Container(3110).NumItems,3)">Conditional</animation>
                <animation effect="slide" end="0,35" condition="Integer.IsLess(Container(3110).NumItems,2)">Conditional</animation>
                <include>Defs_Powermenu_Group</include>
                <control type="label">
                    <top>-64</top>
                    <width>458</width>
                    <height>80</height>
                    <left>8</left>
                    <textcolor>dialog_fg_70</textcolor>
                    <font>font_small_bold</font>
                    <label>$LOCALIZE[310723244]</label>
                    <align>center</align>
                    <textoffsetx>30</textoffsetx>
                </control>
                <control type="image">
                    <top>-56</top>
                    <width>458</width>
                    <height>64</height>
                    <left>-370</left>
                    <aspectratio align="right">keep</aspectratio>
                    <texture colordiffuse="dialog_fg_70">special://skin/extras/icons/kodi.png</texture>
                </control>
                <control type="list" id="3110">
                    <onleft>Back</onleft>
                    <onright>Back</onright>
                    <include>Defs_Options_Grouplist</include>
                    <itemlayout width="450" height="70">
                        <control type="label">
                            <font>font_tiny</font>
                           <align>right</align>
                            <left>30</left>
                            <aligny>center</aligny>
                            <textcolor>dialog_fg_70</textcolor>
                            <label>$INFO[ListItem.Label]</label>
                        </control>
                    </itemlayout>
                    <focusedlayout width="450" height="70">
                        <control type="image">
                            <texture colordiffuse="$VAR[ColorHighlight]">common/white.png</texture>
                        </control>
                        <control type="image">
                            <texture colordiffuse="$VAR[ColorHighlight2]">common/gradient-diffuse-horizontal.png</texture>
                        </control>
                        <control type="label">
                            <font>font_tiny</font>
                            <align>right</align>
                            <left>30</left>
                            <aligny>center</aligny>
                            <textcolor>Selected</textcolor>
                            <label>$INFO[ListItem.Label]</label>
                        </control>
                    </focusedlayout>
                    <content><include>skinshortcuts-group-powermenu</include></content>
                </control>
            </control>
        </control>
    </controls>
</window>

