<?xml version="1.0" encoding="UTF-8"?>
<window>
    <!-- seekbar -->
    <defaultcontrol always="true">901</defaultcontrol>
    <visible>[VideoPlayer.IsFullscreen | Window.IsVisible(visualisation) | Skin.HasSetting(eminosd)]</visible>

    <controls>

        <control type="image">
		    <visible>Skin.HasSetting(eminosd)</visible>
            <visible>Window.IsVisible(script-ExtendedInfo Script-DialogInfo.xml) | Window.IsVisible(script-ExtendedInfo Script-DialogVideoInfo.xml)</visible>
            <width>1920</width>
            <height>1080</height>
            <texture colordiffuse="FanartFade">common/white.png</texture>
            <include condition="Skin.HasSetting(eminosd)">Animation_FadeIn</include>
           <include condition="Skin.HasSetting(eminosd)">Animation_FadeOut_Delay</include>
        </control>

        <include condition="Skin.HasSetting(eminosd)">Furniture_TopBar6</include>

        <control type="group">
		<visible>Window.IsVisible(musicosd) | Skin.HasSetting(eminosd)</visible>
        <visible>Player.Caching | Player.Seeking | Player.DisplayAfterSeek | Player.Paused | Player.Forwarding | Player.Rewinding | Player.ShowInfo | Window.IsVisible(DialogFullScreenInfo.xml) | Window.IsActive(musicosd) | Window.IsActive(videoosd)</visible>
		<visible>!Window.IsVisible(DialogSlider.xml)</visible> 
            <animation effect="slide" start="0" end="0,-64" time="200" condition="Window.IsVisible(musicosd) | Window.IsActive(videoosd)">Conditional</animation>
            <animation effect="slide" start="0" end="0,-260" time="200" tween="quadratic" condition="[Window.IsVisible(DialogFullScreenInfo.xml) + Skin.HasSetting(videoosd.showinfo)] | [!String.IsEmpty(Window(home).Property(osdinfo)) + !Window.IsVisible(visualisation)] | [Skin.HasSetting(videoosd.showinfoonpause) + Player.Paused]">Conditional</animation>
            <include condition="Skin.HasSetting(eminosd)">Animation_FadeIn</include>
            <include condition="Skin.HasSetting(eminosd)">Animation_FadeOut</include>

			
			
			
			
			
            <control type="group">
			<visible>Skin.HasSetting(eminosd)</visible>
           <visible>!Skin.HasSetting(videoosd.showcompact)</visible>
		   <visible>!VideoPlayer.Content(LiveTV)</visible>
		   <visible>!Window.IsVisible(MusicVisualisation.xml) + !Window.IsVisible(script-script.extendedinfo-DialogVideoInfo.xml) + !Window.IsVisible(script-script.extendedinfo-DialogInfo.xml)</visible>
            <control type="image">
			<visible>Skin.HasSetting(eminosd)</visible>
                    <left>-8</left>
                    <bottom>16</bottom>
                    <width>780</width>
                    <height>50</height>  
                    <texture colordiffuse="$VAR[OSD_Color]">osd/top_left.png</texture>
                </control>
              
                <control type="image">
				<visible>Skin.HasSetting(eminosd)</visible>
                    <left>15</left>
                    <bottom>17</bottom>
                    <width>48</width>
                    <height>48</height>  
                    <texture colordiffuse="LineLabel">osd/clock.png</texture>
                </control>
              
                <control type="label">
				<visible>Skin.HasSetting(eminosd)</visible>
                    <left>73</left>
                    <bottom>19</bottom>
                    <height>48</height> 
                    <aligny>center</aligny>
                    <textcolor>LineLabel</textcolor> 
                    <label>$INFO[Player.Time] / $INFO[Player.Duration]</label>
                </control>
              
                <control type="image">
				<visible>Skin.HasSetting(eminosd)</visible>
                    <left>397</left>
                    <bottom>17</bottom>
                    <width>48</width>
                    <height>48</height>  
                    <texture colordiffuse="LineLabel">osd/finishtime.png</texture>
                </control>
              
                <control type="label">
				<visible>Skin.HasSetting(eminosd)</visible>
                    <left>450</left>
                    <bottom>19</bottom>
                    <height>48</height> 
                    <aligny>center</aligny>
                    <textcolor>LineLabel</textcolor> 
                    <label>$INFO[Player.FinishTime(hh:mm)]</label>
                </control>
                <control type="image">
				<visible>Skin.HasSetting(eminosd)</visible>
                    <description>background image</description>
				<left>560</left>
                <bottom>24</bottom>
                <width>140</width>
                <height>33</height>
                    <bordertexture border="4">common/white3.png</bordertexture>
                    <texture colordiffuse="">common/white3.png</texture>
					<visible>!VideoPlayer.Content(LiveTV)</visible>
                </control>	
                <control type="label">
				<visible>Skin.HasSetting(eminosd)</visible>
                    <left>545</left>
                    <bottom>16</bottom>
                    <height>48</height> 
                    <aligny>center</aligny>
                    <font>Font-RSS</font>
                    <textcolor>LineLabel</textcolor> 
                    <label>$INFO[Player.FinishTime(xx)]</label>
                    <visible>!String.IsEmpty(Player.FinishTime(xx))</visible> 
                </control>
                
 
            <control type="image">
			<visible>Skin.HasSetting(eminosd)</visible>
                    <right>-8</right>
                    <bottom>16</bottom>
                    <width>790</width>
                    <height>50</height>  
                    <texture colordiffuse="$VAR[OSD_Color]" flippy="true">osd/top_right.png</texture>
                    <visible>!Window.IsVisible(script-ExtendedInfo Script-DialogVideoInfo.xml) + !Window.IsVisible(script-ExtendedInfo Script-DialogInfo.xml)</visible>
                </control> 

               
                <control type="grouplist">
				<visible>Skin.HasSetting(eminosd)</visible>
                    <usecontrolcoords>true</usecontrolcoords>
                    <right>5</right>                   
                    <bottom>23</bottom>
                    <height>35</height>
                    <align>right</align>
                    <orientation>horizontal</orientation>
                    <itemgap>pad</itemgap>   
                    <visible>!Window.IsVisible(script-ExtendedInfo Script-DialogVideoInfo.xml) + !Window.IsVisible(script-ExtendedInfo Script-DialogInfo.xml)</visible>    				
                    <control type="image">
                        <width>87</width>
              	     <height>35</height>
              	     <texture colordiffuse="LineLabel" fallback="indicator/fallback.png">$INFO[VideoPlayer.VideoAspect,indicator/aspectratio/,.png]</texture>
                        <visible>!String.IsEmpty(VideoPlayer.VideoAspect)</visible>
                    </control>
                    <control type="image">
                        <width>61</width>
                        <height>35</height>
                        <texture colordiffuse="LineLabel" fallback="indicator/fallback.png">$INFO[VideoPlayer.VideoResolution,indicator/resolution/,.png]</texture>
                        <visible>!String.IsEmpty(VideoPlayer.VideoResolution)</visible>
                    </control>               
                    <control type="image">
                        <width>90</width>
              	     <height>35</height>
              	     <texture colordiffuse="LineLabel" fallback="indicator/fallback.png">$INFO[VideoPlayer.VideoCodec,indicator/video/,.png]</texture>
                        <visible>!String.IsEmpty(VideoPlayer.VideoCodec)</visible>
                    </control>                      
                    <control type="image">
                        <width>91</width>
              	     <height>35</height>
              	     <texture colordiffuse="LineLabel" fallback="indicator/fallback.png">$INFO[VideoPlayer.AudioCodec,indicator/audio/,.png]</texture>
                        <visible>!String.IsEmpty(VideoPlayer.AudioCodec)</visible>
                    </control>                                  
                    <control type="image">
                        <width>91</width>
                        <height>35</height>
                        <visible>!String.IsEmpty(VideoPlayer.AudioChannels)</visible>
                        <texture colordiffuse="LineLabel" fallback="indicator/fallback.png">$INFO[VideoPlayer.AudioChannels,indicator/channels/,.png]</texture>
                    </control>
                 </control>          
             </control>         
                            
            

            <control type="image">
			<visible>Skin.HasSetting(eminosd)</visible>
				<include condition="String.IsEqual(Skin.String(ClearArtPos),$LOCALIZE[31239])">ClearArtCenter</include>
				<include condition="String.IsEqual(Skin.String(ClearArtPos),$LOCALIZE[31240]) + !Skin.HasSetting(videoosd.showcompact)">ClearArtLeft</include>
				<include condition="String.IsEqual(Skin.String(ClearArtPos),$LOCALIZE[31241]) + !Skin.HasSetting(videoosd.showcompact)">ClearArtRight</include>
				<include condition="String.IsEqual(Skin.String(ClearArtPos),$LOCALIZE[31240]) + Skin.HasSetting(videoosd.showcompact)">ClearArtLeft2</include>
				<include condition="String.IsEqual(Skin.String(ClearArtPos),$LOCALIZE[31241]) + Skin.HasSetting(videoosd.showcompact)">ClearArtRight2</include>
                    <width>500</width>
                    <height>281</height>
                    <texture>$VAR[PlayerClearArt]</texture>
                    <aspectratio align="center" aligny="bottom">keep</aspectratio>
                    <visible>Skin.HasSetting(videoosd.showclearart)</visible>
					<visible>!Window.IsActive(musicosd)</visible>
                    <visible>!Window.IsVisible(script-ExtendedInfo Script-DialogVideoInfo.xml) + !Window.IsVisible(script-ExtendedInfo Script-DialogInfo.xml)</visible>
					<visible>!VideoPlayer.Content(LiveTV)</visible>
                </control>
            <control type="image">
			<visible>Skin.HasSetting(eminosd)</visible>
                <bottom>-500</bottom>
                <height>500</height>
                <width>100%</width>
                <texture colordiffuse="$VAR[OSD_Color]">common/white.png</texture>
            </control>
       
            <control type="group"><!-- מיקום המידע  - חלון קופצני -->
			<visible>Skin.HasSetting(eminosd)</visible>
                <visible>[Window.IsVisible(DialogFullScreenInfo.xml) + Skin.HasSetting(videoosd.showinfo)] | [!String.IsEmpty(Window(home).Property(osdinfo)) + !Window.IsVisible(visualisation)] | [Skin.HasSetting(videoosd.showinfoonpause) + Player.Paused]</visible>
                <animation effect="fade" start="0" end="100" time="200" delay="200" reversible="false">Visible</animation>
                <bottom>-310</bottom>
                <left>side</left>
                <right>side</right>
                <height>300</height>

                   
                <control type="grouplist">
				<visible>Skin.HasSetting(eminosd)</visible>
                    <usecontrolcoords>true</usecontrolcoords>
                    <itemgap>pad</itemgap>
                    <right>0</right>
					<left>pad</left>
                    <height>45</height>
                    <align>right</align>
					<aligny>center</aligny>
                    <orientation>horizontal</orientation>
                    <itemgap>side</itemgap>   
					<control type="image">
						<width>91</width>
						<height>45</height>
						<aspectratio>keep</aspectratio>
						<texture colordiffuse="LineLabel" fallback="indicator/fallback_ratio.png">$INFO[VideoPlayer.VideoAspect,indicator/aspectratio/,.png]</texture>
						<visible>!String.IsEmpty(VideoPlayer.VideoAspect) + Skin.HasSetting(videoosd.showcompact)</visible>
					</control>						
					<control type="image">
						<width>108</width>
						<height>45</height>
						<aspectratio>keep</aspectratio>
						<texture colordiffuse="LineLabel" fallback="indicator/fallback_resolution.png">$INFO[VideoPlayer.VideoResolution,indicator/resolution/,.png]</texture>
						<visible>!String.IsEmpty(VideoPlayer.VideoResolution) + Skin.HasSetting(videoosd.showcompact)</visible>
					</control>
					<control type="image">
						<width>108</width>
						<height>45</height>
						<aspectratio>keep</aspectratio>
						<texture colordiffuse="LineLabel" fallback="indicator/fallback_video.png">$INFO[VideoPlayer.VideoCodec,indicator/video/,.png]</texture>
						<visible>!String.IsEmpty(VideoPlayer.VideoCodec) + Skin.HasSetting(videoosd.showcompact)</visible>
					</control>   
					<control type="image">
						<width>108</width>
						<height>45</height>
						<aspectratio>keep</aspectratio>
						<texture colordiffuse="LineLabel" fallback="indicator/fallback_audio.png">$INFO[VideoPlayer.AudioCodec,indicator/audio/,.png]</texture>
						<visible>!String.IsEmpty(VideoPlayer.AudioCodec) + Skin.HasSetting(videoosd.showcompact)</visible>
					</control>						
					<control type="image">
						<width>108</width>
						<height>45</height>
						<aspectratio>keep</aspectratio>
						<visible>!String.IsEmpty(VideoPlayer.AudioChannels) + Skin.HasSetting(videoosd.showcompact)</visible>
						<texture colordiffuse="LineLabel" fallback="indicator/fallback_channels.png">$INFO[VideoPlayer.AudioChannels,indicator/channels/,.png]</texture>
					</control>
					<control type="image">
						<width>95</width>
						<height>45</height>
						<aspectratio>keep</aspectratio>
						<texture colordiffuse="LineLabel" fallback="indicator/fallback_source.png">indicator/bluray.png</texture>
						<visible>[String.Contains(Player.FilenameAndPath,bluray) | String.Contains(Player.FilenameAndPath,bdrip) | String.Contains(Player.FilenameAndPath,brrip) | String.Contains(Player.FilenameAndPath,bd25) | String.Contains(Player.FilenameAndPath,bd50)]</visible>
					</control>
					<control type="image">
						<width>95</width>
						<height>45</height>
						<aspectratio>keep</aspectratio>
						<texture colordiffuse="LineLabel" fallback="indicator/fallback_source.png">indicator/hddvd.png</texture>
						<visible>String.Contains(Player.FilenameAndPath,dvd) + String.Contains(Player.FilenameAndPath,hddvd)</visible>
					</control>
					<control type="image">
						<width>95</width>
						<height>45</height>
						<aspectratio>keep</aspectratio>
						<texture colordiffuse="LineLabel" fallback="indicator/fallback_source.png">indicator/dvd.png</texture>
						<visible>String.Contains(Player.FilenameAndPath,dvd) + !String.Contains(Player.FilenameAndPath,hddvd)</visible>
					</control>
					<control type="image">
						<width>70</width>
						<height>45</height>
						<aspectratio>keep</aspectratio>
						<texture colordiffuse="LineLabel" fallback="indicator/fallback_source.png">indicator/strm.png</texture>
						<visible>String.Contains(Player.FilenameAndPath,strm)</visible>
					</control>	
					<control type="image">
						<width>95</width>
						<height>45</height>
						<aspectratio>keep</aspectratio>
						<texture colordiffuse="LineLabel" fallback="indicator/fallback_source.png">indicator/hdtv.png</texture>
						<visible>String.Contains(Player.FilenameAndPath,tv) + [String.Contains(Player.FilenameAndPath,hdtv) | String.Contains(Player.FilenameAndPath,hd tv) | String.Contains(Player.FilenameAndPath,hd-tv)]</visible>
					</control>
					<control type="image">
						<width>95</width>
						<height>45</height>
						<aspectratio>keep</aspectratio>
						<texture colordiffuse="LineLabel" fallback="indicator/fallback_source.png">indicator/sdtv.png</texture>
						<visible>String.Contains(Player.FilenameAndPath,tv) + [String.Contains(Player.FilenameAndPath,sd-tv) | String.Contains(Player.FilenameAndPath,sdtv)]</visible>
					</control>							
					<control type="image">
						<width>95</width>
						<height>45</height>
						<aspectratio>keep</aspectratio>
						<texture colordiffuse="LineLabel" fallback="indicator/fallback_source.png">indicator/web-dl.png</texture>
						<visible>String.Contains(Player.FilenameAndPath,web) | String.Contains(Player.FilenameAndPath,webdl) | String.Contains(Player.FilenameAndPath,web-dl) | String.Contains(Player.FilenameAndPath,webrip)</visible>
					</control>			
				   <control type="image">
						<width>70</width>
						<height>45</height>
						<aspectratio>keep</aspectratio>
						<texture colordiffuse="LineLabel" fallback="indicator/fallback_source.png">indicator/strm.png</texture>
						<visible>!Player.HasAudio + !String.Contains(Player.FilenameAndPath,web) + !String.Contains(Player.FilenameAndPath,dvd) + !String.Contains(Player.FilenameAndPath,hd) + !String.Contains(Player.FilenameAndPath,bluray) + !String.Contains(Player.FilenameAndPath,br) + !String.Contains(Player.FilenameAndPath,bd) + !String.Contains(Player.FilenameAndPath,tv)</visible>
					</control>
					<control type="image">
						<width>45</width>
						<height>45</height>
						<aspectratio>keep</aspectratio>
						<visible>VideoPlayer.IsStereoscopic</visible>
						<texture colordiffuse="LineLabel" fallback="indicator/fallback_source.png">indicator/3D.png</texture>
					</control>
					<control type="image">
						<width>95</width>
						<height>45</height>
						<align>right</align>
						<centertop>50%</centertop>
						<font>Font-ListInfo-Small</font>
						<aspectratio>keep</aspectratio>
						<texture colordiffuse="LineLabel" background="true" fallback="indicator/mpaa/OSD/unrated.png">$VAR[OSDRating,indicator/mpaa/OSD/,.png]</texture>
						<visible>!Skin.HasSetting(disable.mpaa) + [!String.IsEmpty(VideoPlayer.MPAA) | !String.IsEmpty(Window(Home).Property(SkinHelper.Player.MPAA))]</visible>
					</control>					
					<control type="group">
						<width>108</width>
						<height>45</height>
						<aligny>center</aligny>
						<visible>!String.IsEmpty(Window(Home).Property(SkinHelper.Player.IMDB.Top250))</visible>
						<control type="image">
							<width>108</width>
							<height>45</height>
							<aspectratio>keep</aspectratio>
							<texture colordiffuse="LineLabel" fallback="indicator/imdb.png">indicator/top250frame.png</texture>
						</control>
						<control type="label">
							<right>5</right>
							<width>65</width>
							<height>45</height>
							<align>center</align>
							<font>Font-ListInfo-Small-Bold</font>
							<label colordiffuse="LineLabel">$INFO[Window(Home).Property(SkinHelper.Player.IMDB.Top250)]</label>
						</control>
					</control>
					<control type="image">
						<width>108</width>
						<height>45</height>
						<align>right</align>
						<font>Font-ListInfo-Small</font>
						<aspectratio>keep</aspectratio>				
						<texture colordiffuse="LineLabel">$VAR[PlayerRating,indicator/playerrating/,.png]</texture>
						<visible>!Skin.HasSetting(disable.rating) + !Player.HasAudio + [!String.IsEmpty(VideoPlayer.Rating) | !String.IsEmpty(Window(Home).Property(SkinHelper.Player.Rating))]</visible>
						<visible>Skin.HasSetting(eminosd)</visible>
					</control>
				</control>
				 <!--<control type="image"><!-- פוסטר חלון מידע קופצני  -->
				        <!--<top>37</top>
                        <width>150</width>
                        <height>150</height>
                        <right>80</right>
                        <texture background="true" diffuse="home2/cdart-mask.png">$VAR[PlayerPoster]</texture>
                        <visible>!VideoPlayer.Content(LiveTV)</visible>
						<animation effect="slide" start="200" end="0" time="350" delay="10">WindowOpen</animation>
			<animation effect="rotate" center="auto" start="0" end="-10800" time="500000" loop="true" reversible="false" pulse="true" delay="400" condition="True">Conditional</animation>
					<fadetime>300</fadetime>
								<visible>String.IsEmpty(ListItem.Art(discart))</visible>
			<include>Animation_FadeOut</include>
			<include>Animation_FadeIn</include>
				</control>-->
                <control type="image"><!-- פוסטר חלון מידע קופצני  -->
                        <width>248</width>
                        <height>260</height>
                        <right>-13</right>
                        <texture fallback="DefaultVideoPlayer.png">$VAR[PlayerPoster]</texture>
                        <visible>!VideoPlayer.Content(LiveTV)</visible>
						<visible>Skin.HasSetting(eminosd)</visible>
                </control>
                <!-- <control type="image">
                	    <top>37</top>
                        <width>168</width>
						<right>-13</right>
                        <height>168</height>
                        <aspectratio>keep</aspectratio>
                        <texture fallback="DefaultVideoPlayer.png">$INFO[Player.Art(thumb)]</texture>
                        <visible>VideoPlayer.Content(LiveTV)</visible>
                </control> -->
				
                <!-- מיקום המידע חלון מידע קופצני  --> 
                <control type="grouplist">
				<visible>Skin.HasSetting(eminosd)</visible>
                    <usecontrolcoords>true</usecontrolcoords>
                    <itemgap>pad</itemgap>
                    <orientation>vertical</orientation>                   
                    <left>0</left>                    
                    <right>0</right>
                    <!--<top>pad</top>-->
                    <bottom>pad</bottom>  
					<visible>!Skin.HasSetting(videoosd.moreinfo) + !VideoPlayer.Content(LiveTV) | !Skin.HasSetting(pvr.infoepg) + VideoPlayer.Content(LiveTV)</visible>		
                    <control type="label"><!-- כותרת הסרט - חלון קופצני -->
                        <top>-3</top>
                        <left>pad</left>
                        <right>240</right>
                        <align>right</align>
                        <height>36</height>
                        <font>Font-InfoBox-Title</font>
						<visible>!VideoPlayer.Content(LiveTV)</visible>
                        <label fallback="19033">$INFO[Player.Title]</label><!--ME-->
                    </control>
                    <control type="label"><!-- יישור לימין כותרת חלון קופצני -->
                        <left>pad</left>
						<top>-47</top>
                        <right>700</right>
                        <align>right</align>
                        <height>34</height>
                        <font>Font-ListInfo-Small-Bold</font>
                        <label>[UPPERCASE][COLOR=$VAR[HighlightColor2]]$INFO[VideoPlayer.Genre][/COLOR][/UPPERCASE]</label>
                        <visible>String.IsEmpty(VideoPlayer.Season)</visible>
						<visible>!VideoPlayer.Content(LiveTV)</visible>
                    </control>
                    <control type="label">
					
                        <left>pad</left>
                        <right>580</right>
                        <height>32</height>
                        <font>Font-ListInfo-Small-Bold</font>
                        <label>[UPPERCASE][COLOR=$VAR[HighlightColor2]]$INFO[VideoPlayer.Genre,,  -  ]$INFO[VideoPlayer.Season,$LOCALIZE[20373] , ]$INFO[VideoPlayer.Episode,$LOCALIZE[20359] , ][/COLOR][/UPPERCASE]</label>
                        <visible>!String.IsEmpty(VideoPlayer.Season)</visible>
						<visible>!VideoPlayer.Content(LiveTV)</visible>
                    </control>
                    
                    <control type="textbox"><!-- יישור לימין טקסט הסרט - חלון מידע קופצני -->
                        <left>pad</left>
						<top>-5</top>
                        <right>240</right>
                        <height>215</height>
                        <font>Font-ListInfo5</font>
                        <align>right</align>
                        <label>$INFO[VideoPlayer.Plot]</label>
						<visible>!VideoPlayer.Content(LiveTV)</visible>
                    </control>
                    <control type="textbox"><!-- יישור לימין טקסט הסרט - חלון מידע קופצני -->
                        <left>pad</left>
						<top>15</top>
                        <right>40</right>
                        <height>180</height>
                        <font>Font-ListInfo6</font>
                        <align>right</align>
                        <label>$INFO[VideoPlayer.Plot]</label>
						<visible>VideoPlayer.Content(LiveTV)</visible>
                    </control>
                </control>
            </control>
            <control type="progress" description="cache">
			<visible>Window.IsVisible(musicosd) | Skin.HasSetting(eminosd)</visible>
                <width>100%</width>
                <bottom>0</bottom>
                <height>16</height>
                <info>Player.ProgressCache</info>
                <visible>true</visible>             
				<visible>!VideoPlayer.Content(LiveTV)</visible>				
                <texturebg colordiffuse="HomeBarBG">osd/progress-bg.png</texturebg>
                <lefttexture colordiffuse="$VAR[HighlightColor2]">osd/progress-end.png</lefttexture>
                <midtexture colordiffuse="fff0f0f0">osd/progress-end.png</midtexture>
                <righttexture colordiffuse="fff0f0f0">osd/progress-end.png</righttexture>               				
            </control>
            <control type="progress" id="23">
			<visible>Window.IsVisible(musicosd) | Skin.HasSetting(eminosd)</visible>
			<visible>!VideoPlayer.Content(LiveTV)</visible>
                <width>100%</width>
                <bottom>0</bottom>
                <height>16</height>
                <info>Player.Progress</info>
                <visible>!Player.Seeking</visible>
            </control>
            <control type="progress" id="401">
			<visible>Window.IsVisible(musicosd) | Skin.HasSetting(eminosd)</visible>
			<visible>!VideoPlayer.Content(LiveTV)</visible>
                <width>100%</width>
                <bottom>0</bottom>
                <height>16</height>
                <visible>Player.Seeking</visible>
            </control>    
            
            
            <control type="group">
		<visible>Window.IsVisible(musicosd) | Skin.HasSetting(eminosd)</visible>
                <animation effect="slide" end="19" condition="Integer.IsGreater(Control.GetLabel(401),1)">Conditional</animation>
                <animation effect="slide" end="19" condition="Integer.IsGreater(Control.GetLabel(401),2)">Conditional</animation>
                <animation effect="slide" end="19" condition="Integer.IsGreater(Control.GetLabel(401),3)">Conditional</animation>
                <animation effect="slide" end="19" condition="Integer.IsGreater(Control.GetLabel(401),4)">Conditional</animation>
                <animation effect="slide" end="19" condition="Integer.IsGreater(Control.GetLabel(401),5)">Conditional</animation>
                <animation effect="slide" end="19" condition="Integer.IsGreater(Control.GetLabel(401),6)">Conditional</animation>
                <animation effect="slide" end="19" condition="Integer.IsGreater(Control.GetLabel(401),7)">Conditional</animation>
                <animation effect="slide" end="19" condition="Integer.IsGreater(Control.GetLabel(401),8)">Conditional</animation>
                <animation effect="slide" end="19" condition="Integer.IsGreater(Control.GetLabel(401),9)">Conditional</animation>
                <animation effect="slide" end="19" condition="Integer.IsGreater(Control.GetLabel(401),10)">Conditional</animation>
                <animation effect="slide" end="19" condition="Integer.IsGreater(Control.GetLabel(401),11)">Conditional</animation>
                <animation effect="slide" end="19" condition="Integer.IsGreater(Control.GetLabel(401),12)">Conditional</animation>
                <animation effect="slide" end="19" condition="Integer.IsGreater(Control.GetLabel(401),13)">Conditional</animation>
                <animation effect="slide" end="19" condition="Integer.IsGreater(Control.GetLabel(401),14)">Conditional</animation>
                <animation effect="slide" end="19" condition="Integer.IsGreater(Control.GetLabel(401),15)">Conditional</animation>
                <animation effect="slide" end="19" condition="Integer.IsGreater(Control.GetLabel(401),16)">Conditional</animation>
                <animation effect="slide" end="19" condition="Integer.IsGreater(Control.GetLabel(401),17)">Conditional</animation>
                <animation effect="slide" end="19" condition="Integer.IsGreater(Control.GetLabel(401),18)">Conditional</animation>
                <animation effect="slide" end="19" condition="Integer.IsGreater(Control.GetLabel(401),19)">Conditional</animation>
                <animation effect="slide" end="19" condition="Integer.IsGreater(Control.GetLabel(401),20)">Conditional</animation>
                <animation effect="slide" end="19" condition="Integer.IsGreater(Control.GetLabel(401),21)">Conditional</animation>
                <animation effect="slide" end="19" condition="Integer.IsGreater(Control.GetLabel(401),22)">Conditional</animation>
                <animation effect="slide" end="19" condition="Integer.IsGreater(Control.GetLabel(401),23)">Conditional</animation>
                <animation effect="slide" end="19" condition="Integer.IsGreater(Control.GetLabel(401),24)">Conditional</animation>
                <animation effect="slide" end="19" condition="Integer.IsGreater(Control.GetLabel(401),25)">Conditional</animation>
                <animation effect="slide" end="19" condition="Integer.IsGreater(Control.GetLabel(401),26)">Conditional</animation>
                <animation effect="slide" end="19" condition="Integer.IsGreater(Control.GetLabel(401),27)">Conditional</animation>
                <animation effect="slide" end="19" condition="Integer.IsGreater(Control.GetLabel(401),28)">Conditional</animation>
                <animation effect="slide" end="19" condition="Integer.IsGreater(Control.GetLabel(401),29)">Conditional</animation>
                <animation effect="slide" end="19" condition="Integer.IsGreater(Control.GetLabel(401),30)">Conditional</animation>
                <animation effect="slide" end="19" condition="Integer.IsGreater(Control.GetLabel(401),31)">Conditional</animation>
                <animation effect="slide" end="19" condition="Integer.IsGreater(Control.GetLabel(401),32)">Conditional</animation>
                <animation effect="slide" end="19" condition="Integer.IsGreater(Control.GetLabel(401),33)">Conditional</animation>
                <animation effect="slide" end="19" condition="Integer.IsGreater(Control.GetLabel(401),34)">Conditional</animation>
                <animation effect="slide" end="19" condition="Integer.IsGreater(Control.GetLabel(401),35)">Conditional</animation>
                <animation effect="slide" end="19" condition="Integer.IsGreater(Control.GetLabel(401),36)">Conditional</animation>
                <animation effect="slide" end="19" condition="Integer.IsGreater(Control.GetLabel(401),37)">Conditional</animation>
                <animation effect="slide" end="19" condition="Integer.IsGreater(Control.GetLabel(401),38)">Conditional</animation>
                <animation effect="slide" end="19" condition="Integer.IsGreater(Control.GetLabel(401),39)">Conditional</animation>
                <animation effect="slide" end="19" condition="Integer.IsGreater(Control.GetLabel(401),40)">Conditional</animation>
                <animation effect="slide" end="19" condition="Integer.IsGreater(Control.GetLabel(401),41)">Conditional</animation>
                <animation effect="slide" end="19" condition="Integer.IsGreater(Control.GetLabel(401),42)">Conditional</animation>
                <animation effect="slide" end="19" condition="Integer.IsGreater(Control.GetLabel(401),43)">Conditional</animation>
                <animation effect="slide" end="19" condition="Integer.IsGreater(Control.GetLabel(401),44)">Conditional</animation>
                <animation effect="slide" end="19" condition="Integer.IsGreater(Control.GetLabel(401),45)">Conditional</animation>
                <animation effect="slide" end="19" condition="Integer.IsGreater(Control.GetLabel(401),46)">Conditional</animation>
                <animation effect="slide" end="19" condition="Integer.IsGreater(Control.GetLabel(401),47)">Conditional</animation>
                <animation effect="slide" end="19" condition="Integer.IsGreater(Control.GetLabel(401),48)">Conditional</animation>
                <animation effect="slide" end="19" condition="Integer.IsGreater(Control.GetLabel(401),49)">Conditional</animation>
                <animation effect="slide" end="19" condition="Integer.IsGreater(Control.GetLabel(401),50)">Conditional</animation>
                <animation effect="slide" end="19" condition="Integer.IsGreater(Control.GetLabel(401),51)">Conditional</animation>
                <animation effect="slide" end="19" condition="Integer.IsGreater(Control.GetLabel(401),52)">Conditional</animation>
                <animation effect="slide" end="19" condition="Integer.IsGreater(Control.GetLabel(401),53)">Conditional</animation>
                <animation effect="slide" end="19" condition="Integer.IsGreater(Control.GetLabel(401),54)">Conditional</animation>
                <animation effect="slide" end="19" condition="Integer.IsGreater(Control.GetLabel(401),55)">Conditional</animation>
                <animation effect="slide" end="19" condition="Integer.IsGreater(Control.GetLabel(401),56)">Conditional</animation>
                <animation effect="slide" end="19" condition="Integer.IsGreater(Control.GetLabel(401),57)">Conditional</animation>
                <animation effect="slide" end="19" condition="Integer.IsGreater(Control.GetLabel(401),58)">Conditional</animation>
                <animation effect="slide" end="19" condition="Integer.IsGreater(Control.GetLabel(401),59)">Conditional</animation>
                <animation effect="slide" end="19" condition="Integer.IsGreater(Control.GetLabel(401),60)">Conditional</animation>
                <animation effect="slide" end="19" condition="Integer.IsGreater(Control.GetLabel(401),61)">Conditional</animation>
                <animation effect="slide" end="19" condition="Integer.IsGreater(Control.GetLabel(401),62)">Conditional</animation>
                <animation effect="slide" end="19" condition="Integer.IsGreater(Control.GetLabel(401),63)">Conditional</animation>
                <animation effect="slide" end="19" condition="Integer.IsGreater(Control.GetLabel(401),64)">Conditional</animation>
                <animation effect="slide" end="19" condition="Integer.IsGreater(Control.GetLabel(401),65)">Conditional</animation>
                <animation effect="slide" end="19" condition="Integer.IsGreater(Control.GetLabel(401),66)">Conditional</animation>
                <animation effect="slide" end="19" condition="Integer.IsGreater(Control.GetLabel(401),67)">Conditional</animation>
                <animation effect="slide" end="19" condition="Integer.IsGreater(Control.GetLabel(401),68)">Conditional</animation>
                <animation effect="slide" end="19" condition="Integer.IsGreater(Control.GetLabel(401),69)">Conditional</animation>
                <animation effect="slide" end="19" condition="Integer.IsGreater(Control.GetLabel(401),70)">Conditional</animation>
                <animation effect="slide" end="19" condition="Integer.IsGreater(Control.GetLabel(401),71)">Conditional</animation>
                <animation effect="slide" end="19" condition="Integer.IsGreater(Control.GetLabel(401),72)">Conditional</animation>
                <animation effect="slide" end="19" condition="Integer.IsGreater(Control.GetLabel(401),73)">Conditional</animation>
                <animation effect="slide" end="19" condition="Integer.IsGreater(Control.GetLabel(401),74)">Conditional</animation>
                <animation effect="slide" end="19" condition="Integer.IsGreater(Control.GetLabel(401),75)">Conditional</animation>
                <animation effect="slide" end="19" condition="Integer.IsGreater(Control.GetLabel(401),76)">Conditional</animation>
                <animation effect="slide" end="19" condition="Integer.IsGreater(Control.GetLabel(401),77)">Conditional</animation>
                <animation effect="slide" end="19" condition="Integer.IsGreater(Control.GetLabel(401),78)">Conditional</animation>
                <animation effect="slide" end="19" condition="Integer.IsGreater(Control.GetLabel(401),79)">Conditional</animation>
                <animation effect="slide" end="19" condition="Integer.IsGreater(Control.GetLabel(401),80)">Conditional</animation>
                <animation effect="slide" end="19" condition="Integer.IsGreater(Control.GetLabel(401),81)">Conditional</animation>
                <animation effect="slide" end="19" condition="Integer.IsGreater(Control.GetLabel(401),82)">Conditional</animation>
                <animation effect="slide" end="19" condition="Integer.IsGreater(Control.GetLabel(401),83)">Conditional</animation>
                <animation effect="slide" end="19" condition="Integer.IsGreater(Control.GetLabel(401),84)">Conditional</animation>
                <animation effect="slide" end="19" condition="Integer.IsGreater(Control.GetLabel(401),85)">Conditional</animation>
                <animation effect="slide" end="19" condition="Integer.IsGreater(Control.GetLabel(401),86)">Conditional</animation>
                <animation effect="slide" end="19" condition="Integer.IsGreater(Control.GetLabel(401),87)">Conditional</animation>
                <animation effect="slide" end="19" condition="Integer.IsGreater(Control.GetLabel(401),88)">Conditional</animation>
                <animation effect="slide" end="19" condition="Integer.IsGreater(Control.GetLabel(401),89)">Conditional</animation>
                <animation effect="slide" end="19" condition="Integer.IsGreater(Control.GetLabel(401),90)">Conditional</animation>
                <animation effect="slide" end="19" condition="Integer.IsGreater(Control.GetLabel(401),91)">Conditional</animation>
                <animation effect="slide" end="19" condition="Integer.IsGreater(Control.GetLabel(401),92)">Conditional</animation>
                <left>20</left>
                <bottom>16</bottom>
                <height>64</height>
                <width>140</width>
                <control type="image">
                    <width>100%</width>
                    <height>100%</height>
<!-- Modification Texture -->                    
                    <texture colordiffuse="$VAR[HighlightColor]">common/bubble.png</texture>
                </control>
                <control type="label">
                    <left>0</left>
                    <right>0</right>
                    <label>$VAR[Label_SeekStep]</label>
                    <height>30</height>
                    <top>8</top>
                    <align>center</align>
                    <font>Font-ListInfo-Small-Bold</font>
					<visible>Skin.HasSetting(eminosd)</visible>
<!-- Modification Textcolor -->                    
                    <textcolor>Selected</textcolor>
                </control>
                <visible>Player.Seeking | Player.DisplayAfterSeek | Player.Forwarding | Player.Rewinding</visible>
				<visible>Skin.HasSetting(eminosd)</visible>
                <include condition="Skin.HasSetting(eminosd)">Animation_FadeIn</include>
                <animation effect="fade" start="100" end="0" time="200" delay="0">Hidden</animation>
            </control>
        </control>
		<include condition="VideoPlayer.Content(LiveTV) + Skin.HasSetting(eminosd)">FullScreenInfoBarLiveTV</include>
    </controls>
	
	
	
	<!-- נטפליקס -->
    <zorder>0</zorder>
    <visible>[VideoPlayer.IsFullscreen | Window.IsVisible(MusicVisualisation.xml)] + [Window.IsVisible(videoosd) | Window.IsVisible(musicosd) | Player.Caching | Player.ShowInfo | Player.Seeking | Player.DisplayAfterSeek | Player.Paused | Player.Forwarding | Player.Rewinding | Window.IsActive(DialogFullScreenInfo.xml) | Window.IsVisible(DialogPlayerProcessInfo.xml) | !String.IsEmpty(Window(Home).Property(OSDInfo)) | [!Skin.HasSetting(DisableMusicVideoAutoInfo) + Window.IsVisible(VideoFullScreen.xml) + VideoPlayer.Content(musicvideos)]]</visible>
	<visible>!Window.IsVisible(DialogSlider.xml)</visible>
	<!-- <visible>!Skin.HasSetting(netflixosd))</visible> -->
    <animation effect="fade" start="0" end="100" time="300">WindowOpen</animation>
    <animation effect="fade" end="0" start="100" time="300">WindowClose</animation>
    <animation effect="fade" start="0" end="100" time="300">VisibleChange</animation>
    <controls>
        
        <control type="group">
		<visible>!Skin.HasSetting(netflixosd)</visible>
            <visible>!Integer.IsEqual(Player.CacheLevel,100)</visible>
            <visible>!Player.Seeking + !Player.DisplayAfterSeek</visible>
            <visible>Player.Caching</visible>
            <include condition="!Skin.HasSetting(netflixosd)">Global_Overlay</include>
            <control type="group">
                <height>170</height>
                <width>720</width>
                <centerleft>50%</centerleft>
                <centertop>50%</centertop>
                <control type="image">
                    <description>Busy animation</description>
                    <centerleft>50%</centerleft>
                    <top>0</top>
                    <width>100</width>
                    <height>100</height>
                    <texture>dialog/loading-back-dl.png</texture>
                    <aspectratio>keep</aspectratio>
                </control>
                <control type="image">
                    <centerleft>50%</centerleft>
                    <top>0</top>
                    <width>100</width>
                    <height>100</height>
                    <texture colordiffuse="$VAR[ColorHighlight2]">$INFO[Player.CacheLevel,progress/circle/p,.png]</texture>
                    <aspectratio align="center">keep</aspectratio>
                </control>
                <control type="image">
                    <centerleft>50%</centerleft>
                    <top>0</top>
                    <width>100</width>
                    <height>100</height>
                    <texture colordiffuse="$VAR[ColorHighlight]">$INFO[Player.CacheLevel,progress/circle/p,.png]</texture>
                    <aspectratio align="center">keep</aspectratio>
                    <include content="Defs_Progress_Colorfade">
                        <param name="id" value="6655" />
                    </include>
                </control>
                <control type="label" id="6655">
                    <description>Busy label</description>
                    <centerleft>50%</centerleft>
                    <bottom>0</bottom>
                    <width>720</width>
                    <height>100</height>
                    <aligny>center</aligny>
                    <align>center</align>
                    <label>$LOCALIZE[439] $INFO[Player.CacheLevel,, %]</label>
                    <textcolor>ffededed</textcolor>
                </control>
            </control>
        </control>

        <include condition="Window.IsVisible(VideoFullScreen.xml) + !Skin.HasSetting(netflixosd)">OSD_Video_Seekbar</include>
        <include condition="Window.IsVisible(VideoFullScreen.xml) + !Skin.HasSetting(netflixosd)" content="OSD_Music_Info">
            <param name="player" value="VideoPlayer" />
            <param name="rating" value="VideoPlayer.Rating" />
            <param name="artwork" value="VideoPlayer.Cover" />
        </include>
    </controls>

</window>