<?xml version="1.0" encoding="UTF-8"?>
<window>
    <defaultcontrol always="true">450</defaultcontrol>
    <controls>
	<include>DefMenuMouse3</include>
        <include>GlobalOverlay</include>
        <control type="group">
            <include>Animation_SlideIn</include>
            <include>Animation_FadeOut</include>
            <centerleft>50%</centerleft>
            <width>1400</width>
            <bottom>100</bottom>
            <height>710</height>
            <control type="image">
				<width>1400</width>
				<height>740</height>
				<texture border="40">dialogs/default/bg.png</texture>
			</control>
            <include content="Dialog_Top_IconHeader">
                <param name="label" value="$LOCALIZE[1036]" />
                <param name="icon" value="special://skin/extras/icons/favourites.png" />
            </include>
            <control type="image">
                <left>side</left>
                <bottom>side</bottom>
                <width>414</width>
                <height>612</height>
                <texture colordiffuse="PosterBorder">common/white.png</texture>
            </control>
            <control type="image">
                <left>side</left>
                <bottom>side</bottom>
                <width>414</width>
                <height>614</height>
                <aspectratio>keep</aspectratio>
                <texture background="true" fallback="DefaultAddon.png">$INFO[Container(450).ListItem.Icon]</texture>
            </control>
            <include content="Dialog_FavouriteList4">
                <param name="id" value="450" />
                <param name="moveid" value="noop" />
            </include>

        </control>
    </controls>

</window>