<?xml version="1.0" encoding="UTF-8"?>
<window>
    <defaultcontrol always="true">9000</defaultcontrol>
    <controls>
        <control type="group">
            <include>Dialog_Top</include>
            <include condition="String.IsEmpty(Skin.String(SubmenuStyle)) | Skin.String(SubmenuStyle, Large)">Dialog_Background_Home_Small</include>
            <include condition="Skin.String(SubmenuStyle, Small)">Dialog_Background_Home_Small</include>
            <include content="Dialog_Top_IconHeader_Home" condition="String.IsEmpty(Skin.String(SubmenuStyle)) | Skin.String(SubmenuStyle, Large)">
                <param name="label" value="$LOCALIZE[33060]" />
                <param name="icon" value="special://skin/extras/icons/power.png" />
            </include>
            <include content="Dialog_Top_IconHeader_Home_Small" condition="Skin.String(SubmenuStyle, Small)">
                <param name="icon" value="special://skin/extras/icons/power.png" />
            </include>
            <include content="Dialog_Top_Arrows_Home" condition="String.IsEmpty(Skin.String(SubmenuStyle)) | Skin.String(SubmenuStyle, Large)">
                <param name="id" value="9000" />
            </include>
            <include content="Dialog_Top_Arrows_Home_Small" condition="Skin.String(SubmenuStyle, Small)">
                <param name="id" value="9000" />
            </include>   

            <control type="list" id="9000">
			<include condition="Skin.String(SubmenuStyle, Small)">Dialog_Top_PowerMenu_Small</include>
                <include condition="String.IsEmpty(Skin.String(SubmenuStyle)) | Skin.String(SubmenuStyle, Small)">Dialog_Top_PowerMenu_Small</include>
             
                <content><include>skinshortcuts-group-powermenu</include></content>
            </control>

        </control>
    </controls>
</window>