<?xml version="1.0" encoding="UTF-8"?>
<window>
	<controls>
		<include>GlobalOverlay</include>
		<control type="group">
			<left>400</left>
			<right>400</right>
			<centertop>50%</centertop>
			<height>400</height>
			 <control type="image">
				<top>-10</top>
				 <left>-5</left>
				<width>1140</width>
				<height>420</height>
				<texture border="40">dialogs/default/bg.png</texture>
			</control>
			<include>Animation_SlideIn_Bounce</include>
			<include>Animation_FadeOut</include>
			<!-- Heading -->
			<!--<control type="label" id="1"><left>64</left><right>64</right><top>40</top><height>60</height><aligny>center</aligny><align>left</align></control>-->
			<include content="Dialog_Top_IconHeader">
				<param name="label" value="$INFO[Control.GetLabel(1)]" />
				<param name="icon" value="special://skin/extras/icons/kodi.png" />
			</include>
			<control type="label" id="1">
				<visible>false</visible>
				<font>-</font>
			</control>
			<!-- Details -->
			<control type="textbox" id="9">
				<left>90</left>
				<right>90</right>
				<top>70</top>
				<bottom>186</bottom>
				<align>right</align>
				<font>Font-ListInfo5</font>
			</control>
			<control type="progress" id="20">
				<left>90</left>
				<bottom>152</bottom>
				<right>90</right>
				<height>20</height>
				<info>System.Progressbar</info>
			</control>
			<control type="grouplist">
				<align>center</align>
				<bottom>40</bottom>
				<height>69</height>
				<orientation>horizontal</orientation>
				<itemgap>side</itemgap>
				<control type="button" id="11">
					<align>center</align>
					<width>300</width>
					<label>107</label>
					<include>Defs_OptionButton2</include>
				</control>
				<control type="button" id="10">
					<align>center</align>
					<width>300</width>
					<label>106</label>
					<include>Defs_OptionButton2</include>
				</control>
				<control type="button" id="12">
					<align>center</align>
					<width>300</width>
					<label>106</label>
					<include>Defs_OptionButton2</include>
				</control>
			</control>
		</control>
	</controls>
</window>