<?xml version="1.0" encoding="UTF-8"?>
<includes>
	<include name="skin_pheno">
			<include condition="!Skin.HasSetting(backgroundwallpaper)">Global_Background</include>
			<include condition="Skin.HasSetting(backgroundwallpaper)">BackgroundLocation</include>
 		<control type="multiimage">
			<posx>0</posx>
			<posy>0</posy>
			<width>1920</width>
			<height>1080</height>
			<imagepath background="true">$VAR[varBackground]</imagepath>
			<aspectratio aligny="top">scale</aspectratio>
			<timeperimage>5000</timeperimage>
			<randomize>true</randomize>
			<fadetime>600</fadetime>
			<visible>!Player.HasVideo + !Player.HasAudio + !Control.HasFocus(9001)</visible>
		</control> -->
<!-- 		<control type="multiimage">
			<posx>0</posx>
			<posy>0</posy>
			<width>1920</width>
			<height>1080</height>
			<imagepath background="true">$VAR[varBackground23]</imagepath>
			<aspectratio aligny="top">scale</aspectratio>
			<timeperimage>5000</timeperimage>
			<randomize>true</randomize>
			<fadetime>600</fadetime>
			<visible>!Player.HasVideo + !Player.HasAudio + Control.HasFocus(9001)</visible>
		</control> -->
 				<control type="multiimage">
					<posx>0</posx>
					<posy>0</posy>
					<width>1388</width>
					<height>860</height>
					<imagepath background="true">$VAR[fanart_bg]</imagepath>
					<aspectratio>scale</aspectratio>
					<timeperimage>5000</timeperimage>
					<randomize>true</randomize>
					<fadetime>650</fadetime>
					<visible>!Player.HasVideo + !Skin.HasSetting(fanart_trans)</visible>
				</control> -->
		<control type="image">
			<posx>0</posx>
			<posy>0</posy>
			<width>1920</width>
			<height>1080</height>
			<texture background="true">special://skin/backgrounds/music.jpg</texture>
			<visible>Player.HasAudio + !String.IsEmpty(Window(Visualisation).Property(ArtistSlideshow)) + !String.IsEmpty(Window(Visualisation).Property(ArtistSlideshowTransparent))</visible>
		</control>
		<control type="multiimage">
			<posx>0</posx>
			<posy>0</posy>
			<width>1920</width>
			<height>1080</height>
			<imagepath fallback="special://skin/backgrounds/music.jpg" background="true">$VAR[ArtistSlide]</imagepath>
			<aspectratio aligny="top">scale</aspectratio>
			<timeperimage>5000</timeperimage>
			<randomize>true</randomize>
			<fadetime>600</fadetime>
			<visible>Player.HasAudio</visible>
		</control>
		<include>hex_fanart</include>
		<include>FS_Video</include>
		<control type="visualisation">
			<description>visualisation</description>
			<posx>0</posx>
			<posy>0</posy>
			<width>1920</width>
			<height>1080</height>
			<visible>Player.HasAudio + String.IsEmpty(Window(Videos).Property(PlayingBackgroundMedia))</visible>
		</control>
		<control type="group">
			<include condition="system.getbool(lookandfeel.enablerssfeeds) + !Skin.HasSetting(Home_Horizontal)">RSS</include>
			<include condition="Skin.HasSetting(Home_Horizontal)">Home_Horizontal</include>
			<include condition="!Skin.HasSetting(Home_Horizontal)">Home_Vertical</include>
			<!-- <include condition="system.getbool(lookandfeel.enablerssfeeds) + Skin.HasSetting(Home_Horizontal)">RSS</include> -->
			<include>top_bar_home</include>
			
			<control type="label">
				<description>Widget Debug</description>
				<posx>10</posx>
				<width>1910</width>
				<height>802</height>
				<textcolor>white</textcolor>
				<shadowcolor>black</shadowcolor>
				<font>font13</font>
				<align>left</align>
				<label>Parent: $INFO[Container(9000).ListItem.Property(ParentalControl)] [CR] mypassword: $INFO[Skin.String(mypassword)] passcode: $INFO[Skin.String(passcode)] [CR]Property(Background):[CR] $INFO[Container(9000).ListItem.Property(Background)] [CR] special://skin/backgrounds/weather/$INFO[Window(Weather).Property(Current.FanartCode)]/weather-$INFO[Window(Weather).Property(Current.FanartCode)].jpg [CR] widgetType: $INFO[Container(9000).ListItem.Property(widgetType)] [CR]widgetTarget: $INFO[Container(9000).ListItem.Property(widgetTarget)] [CR]Path: $INFO[Container(9000).ListItem.Property(widgetPath)] [CR]Widget: $INFO[Container(9000).ListItem.Property(Widget)] [CR]Type: $INFO[Container(9000).ListItem.Property(widgetType)]</label>
				<visible>False</visible>
			</control>
		</control>
	</include>
	
	
</includes>
