<?xml version="1.0" encoding="UTF-8"?>
<!-- Foundation -->
<window id="0">
	<defaultcontrol always="true">9000</defaultcontrol>
	<!-- <defaultcontrol always="false">1000</defaultcontrol> -->
	<onload condition="!System.HasAddon(script.skinshortcuts) + !Skin.HasSetting(NOX)">SetProperty(MissingDependency,True,Home)</onload>
<!-- 	<onload condition="!System.HasAddon(script.skinshortcuts)">ActivateWindow(1142)</onload> -->
	<onload condition="System.HasAddon(script.skinshortcuts) + !Skin.HasSetting(AskedDefaultBackground) + !Skin.HasSetting(NOX)">SetProperty(AskDefaultBackground,True,Home)</onload>
    
	<onload>RunScript(script.skinshortcuts,type=buildxml&amp;mainmenuID=9000&amp;levels=2&amp;group=mainmenu|x1101|x1102|x1103|x1104|x1105|x1106|x1107|x1108|x1109|x1110|x1111|x1112|x1113|x1114|x1115|x1116|x1117|x1118|x1119|x1120|x1121|x1122|x1123|x1124|x1125|x1126|x1127|x1128|powermenu|quicknav)</onload>
	<onload>ClearProperty(quicknavsetup,home)</onload>  
	<!-- <onunload>ClearProperty(SkinHelper.WidgetContainer,Home)</onunload> -->
    <include>DefaultSkinSettings</include>
    <include condition="Skin.HasSetting(KeepWidgetFocus)">WidgetPlaybackFocus</include>
	<include condition="Skin.String(widgets_rotate) + !Skin.String(widgets_rotate,disabled)">WidgetsAutoRotateUnload</include>
    <onunload condition="!Skin.HasSetting(SectionBackgroundHomeOnly)">SetProperty(SectionBackground,$INFO[Control.GetLabel(99004)])</onunload>
    <!-- auto close homemenu and focus mainmenu when home is unloaded -->
    <onunload>ClearProperty(submenu,Home)</onunload>
    <onunload>ClearProperty(ShowWidget,Home)</onunload>
    <onunload>ClearProperty(ShowViewSubMenu,Home)</onunload>
    <onunload>ClearProperty(SkinHelper.WidgetContainer,Home)</onunload>
    <onload condition="Skin.String(HomeLayout,netflix2)">SetProperty(netflixview,active,Home)</onload>
    <onunload>ClearProperty(netflixview, Home)</onunload>

	
	
    <controls>
 		<include condition="Skin.String(HomeS, nox)" content="skin_nox">
            <param name="HomeS" value="home" />
        </include>
		<include condition="Skin.String(HomeS, emin)" content="skin_emin">
            <param name="HomeS" value="home" />
        </include>
		<include condition="Skin.String(HomeS, pheno)" content="skin_pheno">
            <param name="HomeS" value="home" />
        </include>
		<include condition="Skin.String(HomeS, netflix)" content="skin_netflix">
            <param name="HomeS" value="home" />
        </include>
		<include condition="Skin.String(HomeS, pellucid)" content="skin_pell">
            <param name="HomeS" value="home" />
        </include>
		<include condition="Skin.String(HomeS, pellucid2)" content="skin_pell2">
            <param name="HomeS" value="home" />
        </include>
		<include condition="Skin.String(HomeS, titan)" content="skin_titan">
            <param name="HomeS" value="home" />
        </include>
		<include condition="Skin.String(HomeS, nebula)" content="skin_nebula">
            <param name="HomeS" value="home" />
        </include>
		<include condition="Skin.String(HomeS, noxtitan)" content="skin_nox_titan">
            <param name="HomeS" value="home" />
        </include>
    </controls>
	
	
	

	
	<!-- פנומנל -->
 	<!-- <controls> -->

		<!-- <include>skin_pell</include> -->
<!-- 		  <include condition="Skin.HasSetting(EMIN)">skin_emin</include>
		   <include condition="Skin.HasSetting(pheno)">skin_pheno</include>
		    <include condition="Skin.HasSetting(AURA)">skin_netflix</include> -->
	<!-- </controls> -->
	

 
</window>
