<?xml version="1.0" encoding="UTF-8"?>
<includes>
	<include name="skin_emin">
    <onload>ClearProperty(Header.Label,home)</onload>
    <onload>ClearProperty(Header.Icon,home)</onload>
    <onload>ClearProperty(HighlightColor,home)</onload>   
    <onload>ClearProperty(TextColor,home)</onload>
    <onload>ClearProperty(FO9001)</onload>
    <onload>ClearProperty(extinfo,home)</onload>
	<onload>ClearProperty(quicknavsetup,home)</onload>  
    <onload>SetProperty(HubReturn,Home)</onload>
    <onload>SetProperty(SkinHelper.WidgetContainer,99001)</onload>    
    <onload condition="String.IsEmpty(Skin.String(HomeStyle))">Skin.SetString(HomeStyle, beveled)</onload>
	<onload condition="String.IsEmpty(Skin.String(WidgetStyle))">Skin.SetString(WidgetStyle, beveledwidget)</onload>
    <onload condition="!String.IsEmpty(Skin.String(home.headericon))">SetProperty(Header.Icon,$INFO[Skin.String(home.headericon)])</onload>
    <onload condition="!String.IsEmpty(Skin.String(home.headertext))">SetProperty(Header.Label,$INFO[Skin.String(home.headertext)])</onload>
	<onunload>ClearProperty(SkinHelper.WidgetContainer)</onunload>
	<onunload>SetProperty(HubReturn,Home)</onunload>
    <onunload>SetProperty(Header.Label,$INFO[Container(9000).ListItem.Label],home)</onunload>
    <onunload>SetProperty(Header.Icon,$INFO[Container(9000).ListItem.Icon],home)</onunload>
    <onunload condition="!String.IsEmpty(Container(9000).ListItem.Property(TileColor))">SetProperty(HighlightColor,$INFO[Container(9000).ListItem.Property(tilecolor)],home)</onunload> 
    <onunload condition="!String.IsEmpty(Container(9000).ListItem.Property(TextColor))">SetProperty(TextColor,$INFO[Container(9000).ListItem.Property(textcolor)],home)</onunload>    
    <onload condition="Window.Previous(startup)">Skin.Reset(mypassword)</onload>
    <onload condition="!Window.Previous(startup)">AlarmClock(parental,Skin.Reset(mypassword),$VAR[password_time],Silent)</onload>
    <onload>AlarmClock(focushome,Control.SetFocus(9000),00:01,silent)</onload>    
	<onload>Skin.SetBool(SkinHelper.EnableExtraFanart)</onload>
	<onload>Skin.SetBool(SkinHelper.EnableMusicArt)</onload>
	<onload>Skin.SetBool(SkinHelper.EnableAnimatedPosters)</onload>
	<onload>Skin.SetBool(SkinHelper.EnableAddonsLookups)</onload>
	<onload>Skin.SetBool(SkinHelper.EnableExtendedArt)</onload>
	<onload>Skin.SetBool(SkinHelper.EnablePVRThumbs)</onload>
	<onload>Skin.SetString(SkinHelper.RandomFanartDelay,5)</onload>
	
			<include condition="!Skin.HasSetting(backgroundwallpaper)">Global_Background</include>
			<include condition="Skin.HasSetting(backgroundwallpaper)">BackgroundLocation</include>
        <include>Furniture_Background</include>
		 <include>MediaControls_home7</include>
		 <include>Home_Widget_Control</include>
        <include>Furniture_TopBar</include>
        <include>Christmas</include>
		<include>snow</include>
		<include>DefMenuMouse4</include>
		<include>DefMenu1</include>
		<include>Updateinfo</include>
		<!-- <include>DefMenu3</include> -->
		<!-- <include>DefMenu4</include> -->
		<!-- <include>DefMenu5</include> -->


        <control type="list" id="9988">           
            <description>hidden container for playlist background</description>
            <posx>-20</posx>
            <posy>-20</posy>
            <width>1</width>
            <height>1</height>
            <visible>true</visible>
            <onup>50</onup>
            <ondown>50</ondown>
            <onleft>50</onleft>
            <onright>50</onright>
            <autoscroll time="10000">true</autoscroll>
            <itemlayout width="1" height="1">
            </itemlayout>
            <focusedlayout height="1" width="1">
            </focusedlayout>
            <content>$INFO[Container(9000).ListItem.Property(backgroundPlaylist)]</content>
        </control>
		
        		<control type="button" id="9980">
			<top>0</top>
			<left>100</left>
			<right>100</right>
            <height>140</height>
            <visible allowhiddenfocus="true">Window.IsVisible(Home.xml)</visible>
            <onback>ClearProperty(submenumouse,home)</onback>
			<onback>50</onback>
			<onfocus condition="Integer.IsGreater(Container(9002).NumItems,0)">SetProperty(submenumouse,1,home)</onfocus>
			<onfocus>9002</onfocus>
			<hitrect x="100" y="0" w="1920" h="140" />
        </control>	
		
        <include condition="Skin.HasSetting(home.hidewidgetbox)">Home_Widget_Hidden</include>
        <control type="group">
		<include condition="Skin.String(HomeStyle, bigtile)">Home_Dialogs_big_Animate3</include>
            <include condition="Skin.String(HomeStyle, TextOnly)">Home_TextOnly_Animate</include>
            <include condition="!Skin.String(HomeStyle, TextOnly) + !Skin.String(HomeStyle, HomeMenuVerticaliconlist) + !Skin.String(HomeStyle, HomeMenuVertical) + !Skin.String(HomeStyle, bigtile)">Home_Icons_Animate</include>
            <include condition="!Skin.HasSetting(home.hidewidgetbox)">Home_Widget2</include>
            <!--Skin.String(HomeStyle, HomeMenuVerticaliconlist)-->
            <control type="group">
                <animation condition="!Skin.String(HomeStyle, HomeMenuVertical) + !Skin.String(HomeStyle, HomeMenuVerticaliconlist)" effect="slide" tween="quadratic" easing="out" time="0" start="0,266" end="0">WindowOpen</animation>
                <animation condition="!Skin.String(HomeStyle, HomeMenuVertical) + !Skin.String(HomeStyle, HomeMenuVerticaliconlist)" effect="slide" tween="quadratic" easing="in" time="0" end="0,266" start="0">WindowClose</animation>
				<include>Home_SubMenu</include>
                <include condition="!Skin.String(HomeStyle, HomeMenuVertical) + !Skin.String(HomeStyle, HomeMenuVerticaliconlist)">Home_Menu</include>
				<include condition="!Skin.HasSetting(Home_rss)">RSSFeedMenu_foreminence</include>
				<include condition="Skin.String(HomeStyle, HomeMenuVertical) | Skin.String(HomeStyle, HomeMenuVerticaliconlist)">Home_Menu2</include>
                <include condition="!Skin.String(HomeStyle, HomeMenuVertical) + !Skin.String(HomeStyle, HomeMenuVerticaliconlist)">Home_NowPlaying</include>
				
				
				
            </control>
        </control>

        <control type="group">
            <visible>Window.IsVisible(script-ExtendedInfo Script-DialogVideoInfo.xml) | Window.IsVisible(script-ExtendedInfo Script-DialogInfo.xml)</visible>
           <include>Animation_FadeIn</include>
            <include>Animation_FadeOut_Delay</include>
            <include>Furniture_Background</include>
            <control type="image" description="Fanart Fade">
                <width>100%</width>
                <height>100%</height>
                <texture colordiffuse="FanartFade">common/white.png</texture>
            </control>
            <include>Furniture_TopBar</include>
        </control>
	<!-- <include>RSSFeedWidgetnetflix</include> -->
	
	</include>
</includes>
