<?xml version="1.0" encoding="UTF-8"?>
<includes>
<include name="skin_nebula">
    <defaultcontrol>9000</defaultcontrol>
    <onload condition="System.HasAddon(plugin.video.plexbmc) + Skin.HasSetting(plexbmc)">RunScript(plugin.video.plexbmc,amberskin,nocat)</onload>
    <onload>RunScript(script.skinshortcuts,type=buildxml&amp;mainmenuID=9000&amp;levels=0)</onload>
    <onload condition="!Skin.HasSetting(Hide.Favourites)">RunScript(script.favourites)</onload>
    <onload condition="String.IsEmpty(Skin.String(SkinHelper.RandomFanartDelay))">Skin.SetString(SkinHelper.RandomFanartDelay,9)</onload>
    <onload condition="Skin.HasSetting(StopPlaybackOnMenu)">PlayerControl(stop)</onload>

        <!--DUMMY BUTTON-->
        <control type="button" id="378433">
            <visible>[
                control.hasfocus(60)|
                control.hasfocus(899900)|
                control.hasfocus(212)|
                control.hasfocus(311)|
                control.hasfocus(312)|
                control.hasfocus(411)|
                control.hasfocus(412)|
                control.hasfocus(413)|
                control.hasfocus(511)|
                control.hasfocus(900)|
                control.hasfocus(901)|
                control.hasfocus(700011)|control.hasfocus(700012)|control.hasfocus(700013)|control.hasfocus(700014)|control.hasfocus(700015)|control.hasfocus(700016)|control.hasfocus(700017)|control.hasfocus(700018)|control.hasfocus(700019)|
                control.hasfocus(7000110)|control.hasfocus(7000111)|control.hasfocus(7000112)|control.hasfocus(7000113)|control.hasfocus(7000114)|control.hasfocus(7000115)|control.hasfocus(7000116)|control.hasfocus(7000117)|control.hasfocus(7000118)|control.hasfocus(7000119)|
                control.hasfocus(7000120)|control.hasfocus(7000121)|control.hasfocus(7000122)|control.hasfocus(7000123)|control.hasfocus(7000124)|control.hasfocus(7000125)|control.hasfocus(7000126)|control.hasfocus(7000127)|control.hasfocus(7000128)|control.hasfocus(7000129)|
                control.hasfocus(7000130)|control.hasfocus(7000131)|control.hasfocus(7000132)|control.hasfocus(7000133)|control.hasfocus(7000134)|control.hasfocus(7000135)|control.hasfocus(7000136)|control.hasfocus(7000137)|control.hasfocus(7000138)|control.hasfocus(7000139)|
                control.hasfocus(7000140)|control.hasfocus(7000141)|control.hasfocus(7000142)|control.hasfocus(7000143)|control.hasfocus(7000144)|control.hasfocus(7000145)|control.hasfocus(7000146)|control.hasfocus(7000147)|control.hasfocus(7000148)|control.hasfocus(7000149)|
                control.hasfocus(700021)|control.hasfocus(700022)|control.hasfocus(700023)|control.hasfocus(700024)|control.hasfocus(700025)|control.hasfocus(700026)|control.hasfocus(700027)|control.hasfocus(700028)|control.hasfocus(700029)|
                control.hasfocus(7000210)|control.hasfocus(7000211)|control.hasfocus(7000212)|control.hasfocus(7000213)|control.hasfocus(7000214)|control.hasfocus(7000215)|control.hasfocus(7000216)|control.hasfocus(7000217)|control.hasfocus(7000218)|control.hasfocus(7000219)|
                control.hasfocus(7000220)|control.hasfocus(7000221)|control.hasfocus(7000222)|control.hasfocus(7000223)|control.hasfocus(7000224)|control.hasfocus(7000225)|control.hasfocus(7000226)|control.hasfocus(7000227)|control.hasfocus(7000228)|control.hasfocus(7000229)|
                control.hasfocus(7000230)|control.hasfocus(7000231)|control.hasfocus(7000232)|control.hasfocus(7000233)|control.hasfocus(7000234)|control.hasfocus(7000235)|control.hasfocus(7000236)|control.hasfocus(7000237)|control.hasfocus(7000238)|control.hasfocus(7000239)|
                control.hasfocus(7000240)|control.hasfocus(7000241)|control.hasfocus(7000242)|control.hasfocus(7000243)|control.hasfocus(7000244)|control.hasfocus(7000245)|control.hasfocus(7000246)|control.hasfocus(7000247)|control.hasfocus(7000248)|control.hasfocus(7000249)|
                control.hasfocus(700031)|control.hasfocus(700032)|control.hasfocus(700033)|control.hasfocus(700034)|control.hasfocus(700035)|control.hasfocus(700036)|control.hasfocus(700037)|control.hasfocus(700038)|control.hasfocus(700039)|
                control.hasfocus(7000310)|control.hasfocus(7000311)|control.hasfocus(7000312)|control.hasfocus(7000313)|control.hasfocus(7000314)|control.hasfocus(7000315)|control.hasfocus(7000316)|control.hasfocus(7000317)|control.hasfocus(7000318)|control.hasfocus(7000319)|
                control.hasfocus(7000320)|control.hasfocus(7000321)|control.hasfocus(7000322)|control.hasfocus(7000323)|control.hasfocus(7000324)|control.hasfocus(7000325)|control.hasfocus(7000326)|control.hasfocus(7000327)|control.hasfocus(7000328)|control.hasfocus(7000329)|
                control.hasfocus(7000330)|control.hasfocus(7000331)|control.hasfocus(7000332)|control.hasfocus(7000333)|control.hasfocus(7000334)|control.hasfocus(7000335)|control.hasfocus(7000336)|control.hasfocus(7000337)|control.hasfocus(7000338)|control.hasfocus(7000339)|
                control.hasfocus(7000340)|control.hasfocus(7000341)|control.hasfocus(7000342)|control.hasfocus(7000343)|control.hasfocus(7000344)|control.hasfocus(7000345)|control.hasfocus(7000346)|control.hasfocus(7000347)|control.hasfocus(7000348)|control.hasfocus(7000349)|
                control.hasfocus(700041)|control.hasfocus(700042)|control.hasfocus(700043)|control.hasfocus(700044)|control.hasfocus(700045)|control.hasfocus(700046)|control.hasfocus(700047)|control.hasfocus(700048)|control.hasfocus(700049)|
                control.hasfocus(7000410)|control.hasfocus(7000411)|control.hasfocus(7000412)|control.hasfocus(7000413)|control.hasfocus(7000414)|control.hasfocus(7000415)|control.hasfocus(7000416)|control.hasfocus(7000417)|control.hasfocus(7000418)|control.hasfocus(7000419)|
                control.hasfocus(7000420)|control.hasfocus(7000421)|control.hasfocus(7000422)|control.hasfocus(7000423)|control.hasfocus(7000424)|control.hasfocus(7000425)|control.hasfocus(7000426)|control.hasfocus(7000427)|control.hasfocus(7000428)|control.hasfocus(7000429)|
                control.hasfocus(7000430)|control.hasfocus(7000431)|control.hasfocus(7000432)|control.hasfocus(7000433)|control.hasfocus(7000434)|control.hasfocus(7000435)|control.hasfocus(7000436)|control.hasfocus(7000437)|control.hasfocus(7000438)|control.hasfocus(7000439)|
                control.hasfocus(7000440)|control.hasfocus(7000441)|control.hasfocus(7000442)|control.hasfocus(7000443)|control.hasfocus(7000444)|control.hasfocus(7000445)|control.hasfocus(7000446)|control.hasfocus(7000447)|control.hasfocus(7000448)|control.hasfocus(7000449)|
                control.hasfocus(700051)|control.hasfocus(700052)|control.hasfocus(700053)|control.hasfocus(700054)|control.hasfocus(700055)|control.hasfocus(700056)|control.hasfocus(700057)|control.hasfocus(700058)|control.hasfocus(700059)|
                control.hasfocus(7000510)|control.hasfocus(7000511)|control.hasfocus(7000512)|control.hasfocus(7000513)|control.hasfocus(7000514)|control.hasfocus(7000515)|control.hasfocus(7000516)|control.hasfocus(7000517)|control.hasfocus(7000518)|control.hasfocus(7000519)|
                control.hasfocus(7000520)|control.hasfocus(7000521)|control.hasfocus(7000522)|control.hasfocus(7000523)|control.hasfocus(7000524)|control.hasfocus(7000525)|control.hasfocus(7000526)|control.hasfocus(7000527)|control.hasfocus(7000528)|control.hasfocus(7000529)|
                control.hasfocus(7000530)|control.hasfocus(7000531)|control.hasfocus(7000532)|control.hasfocus(7000533)|control.hasfocus(7000534)|control.hasfocus(7000535)|control.hasfocus(7000536)|control.hasfocus(7000537)|control.hasfocus(7000538)|control.hasfocus(7000539)|
                control.hasfocus(7000540)|control.hasfocus(7000541)|control.hasfocus(7000542)|control.hasfocus(7000543)|control.hasfocus(7000544)|control.hasfocus(7000545)|control.hasfocus(7000546)|control.hasfocus(7000547)|control.hasfocus(7000548)|control.hasfocus(7000549)
                ]</visible>
            <include>HiddenButton</include>
        </control>
        <include condition="!Skin.HasSetting(DisableFanart)">Fanart_Art</include>
        <control type="multiimage">
            <visible>ControlGroup(700).HasFocus</visible>
            <include>VisibleFadeEffect</include>
            <include>KenBurns</include>
            <posx>0</posx>
            <posy>0</posy>
            <width>1920</width>
            <height>1080</height>
            <timeperimage>9000</timeperimage>
            <randomize>true</randomize>
            <fadetime>400</fadetime>
            <aspectratio aligny="top">scale</aspectratio>
            <imagepath background="true">$VAR[WidgetsBackgrounds]</imagepath>
        </control>
        <include>Player_Show</include>
        <include>OverlayFull</include>
        <control type="group">
            <include>OpenClose</include>
            <include condition="Skin.HasSetting(VerticalHome)">Vertical_Home_Layout</include>
            <include condition="!Skin.HasSetting(VerticalHome)">Horizontal_Home_Layout</include>
        </control>
<!--         <control type="group">
		<posy>45</posy>
		<include>Furniture_TopBar_Clock3</include>
		<include>Updateinfo</include>
        </control> -->

	</include>
</includes>
