<?xml version="1.0" encoding="UTF-8"?>
<includes>
	<include name="skin_nox_titan">
	    <defaultcontrol always="true">9000</defaultcontrol>
    <include>DefaultSkinSettings</include>
    <include condition="Skin.HasSetting(KeepWidgetFocus)">WidgetPlaybackFocus</include>
	<include condition="Skin.String(widgets_rotate) + !Skin.String(widgets_rotate,disabled)">WidgetsAutoRotateUnload</include>
    <onunload condition="!Skin.HasSetting(SectionBackgroundHomeOnly)">SetProperty(SectionBackground,$INFO[Control.GetLabel(99004)])</onunload>
    <!-- auto close homemenu and focus mainmenu when home is unloaded -->
    <onunload>ClearProperty(submenu,Home)</onunload>
    <onunload>ClearProperty(ShowWidget,Home)</onunload>
    <onunload>ClearProperty(ShowViewSubMenu,Home)</onunload>
    <onunload>ClearProperty(SkinHelper.WidgetContainer,Home)</onunload>
    <onload condition="Skin.String(HomeLayout,netflix2)">SetProperty(netflixview,active,Home)</onload>
    <onunload>ClearProperty(netflixview, Home)</onunload>
    <menucontrol>9000</menucontrol>

	
        <!--Global Background-->
       <include>GlobalBackground</include> -->
    <!-- <include>CommonBackground</include> -->
        <control type="button" id="1000">

            <onfocus>SetProperty(HomeFirstLoadDone,done)</onfocus>
			<texturenofocus>-</texturenofocus>
			<texturefocus>-</texturefocus>
            <onleft>9000</onleft>
            <onright>9000</onright>
            <onup>9000</onup>
            <ondown>9000</ondown>
            <onback>9000</onback>
            <label>hiddenbutton</label>
            <visible allowhiddenfocus="true">false</visible>
		</control>
		<include condition="!Skin.HasSetting(Disable.Musicinfo)">NowPlayingMusicWidget</include>
        <include>Furniture_TopBar_Clock3</include>
        <include>Updateinfo</include>
			<control type="group">
			<top>-47</top>
			<include condition="!Skin.HasSetting(Disable.Musicinfo)">FullscreenBack2</include>
			</control>
        <!-- Hidden control to preload weather conditions -->
			<control type="group">
				<visible>!String.IsEqual(Skin.String(MainMenu.Layout),vertical)</visible>
				<top>-40</top>
	<include condition="!String.IsEqual(Skin.String(MainMenu.Layout),vertical)">MediaControls_home</include>
	</control>
		<!-- Home Screen -->
        
					<control type="group">
				<visible>Skin.String(HomeLayout, noxsmall) + Skin.HasSetting(Enable.VisibleSubmenu2)</visible>
				<top>448</top>
				<animation effect="slide" end="0,338" time="320" tween="cubic" easing="inout" condition="!Skin.HasSetting(lowermainmenu)">Conditional</animation>
				<animation type="WindowOpen" reversible="false" condition="Window.Previous(Startup)">
					<effect type="zoom" start="0" end="100" center="960,540" delay="500" time="300" tween="cubic" />
				</animation>
				<animation type="WindowOpen" reversible="false" condition="!Window.Previous(Startup)">
					<effect type="zoom" start="150" end="100" center="960,540" time="300" tween="cubic" />
					<effect type="fade" start="50" end="100" time="300" />
				</animation>
				<animation type="WindowClose" reversible="false">
					<effect type="fade" start="100" end="0" time="100" />
					<effect type="zoom" start="100" end="130" center="960,540" time="100" tween="cubic" easing="in" />
				</animation>
				<include condition="system.getbool(input.enablemouse)">SubmenuMouseButton</include>
				<control type="group">
					<width>100%</width>
					<control type="group" id="9001" >
						<top>200</top>
						<include condition="[String.IsEqual(Skin.String(RSS.Position),$LOCALIZE[571]) | !String.IsEqual(Skin.String(RSS.Position),$LOCALIZE[571]) + !Skin.HasSetting(Enable.VisibleSubmenu)] + system.getbool(lookandfeel.enablerssfeeds) | [!system.getbool(lookandfeel.enablerssfeeds) + !Skin.HasSetting(Enable.VisibleSubmenu)]">SubMenuAnimation</include>
						<animation effect="slide" start="1870,0" end="0,0" delay="300" time="240" condition="!Window.Previous(startup)">WindowOpen</animation>
						<animation effect="slide" start="1870,0" end="0,0" delay="200" time="480" condition="Window.Previous(startup)">WindowOpen</animation>
						<control type="image">
							<height>87</height>
							<texture colordiffuse="$VAR[ThemeHomeSystemBarsColor]">submenu_bar.png</texture>
							<visible>[String.IsEmpty(Skin.String(ThemeHomeMenuBarColor)) | String.IsEqual(Skin.String(ThemeHomeMenuBarColor),None)] + [String.IsEmpty(Skin.String(ThemeHomeSystemBarsColor)) | String.IsEqual(Skin.String(ThemeHomeSystemBarsColor),None)]</visible>
						</control>
						<control type="image">
							<height>87</height>
							<texture colordiffuse="$VAR[ThemeHomeSystemBarsColor]">submenu_bar_white.png</texture>
							<visible>[!String.IsEmpty(Skin.String(ThemeHomeMenuBarColor)) + !String.IsEqual(Skin.String(ThemeHomeMenuBarColor),None)] | [!String.IsEmpty(Skin.String(ThemeHomeSystemBarsColor)) + !String.IsEqual(Skin.String(ThemeHomeSystemBarsColor),None)]</visible>
						</control>
						<include condition="Skin.String(HomeLayout, noxsmall) + Skin.HasSetting(Enable.VisibleSubmenu2)">HorizontalSubMenu</include>
					</control>


				</control>



			</control>
			<include condition="Skin.String(HomeLayout, noxbig) | Skin.String(HomeLayout, noxsmall)">HomeNoxTitan</include>
	</include>
</includes>
