<?xml version="1.0" encoding="UTF-8"?>
<includes>
	    <include name="butonp">
				<control type="grouplist" id="902012">
					<left>230</left>
					<top>980</top>
					<width>980</width>
					<height>41</height>
					<align>right</align>
					<orientation>horizontal</orientation>
					<onup>888</onup>
					<onup>9000</onup>
					<ondown>330</ondown>
					<include condition="!Skin.HasSetting(Disable.SearchButton)">HomeSearchButton</include>
					<include condition="!Skin.HasSetting(Disable.SearchButton)">Favorite</include>
					<include condition="!Skin.HasSetting(Disable.SearchButton)">Favorite2</include>
					<include condition="!Skin.HasSetting(Disable.SearchButton)">HomeTV</include>
					<include condition="!Skin.HasSetting(Disable.SearchButton)">EPGTV</include>
					<include condition="!Skin.HasSetting(Disable.SearchButton)">LastPlay</include>
					<include condition="!Skin.HasSetting(Disable.SearchButton)">VideosAddons</include>
					<include condition="!Skin.HasSetting(Disable.SearchButton)">ProgramsAddons</include>
					<include condition="!Skin.HasSetting(Disable.SearchButton)">Settings</include>
					<include condition="!Skin.HasSetting(Disable.SearchButton)">Zipinstall</include>
					<include condition="!Skin.HasSetting(Disable.SearchButton)">info</include>
					<include condition="!Skin.HasSetting(Disable.SearchButton)">Update</include>
					<include condition="!Skin.HasSetting(Disable.SearchButton)">Minimize</include>
					<include condition="!Skin.HasSetting(Disable.SearchButton)">Closekodi</include>
					<control type="button" id="9021">
						<label></label>
						<textoffsetx>0</textoffsetx>
						<width>50</width>
						<height>41</height>
						<align>center</align>
						<font>IconTiny</font>
						<textcolor>grey</textcolor>
						<shadowcolor>shadow</shadowcolor>
						<visible>System.HasMediaDVD</visible>
						<onclick>EjectTray()</onclick>
						<animation type="Visible">
							<effect type="fade" start="0" end="100" tween="sine" easing="inout" time="300" />
							<effect type="zoom" start="50" end="100" center="auto" tween="sine" easing="inout" time="300" />
						</animation>
						<animation type="Hidden">
							<effect type="fade" start="100" end="0" tween="sine" easing="inout" time="300" />
							<effect type="zoom" start="100" end="50" center="auto" tween="sine" easing="inout" time="300" />
						</animation>
					</control>
					<control type="button" id="9022">
						<label></label>
						<textoffsetx>0</textoffsetx>
						<width>50</width>
						<height>41</height>
						<align>center</align>
						<font>IconTiny</font>
						<textcolor>grey</textcolor>
						<shadowcolor>shadow</shadowcolor>
						<visible>System.HasMediaDVD</visible>
						<onclick>PlayDVD</onclick>
						<animation type="Visible">
							<effect type="fade" start="0" end="100" tween="sine" easing="inout" time="300" />
							<effect type="zoom" start="50" end="100" center="auto" tween="sine" easing="inout" time="300" />
						</animation>
						<animation type="Hidden">
							<effect type="fade" start="100" end="0" tween="sine" easing="inout" time="300" />
							<effect type="zoom" start="100" end="50" center="auto" tween="sine" easing="inout" time="300" />
						</animation>
					</control>
					<control type="label" id="9025">
						<width>5</width>
						<height>41</height>
						<label />
						<font>font13_title</font>
						<textcolor>$VAR[ThemeHomeLabelColor]</textcolor>
					</control>
					<!--<control type="multiimage">
						<width>60</width>
						<height>45</height>
						<imagepath>$VAR[WeatherIconsPathVar]$INFO[Weather.FanartCode]$VAR[WeatherIconsExtVar]</imagepath>
						<aspectratio>keep</aspectratio>
						<timeperimage>70</timeperimage>
						<fadetime>1</fadetime>
						<randomize>false</randomize>
						<visible>Weather.IsFetched + !String.IsEmpty(Weather.Plugin)</visible>
					</control>-->
					<!-- <control type="label" id="9023">
						<width>auto</width>
						<height>41</height>
						<label>$INFO[Weather.Temperature,,[COLOR grey] | [/COLOR]]</label>
						<font>font13_title</font>
						<textcolor>$VAR[ThemeHomeLabelColor]</textcolor>
						<visible>Weather.IsFetched + !String.IsEmpty(Weather.Plugin)</visible>
						<shadowcolor>shadow</shadowcolor>
					</control>-->
					<!-- <control type="label" id="9025">
						<width>auto</width>
						<height>41</height>
						<label>$INFO[System.Date,[COLOR grey] ,[/COLOR]]$INFO[System.Time]</label>
						<font>font13_title</font>
						<textcolor>$VAR[ThemeHomeLabelColor]</textcolor>
						<shadowcolor>shadow</shadowcolor>
					</control>-->
				</control>
    </include>
	    <include name="butonp2">
				<control type="grouplist" id="902012">
					<left>1400</left>
					<top>980</top>
					<width>980</width>
					<height>41</height>
					<aligny>left</aligny>
					<orientation>horizontal</orientation>
					<onup>9000</onup>
					<ondown>330</ondown>
					
					<include condition="!Skin.HasSetting(Disable.SearchButton)">HomeSearchButton</include>
					<include condition="!Skin.HasSetting(Disable.SearchButton)">HomeTV</include>
					<!-- <include condition="!Skin.HasSetting(Disable.SearchButton)">EPGTV</include> -->
					<include condition="!Skin.HasSetting(Disable.SearchButton)">LastPlay</include>
					<include condition="!Skin.HasSetting(Disable.SearchButton)">VideosAddons</include>
					<include condition="!Skin.HasSetting(Disable.SearchButton)">ProgramsAddons</include>
					<include condition="!Skin.HasSetting(Disable.SearchButton)">Settings</include>
					<include condition="!Skin.HasSetting(Disable.SearchButton)">Zipinstall</include>
					<!-- <include condition="!Skin.HasSetting(Disable.SearchButton)">info</include> -->
					<!-- <include condition="!Skin.HasSetting(Disable.SearchButton)">Update</include> -->
					
					<include condition="!Skin.HasSetting(Disable.SearchButton)">Closekodi</include>
					<control type="button" id="9021">
						<label></label>
						<textoffsetx>0</textoffsetx>
						<width>50</width>
						<height>41</height>
						<align>center</align>
						<font>IconTiny</font>
						<textcolor>grey</textcolor>
						<shadowcolor>shadow</shadowcolor>
						<visible>System.HasMediaDVD</visible>
						<onclick>EjectTray()</onclick>
						<animation type="Visible">
							<effect type="fade" start="0" end="100" tween="sine" easing="inout" time="300" />
							<effect type="zoom" start="50" end="100" center="auto" tween="sine" easing="inout" time="300" />
						</animation>
						<animation type="Hidden">
							<effect type="fade" start="100" end="0" tween="sine" easing="inout" time="300" />
							<effect type="zoom" start="100" end="50" center="auto" tween="sine" easing="inout" time="300" />
						</animation>
					</control>
					<control type="button" id="9022">
						<label></label>
						<textoffsetx>0</textoffsetx>
						<width>50</width>
						<height>41</height>
						<align>center</align>
						<font>IconTiny</font>
						<textcolor>grey</textcolor>
						<shadowcolor>shadow</shadowcolor>
						<visible>System.HasMediaDVD</visible>
						<onclick>PlayDVD</onclick>
						<animation type="Visible">
							<effect type="fade" start="0" end="100" tween="sine" easing="inout" time="300" />
							<effect type="zoom" start="50" end="100" center="auto" tween="sine" easing="inout" time="300" />
						</animation>
						<animation type="Hidden">
							<effect type="fade" start="100" end="0" tween="sine" easing="inout" time="300" />
							<effect type="zoom" start="100" end="50" center="auto" tween="sine" easing="inout" time="300" />
						</animation>
					</control>
					<control type="label" id="9025">
						<width>5</width>
						<height>41</height>
						<label />
						<font>font13_title</font>
						<textcolor>$VAR[ThemeHomeLabelColor]</textcolor>
					</control>
					<!--<control type="multiimage">
						<width>60</width>
						<height>45</height>
						<imagepath>$VAR[WeatherIconsPathVar]$INFO[Weather.FanartCode]$VAR[WeatherIconsExtVar]</imagepath>
						<aspectratio>keep</aspectratio>
						<timeperimage>70</timeperimage>
						<fadetime>1</fadetime>
						<randomize>false</randomize>
						<visible>Weather.IsFetched + !String.IsEmpty(Weather.Plugin)</visible>
					</control>-->
					<!-- <control type="label" id="9023">
						<width>auto</width>
						<height>41</height>
						<label>$INFO[Weather.Temperature,,[COLOR grey] | [/COLOR]]</label>
						<font>font13_title</font>
						<textcolor>$VAR[ThemeHomeLabelColor]</textcolor>
						<visible>Weather.IsFetched + !String.IsEmpty(Weather.Plugin)</visible>
						<shadowcolor>shadow</shadowcolor>
					</control>-->
					<!-- <control type="label" id="9025">
						<width>auto</width>
						<height>41</height>
						<label>$INFO[System.Date,[COLOR grey] ,[/COLOR]]$INFO[System.Time]</label>
						<font>font13_title</font>
						<textcolor>$VAR[ThemeHomeLabelColor]</textcolor>
						<shadowcolor>shadow</shadowcolor>
					</control>-->
				</control>
    </include>
	    <include name="butonptitantile">
				<control type="grouplist" id="9020121">
					<left>485</left>
					<top>980</top>
					<width>980</width>
					<height>41</height>
					<align>center</align>
					<orientation>horizontal</orientation>
					<!-- <onup>888</onup> -->
					<onup>9000</onup>
					<ondown>$VAR[HomeButtonDownAction]</ondown>
					<include condition="!Skin.HasSetting(Disable.SearchButton)">HomeSearchButton</include>
					<include condition="!Skin.HasSetting(Disable.SearchButton)">Favorite</include>
					<include condition="!Skin.HasSetting(Disable.SearchButton)">Favorite2</include>
					<include condition="!Skin.HasSetting(Disable.SearchButton)">HomeTV</include>
					<include condition="!Skin.HasSetting(Disable.SearchButton)">EPGTV</include>
					<include condition="!Skin.HasSetting(Disable.SearchButton)">LastPlay</include>
					<include condition="!Skin.HasSetting(Disable.SearchButton)">VideosAddons</include>
					<include condition="!Skin.HasSetting(Disable.SearchButton)">ProgramsAddons</include>
					<include condition="!Skin.HasSetting(Disable.SearchButton)">Settings</include>
					<include condition="!Skin.HasSetting(Disable.SearchButton)">Zipinstall</include>
					<include condition="!Skin.HasSetting(Disable.SearchButton)">info</include>
					<include condition="!Skin.HasSetting(Disable.SearchButton)">Update</include>
					<include condition="!Skin.HasSetting(Disable.SearchButton)">Minimize</include>
					<include condition="!Skin.HasSetting(Disable.SearchButton)">Closekodi</include>
					<control type="button" id="9021">
						<label></label>
						<textoffsetx>0</textoffsetx>
						<width>50</width>
						<height>41</height>
						<align>center</align>
						<font>IconTiny</font>
						<textcolor>grey</textcolor>
						<shadowcolor>shadow</shadowcolor>
						<visible>System.HasMediaDVD</visible>
						<onclick>EjectTray()</onclick>
						<animation type="Visible">
							<effect type="fade" start="0" end="100" tween="sine" easing="inout" time="300" />
							<effect type="zoom" start="50" end="100" center="auto" tween="sine" easing="inout" time="300" />
						</animation>
						<animation type="Hidden">
							<effect type="fade" start="100" end="0" tween="sine" easing="inout" time="300" />
							<effect type="zoom" start="100" end="50" center="auto" tween="sine" easing="inout" time="300" />
						</animation>
					</control>
					<control type="button" id="9022">
						<label></label>
						<textoffsetx>0</textoffsetx>
						<width>50</width>
						<height>41</height>
						<align>center</align>
						<font>IconTiny</font>
						<textcolor>grey</textcolor>
						<shadowcolor>shadow</shadowcolor>
						<visible>System.HasMediaDVD</visible>
						<onclick>PlayDVD</onclick>
						<animation type="Visible">
							<effect type="fade" start="0" end="100" tween="sine" easing="inout" time="300" />
							<effect type="zoom" start="50" end="100" center="auto" tween="sine" easing="inout" time="300" />
						</animation>
						<animation type="Hidden">
							<effect type="fade" start="100" end="0" tween="sine" easing="inout" time="300" />
							<effect type="zoom" start="100" end="50" center="auto" tween="sine" easing="inout" time="300" />
						</animation>
					</control>
					<control type="label" id="9025">
						<width>5</width>
						<height>41</height>
						<label />
						<font>font13_title</font>
						<textcolor>$VAR[ThemeHomeLabelColor]</textcolor>
					</control>
					<!--<control type="multiimage">
						<width>60</width>
						<height>45</height>
						<imagepath>$VAR[WeatherIconsPathVar]$INFO[Weather.FanartCode]$VAR[WeatherIconsExtVar]</imagepath>
						<aspectratio>keep</aspectratio>
						<timeperimage>70</timeperimage>
						<fadetime>1</fadetime>
						<randomize>false</randomize>
						<visible>Weather.IsFetched + !String.IsEmpty(Weather.Plugin)</visible>
					</control>-->
					<!-- <control type="label" id="9023">
						<width>auto</width>
						<height>41</height>
						<label>$INFO[Weather.Temperature,,[COLOR grey] | [/COLOR]]</label>
						<font>font13_title</font>
						<textcolor>$VAR[ThemeHomeLabelColor]</textcolor>
						<visible>Weather.IsFetched + !String.IsEmpty(Weather.Plugin)</visible>
						<shadowcolor>shadow</shadowcolor>
					</control>-->
					<!-- <control type="label" id="9025">
						<width>auto</width>
						<height>41</height>
						<label>$INFO[System.Date,[COLOR grey] ,[/COLOR]]$INFO[System.Time]</label>
						<font>font13_title</font>
						<textcolor>$VAR[ThemeHomeLabelColor]</textcolor>
						<shadowcolor>shadow</shadowcolor>
					</control>-->
				</control>
    </include>
	    <include name="butonptitantile2">
				<control type="grouplist" id="902443">
					<left>485</left>
					<top>980</top>
					<width>980</width>
					<height>41</height>
					<align>center</align>
					<orientation>horizontal</orientation>
					<!-- <onup>888</onup> -->
					<onup>90010</onup>
					<ondown>$VAR[HomeButtonDownAction]</ondown>
					<include condition="!Skin.HasSetting(Disable.SearchButton)">HomeSearchButton</include>
					<include condition="!Skin.HasSetting(Disable.SearchButton)">Favorite</include>
					<include condition="!Skin.HasSetting(Disable.SearchButton)">Favorite2</include>
					<include condition="!Skin.HasSetting(Disable.SearchButton)">HomeTV</include>
					<include condition="!Skin.HasSetting(Disable.SearchButton)">EPGTV</include>
					<include condition="!Skin.HasSetting(Disable.SearchButton)">LastPlay</include>
					<include condition="!Skin.HasSetting(Disable.SearchButton)">VideosAddons</include>
					<include condition="!Skin.HasSetting(Disable.SearchButton)">ProgramsAddons</include>
					<include condition="!Skin.HasSetting(Disable.SearchButton)">Settings</include>
					<include condition="!Skin.HasSetting(Disable.SearchButton)">Zipinstall</include>
					<include condition="!Skin.HasSetting(Disable.SearchButton)">info</include>
					<include condition="!Skin.HasSetting(Disable.SearchButton)">Update</include>
					<include condition="!Skin.HasSetting(Disable.SearchButton)">Minimize</include>
					<include condition="!Skin.HasSetting(Disable.SearchButton)">Closekodi</include>
					<control type="button" id="9021">
						<label></label>
						<textoffsetx>0</textoffsetx>
						<width>50</width>
						<height>41</height>
						<align>center</align>
						<font>IconTiny</font>
						<textcolor>grey</textcolor>
						<shadowcolor>shadow</shadowcolor>
						<visible>System.HasMediaDVD</visible>
						<onclick>EjectTray()</onclick>
						<animation type="Visible">
							<effect type="fade" start="0" end="100" tween="sine" easing="inout" time="300" />
							<effect type="zoom" start="50" end="100" center="auto" tween="sine" easing="inout" time="300" />
						</animation>
						<animation type="Hidden">
							<effect type="fade" start="100" end="0" tween="sine" easing="inout" time="300" />
							<effect type="zoom" start="100" end="50" center="auto" tween="sine" easing="inout" time="300" />
						</animation>
					</control>
					<control type="button" id="9022">
						<label></label>
						<textoffsetx>0</textoffsetx>
						<width>50</width>
						<height>41</height>
						<align>center</align>
						<font>IconTiny</font>
						<textcolor>grey</textcolor>
						<shadowcolor>shadow</shadowcolor>
						<visible>System.HasMediaDVD</visible>
						<onclick>PlayDVD</onclick>
						<animation type="Visible">
							<effect type="fade" start="0" end="100" tween="sine" easing="inout" time="300" />
							<effect type="zoom" start="50" end="100" center="auto" tween="sine" easing="inout" time="300" />
						</animation>
						<animation type="Hidden">
							<effect type="fade" start="100" end="0" tween="sine" easing="inout" time="300" />
							<effect type="zoom" start="100" end="50" center="auto" tween="sine" easing="inout" time="300" />
						</animation>
					</control>
					<control type="label" id="9025">
						<width>5</width>
						<height>41</height>
						<label />
						<font>font13_title</font>
						<textcolor>$VAR[ThemeHomeLabelColor]</textcolor>
					</control>
					<!--<control type="multiimage">
						<width>60</width>
						<height>45</height>
						<imagepath>$VAR[WeatherIconsPathVar]$INFO[Weather.FanartCode]$VAR[WeatherIconsExtVar]</imagepath>
						<aspectratio>keep</aspectratio>
						<timeperimage>70</timeperimage>
						<fadetime>1</fadetime>
						<randomize>false</randomize>
						<visible>Weather.IsFetched + !String.IsEmpty(Weather.Plugin)</visible>
					</control>-->
					<!-- <control type="label" id="9023">
						<width>auto</width>
						<height>41</height>
						<label>$INFO[Weather.Temperature,,[COLOR grey] | [/COLOR]]</label>
						<font>font13_title</font>
						<textcolor>$VAR[ThemeHomeLabelColor]</textcolor>
						<visible>Weather.IsFetched + !String.IsEmpty(Weather.Plugin)</visible>
						<shadowcolor>shadow</shadowcolor>
					</control>-->
					<!-- <control type="label" id="9025">
						<width>auto</width>
						<height>41</height>
						<label>$INFO[System.Date,[COLOR grey] ,[/COLOR]]$INFO[System.Time]</label>
						<font>font13_title</font>
						<textcolor>$VAR[ThemeHomeLabelColor]</textcolor>
						<shadowcolor>shadow</shadowcolor>
					</control>-->
				</control>
    </include>
	    <include name="butonnebulablack">
				<control type="grouplist" id="9900">
					<left>485</left>
					<top>980</top>
					<width>980</width>
					<height>41</height>
					<align>center</align>
					<orientation>horizontal</orientation>
					<!-- <onup>888</onup> -->
					<onup>9000</onup>
            <ondown condition="Window.IsActive(script-globalsearch-main.xml)">9000</ondown>
            <ondown condition="Window.IsActive(DialogMediaSource.xml)|Window.IsActive(FileBrowser.xml)">9001</ondown>
            <ondown condition="Window.IsActive(Home.xml)+!Skin.HasSetting(VerticalHome)">9001</ondown>
            <ondown condition="Window.IsActive(Home.xml)+Skin.HasSetting(VerticalHome)">9000</ondown>
            <ondown condition="Window.IsActive(DialogSettings.xml)">21</ondown>
            <ondown condition="Window.IsActive(SettingsCategory.xml)">3</ondown>
            <ondown condition="Window.IsActive(DialogAddonSettings.xml)">9</ondown>
            <ondown condition="Window.IsActive(script-XBMC_Lyrics-main.xml)">110</ondown>
            <ondown>9000</ondown>
					<include condition="!Skin.HasSetting(Disable.SearchButton)">HomeSearchButton</include>
					<include condition="!Skin.HasSetting(Disable.SearchButton)">Favorite</include>
					<include condition="!Skin.HasSetting(Disable.SearchButton)">Favorite2</include>
					<include condition="!Skin.HasSetting(Disable.SearchButton)">HomeTV</include>
					<include condition="!Skin.HasSetting(Disable.SearchButton)">EPGTV</include>
					<include condition="!Skin.HasSetting(Disable.SearchButton)">LastPlay</include>
					<include condition="!Skin.HasSetting(Disable.SearchButton)">VideosAddons</include>
					<include condition="!Skin.HasSetting(Disable.SearchButton)">ProgramsAddons</include>
					<include condition="!Skin.HasSetting(Disable.SearchButton)">Settings</include>
					<include condition="!Skin.HasSetting(Disable.SearchButton)">Zipinstall</include>
					<include condition="!Skin.HasSetting(Disable.SearchButton)">info</include>
					<include condition="!Skin.HasSetting(Disable.SearchButton)">Update</include>
					<include condition="!Skin.HasSetting(Disable.SearchButton)">Minimize</include>
					<include condition="!Skin.HasSetting(Disable.SearchButton)">Closekodi</include>
					<control type="button" id="9021">
						<label></label>
						<textoffsetx>0</textoffsetx>
						<width>50</width>
						<height>41</height>
						<align>center</align>
						<font>IconTiny</font>
						<textcolor>grey</textcolor>
						<shadowcolor>shadow</shadowcolor>
						<visible>System.HasMediaDVD</visible>
						<onclick>EjectTray()</onclick>
						<animation type="Visible">
							<effect type="fade" start="0" end="100" tween="sine" easing="inout" time="300" />
							<effect type="zoom" start="50" end="100" center="auto" tween="sine" easing="inout" time="300" />
						</animation>
						<animation type="Hidden">
							<effect type="fade" start="100" end="0" tween="sine" easing="inout" time="300" />
							<effect type="zoom" start="100" end="50" center="auto" tween="sine" easing="inout" time="300" />
						</animation>
					</control>
					<control type="button" id="9022">
						<label></label>
						<textoffsetx>0</textoffsetx>
						<width>50</width>
						<height>41</height>
						<align>center</align>
						<font>IconTiny</font>
						<textcolor>grey</textcolor>
						<shadowcolor>shadow</shadowcolor>
						<visible>System.HasMediaDVD</visible>
						<onclick>PlayDVD</onclick>
						<animation type="Visible">
							<effect type="fade" start="0" end="100" tween="sine" easing="inout" time="300" />
							<effect type="zoom" start="50" end="100" center="auto" tween="sine" easing="inout" time="300" />
						</animation>
						<animation type="Hidden">
							<effect type="fade" start="100" end="0" tween="sine" easing="inout" time="300" />
							<effect type="zoom" start="100" end="50" center="auto" tween="sine" easing="inout" time="300" />
						</animation>
					</control>
					<control type="label" id="9025">
						<width>5</width>
						<height>41</height>
						<label />
						<font>font13_title</font>
						<textcolor>$VAR[ThemeHomeLabelColor]</textcolor>
					</control>
					<!--<control type="multiimage">
						<width>60</width>
						<height>45</height>
						<imagepath>$VAR[WeatherIconsPathVar]$INFO[Weather.FanartCode]$VAR[WeatherIconsExtVar]</imagepath>
						<aspectratio>keep</aspectratio>
						<timeperimage>70</timeperimage>
						<fadetime>1</fadetime>
						<randomize>false</randomize>
						<visible>Weather.IsFetched + !String.IsEmpty(Weather.Plugin)</visible>
					</control>-->
					<!-- <control type="label" id="9023">
						<width>auto</width>
						<height>41</height>
						<label>$INFO[Weather.Temperature,,[COLOR grey] | [/COLOR]]</label>
						<font>font13_title</font>
						<textcolor>$VAR[ThemeHomeLabelColor]</textcolor>
						<visible>Weather.IsFetched + !String.IsEmpty(Weather.Plugin)</visible>
						<shadowcolor>shadow</shadowcolor>
					</control>-->
					<!-- <control type="label" id="9025">
						<width>auto</width>
						<height>41</height>
						<label>$INFO[System.Date,[COLOR grey] ,[/COLOR]]$INFO[System.Time]</label>
						<font>font13_title</font>
						<textcolor>$VAR[ThemeHomeLabelColor]</textcolor>
						<shadowcolor>shadow</shadowcolor>
					</control>-->
				</control>
    </include>
	    <include name="butonnebulawhite">
				<control type="grouplist" id="9900">
					<left>485</left>
					<top>980</top>
					<width>980</width>
					<height>41</height>
					<align>center</align>
					<orientation>horizontal</orientation>
					<!-- <onup>888</onup> -->
					<onup>9000</onup>
            <ondown condition="Window.IsActive(script-globalsearch-main.xml)">9000</ondown>
            <ondown condition="Window.IsActive(DialogMediaSource.xml)|Window.IsActive(FileBrowser.xml)">9001</ondown>
            <ondown condition="Window.IsActive(Home.xml)+!Skin.HasSetting(VerticalHome)">9001</ondown>
            <ondown condition="Window.IsActive(Home.xml)+Skin.HasSetting(VerticalHome)">9000</ondown>
            <ondown condition="Window.IsActive(DialogSettings.xml)">21</ondown>
            <ondown condition="Window.IsActive(SettingsCategory.xml)">3</ondown>
            <ondown condition="Window.IsActive(DialogAddonSettings.xml)">9</ondown>
            <ondown condition="Window.IsActive(script-XBMC_Lyrics-main.xml)">110</ondown>
            <ondown>9000</ondown>
					<include condition="!Skin.HasSetting(Disable.SearchButton)">HomeSearchButton</include>
					<include condition="!Skin.HasSetting(Disable.SearchButton)">Favorite</include>
					<include condition="!Skin.HasSetting(Disable.SearchButton)">Favorite2</include>
					<include condition="!Skin.HasSetting(Disable.SearchButton)">HomeTV</include>
					<include condition="!Skin.HasSetting(Disable.SearchButton)">EPGTV</include>
					<include condition="!Skin.HasSetting(Disable.SearchButton)">LastPlay</include>
					<include condition="!Skin.HasSetting(Disable.SearchButton)">VideosAddons</include>
					<include condition="!Skin.HasSetting(Disable.SearchButton)">ProgramsAddons</include>
					<include condition="!Skin.HasSetting(Disable.SearchButton)">Settings</include>
					<include condition="!Skin.HasSetting(Disable.SearchButton)">Zipinstall</include>
					<include condition="!Skin.HasSetting(Disable.SearchButton)">info</include>
					<include condition="!Skin.HasSetting(Disable.SearchButton)">Update</include>
					<include condition="!Skin.HasSetting(Disable.SearchButton)">Minimize</include>
					<include condition="!Skin.HasSetting(Disable.SearchButton)">Closekodi</include>
					<control type="button" id="9021">
						<label></label>
						<textoffsetx>0</textoffsetx>
						<width>50</width>
						<height>41</height>
						<align>center</align>
						<font>IconTiny</font>
						<textcolor>grey</textcolor>
						<shadowcolor>shadow</shadowcolor>
						<visible>System.HasMediaDVD</visible>
						<onclick>EjectTray()</onclick>
						<animation type="Visible">
							<effect type="fade" start="0" end="100" tween="sine" easing="inout" time="300" />
							<effect type="zoom" start="50" end="100" center="auto" tween="sine" easing="inout" time="300" />
						</animation>
						<animation type="Hidden">
							<effect type="fade" start="100" end="0" tween="sine" easing="inout" time="300" />
							<effect type="zoom" start="100" end="50" center="auto" tween="sine" easing="inout" time="300" />
						</animation>
					</control>
					<control type="button" id="9022">
						<label></label>
						<textoffsetx>0</textoffsetx>
						<width>50</width>
						<height>41</height>
						<align>center</align>
						<font>IconTiny</font>
						<textcolor>grey</textcolor>
						<shadowcolor>shadow</shadowcolor>
						<visible>System.HasMediaDVD</visible>
						<onclick>PlayDVD</onclick>
						<animation type="Visible">
							<effect type="fade" start="0" end="100" tween="sine" easing="inout" time="300" />
							<effect type="zoom" start="50" end="100" center="auto" tween="sine" easing="inout" time="300" />
						</animation>
						<animation type="Hidden">
							<effect type="fade" start="100" end="0" tween="sine" easing="inout" time="300" />
							<effect type="zoom" start="100" end="50" center="auto" tween="sine" easing="inout" time="300" />
						</animation>
					</control>
					<control type="label" id="9025">
						<width>5</width>
						<height>41</height>
						<label />
						<font>font13_title</font>
						<textcolor>$VAR[ThemeHomeLabelColor]</textcolor>
					</control>
					<!--<control type="multiimage">
						<width>60</width>
						<height>45</height>
						<imagepath>$VAR[WeatherIconsPathVar]$INFO[Weather.FanartCode]$VAR[WeatherIconsExtVar]</imagepath>
						<aspectratio>keep</aspectratio>
						<timeperimage>70</timeperimage>
						<fadetime>1</fadetime>
						<randomize>false</randomize>
						<visible>Weather.IsFetched + !String.IsEmpty(Weather.Plugin)</visible>
					</control>-->
					<!-- <control type="label" id="9023">
						<width>auto</width>
						<height>41</height>
						<label>$INFO[Weather.Temperature,,[COLOR grey] | [/COLOR]]</label>
						<font>font13_title</font>
						<textcolor>$VAR[ThemeHomeLabelColor]</textcolor>
						<visible>Weather.IsFetched + !String.IsEmpty(Weather.Plugin)</visible>
						<shadowcolor>shadow</shadowcolor>
					</control>-->
					<!-- <control type="label" id="9025">
						<width>auto</width>
						<height>41</height>
						<label>$INFO[System.Date,[COLOR grey] ,[/COLOR]]$INFO[System.Time]</label>
						<font>font13_title</font>
						<textcolor>$VAR[ThemeHomeLabelColor]</textcolor>
						<shadowcolor>shadow</shadowcolor>
					</control>-->
				</control>
    </include>
	    <include name="netflix_menubutton">
				<control type="grouplist" id="40003">
					<left>0</left>
					<top>1020</top>
					<width>980</width>
					<height>41</height>
					<aligny>left</aligny>
					<orientation>horizontal</orientation>
					<onup>9000</onup>
					<ondown>330</ondown>
					
					<include condition="!Skin.HasSetting(Disable.SearchButton)">HomeSearchButton</include>
					<include condition="!Skin.HasSetting(Disable.SearchButton)">HomeTV</include>
					<!-- <include condition="!Skin.HasSetting(Disable.SearchButton)">EPGTV</include> -->
					<!-- <include condition="!Skin.HasSetting(Disable.SearchButton)">LastPlay</include> -->
					<include condition="!Skin.HasSetting(Disable.SearchButton)">VideosAddons</include>
					<include condition="!Skin.HasSetting(Disable.SearchButton)">ProgramsAddons</include>
					<!-- <include condition="!Skin.HasSetting(Disable.SearchButton)">Settings</include> -->
					<include condition="!Skin.HasSetting(Disable.SearchButton)">Zipinstall</include>
					<!-- <include condition="!Skin.HasSetting(Disable.SearchButton)">info</include> -->
					<!-- <include condition="!Skin.HasSetting(Disable.SearchButton)">Update</include> -->
					<include condition="!Skin.HasSetting(Disable.SearchButton)">Closekodi</include>
					<control type="button" id="9021">
						<label></label>
						<textoffsetx>0</textoffsetx>
						<width>50</width>
						<height>41</height>
						<align>center</align>
						<font>IconTiny</font>
						<textcolor>grey</textcolor>
						<shadowcolor>shadow</shadowcolor>
						<visible>System.HasMediaDVD</visible>
						<onclick>EjectTray()</onclick>
						<animation type="Visible">
							<effect type="fade" start="0" end="100" tween="sine" easing="inout" time="300" />
							<effect type="zoom" start="50" end="100" center="auto" tween="sine" easing="inout" time="300" />
						</animation>
						<animation type="Hidden">
							<effect type="fade" start="100" end="0" tween="sine" easing="inout" time="300" />
							<effect type="zoom" start="100" end="50" center="auto" tween="sine" easing="inout" time="300" />
						</animation>
					</control>
					<control type="button" id="9022">
						<label></label>
						<textoffsetx>0</textoffsetx>
						<width>50</width>
						<height>41</height>
						<align>center</align>
						<font>IconTiny</font>
						<textcolor>grey</textcolor>
						<shadowcolor>shadow</shadowcolor>
						<visible>System.HasMediaDVD</visible>
						<onclick>PlayDVD</onclick>
						<animation type="Visible">
							<effect type="fade" start="0" end="100" tween="sine" easing="inout" time="300" />
							<effect type="zoom" start="50" end="100" center="auto" tween="sine" easing="inout" time="300" />
						</animation>
						<animation type="Hidden">
							<effect type="fade" start="100" end="0" tween="sine" easing="inout" time="300" />
							<effect type="zoom" start="100" end="50" center="auto" tween="sine" easing="inout" time="300" />
						</animation>
					</control>
					<control type="label" id="9025">
						<width>5</width>
						<height>41</height>
						<label />
						<font>font13_title</font>
						<textcolor>$VAR[ThemeHomeLabelColor]</textcolor>
					</control>
					<!--<control type="multiimage">
						<width>60</width>
						<height>45</height>
						<imagepath>$VAR[WeatherIconsPathVar]$INFO[Weather.FanartCode]$VAR[WeatherIconsExtVar]</imagepath>
						<aspectratio>keep</aspectratio>
						<timeperimage>70</timeperimage>
						<fadetime>1</fadetime>
						<randomize>false</randomize>
						<visible>Weather.IsFetched + !String.IsEmpty(Weather.Plugin)</visible>
					</control>-->
					<!-- <control type="label" id="9023">
						<width>auto</width>
						<height>41</height>
						<label>$INFO[Weather.Temperature,,[COLOR grey] | [/COLOR]]</label>
						<font>font13_title</font>
						<textcolor>$VAR[ThemeHomeLabelColor]</textcolor>
						<visible>Weather.IsFetched + !String.IsEmpty(Weather.Plugin)</visible>
						<shadowcolor>shadow</shadowcolor>
					</control>-->
					<!-- <control type="label" id="9025">
						<width>auto</width>
						<height>41</height>
						<label>$INFO[System.Date,[COLOR grey] ,[/COLOR]]$INFO[System.Time]</label>
						<font>font13_title</font>
						<textcolor>$VAR[ThemeHomeLabelColor]</textcolor>
						<shadowcolor>shadow</shadowcolor>
					</control>-->
				</control>
    </include>
    <!--main hub menu-->
    <include name="hubMenu">
		<control type="image">
            <include>dimensionsFullscreen</include>
            <texture>colors/black.png</texture>
            <colordiffuse>d5FFFFFF</colordiffuse>
            <aspectratio>stretch</aspectratio>
			<animation type="Conditional" condition="controlgroup(9000).hasfocus">
                <effect type="fade" start="0" end="100" time="200"/>
            </animation>
            <animation type="Conditional" condition="!controlgroup(9000).hasfocus">
                <effect type="fade" start="100" end="0" time="100"/>
            </animation>
        </control>
        <control type="group" id="9000">
            <animation type="windowopen">
                <effect type="slide" start="-384" end="0" tween="sine" delay="500" time="400"/>
            </animation>
			<animation type="windowclose">
                <effect type="fade" start="100" end="0" time="0"/>
            </animation>
            <animation type="Conditional" condition="controlgroup(9000).hasfocus">
                <effect type="slide" start="-384" end="0" tween="sine" time="400"/>
            </animation>
            <animation type="Conditional" condition="!controlgroup(9000).hasfocus">
                <effect type="slide" start="0" end="-384" tween="sine" time="400"/>
            </animation>
            <control type="image">
                <posx>-200</posx>
                <posy>-200</posy>
                <width>584</width>
                <height>1500</height>
                <texture>colors/white.png</texture>
                <colordiffuse>highlight</colordiffuse>
                <aspectratio>stretch</aspectratio>
            </control>
            <!--logo-->
			<control type="group">
				<posx>col-1-begin</posx>
                <posy>row-2-begin</posy>
	            <control type="label">
	                <posx>0</posx>
	                <posy>-12</posy>
	                <width>73</width>
	                <height>73</height>
	                <font>symbolVeryLarge</font>
	                <aligny>center</aligny>
	                <textcolor>eeffffff</textcolor>
	                <label>$VAR[menuLogo]</label>
	            </control>
			</control>
            <control type="list" id="9001">
                <posx>0</posx>
                <posy>row-5-begin</posy>
                <width>col-5-begin</width>
                <height>832</height>
                <orientation>vertical</orientation>
                <onleft condition="!window.isactive(home)">activateWindow(contextmenu)</onleft>
                <onright>9999</onright>
                <onback>activateWindow(home)</onback>
                <itemlayout width="col-5-begin" height="2-row">
                    <control type="label">
                        <posx>col-1-begin</posx>
                        <posy>0</posy>
                        <width>4-col-gutter</width>
                        <height>2-row</height>
                        <font>menuTitle2</font>
                        <aligny>center</aligny>
                        <textcolor>eeffffff</textcolor>
                        <shadowcolor></shadowcolor>
                        <label>[CAPITALIZE]$INFO[ListItem.label][/CAPITALIZE]</label>
                    </control>
                </itemlayout>
                <focusedlayout width="col-5-begin" height="2-row">
					<control type="image">
                        <posx>0</posx>
                        <posy>0</posy>
                        <width>col-5-begin</width>
                        <height>2-row</height>
                        <texture>colors/white.png</texture>
                        <aspectratio>stretch</aspectratio>
                    </control>
                    <control type="label">
                        <posx>col-1-begin</posx>
                        <posy>0</posy>
                        <width>4-col-gutter</width>
                        <height>2-row</height>
                        <font>menuTitle2</font>
                        <aligny>center</aligny>
                        <textcolor>highlight</textcolor>
                        <shadowcolor></shadowcolor>
                        <label>[CAPITALIZE]$INFO[ListItem.label][/CAPITALIZE]</label>
                    </control>
                </focusedlayout>
                <content>
                    <include condition="window.isactive(games)">skinshortcuts-group-gamesubmenu</include>
					<include condition="window.isactive(pictures)">skinshortcuts-group-picturessubmenu</include>
                    <include condition="String.Contains(container.folderpath,videodb://musicvideos/titles) | window.isactive(music) | window.isactive(radiochannels) | window.isactive(radioguide) | window.isactive(radiorecordings) | window.isactive(radiotimers) | window.isactive(musicplaylist)">skinshortcuts-group-musicsubmenu</include>
                    <include condition="[window.isactive(videos) + !String.Contains(container.folderpath,videodb://musicvideos/titles)] | window.isactive(tvchannels) | window.isactive(tvrecordings) | window.isactive(tvguide) | window.isactive(tvtimers) | window.isactive(videoplaylist)">skinshortcuts-group-videosubmenu</include>
                </content>
            </control>
        </control>
    </include>
</includes>
