<?xml version="1.0" encoding="UTF-8"?>
<includes>
    	        <!-- בלעדי לקודי אנונימוס -->
        <include name="Christmas">
	<control type="group">
	<visible>Skin.HasSetting(enablechristmas)</visible>
	<visible>System.Date(12-24,12-25)</visible><!---(start date, end date, in MM-DD format)--->
       <control type="group">
				<left>100</left>
				<control type="image">
					<left>60</left>
					<width>35</width>
					<height>35</height>
					<texture>snow/snow3.png</texture>
					<aspectratio scalediffuse="false">keep</aspectratio>
					<animation effect="slide" start="0,-50" end="0,1180" time="19000" delay="0" reversible="false" loop="true" condition="true">Conditional</animation>
					<animation effect="rotate" end="-360" time="12000" loop="true" center="auto" condition="true">Conditional</animation>
					<animation effect="rotatey" end="-360" time="8000" loop="true" center="auto" condition="true">Conditional</animation>
				</control>
				<control type="image">
					<left>260</left>
					<width>35</width>
					<height>35</height>
					<texture>snow/snow5.png</texture>
					<aspectratio scalediffuse="false">keep</aspectratio>
					<animation effect="slide" start="0,-600" end="0,1180" time="28000" delay="0" reversible="false" loop="true" condition="true">Conditional</animation>
					<animation effect="rotate" end="-360" time="12000" loop="true" center="auto" condition="true">Conditional</animation>
					<animation effect="rotatey" end="-360" time="14000" loop="true" center="auto" condition="true">Conditional</animation>
				</control>
				<control type="image">
					<left>380</left>
					<width>35</width>
					<height>35</height>
					<texture>snow/snow2.png</texture>
					<aspectratio scalediffuse="false">keep</aspectratio>
					<animation effect="slide" start="0,-960" end="0,1180" time="34000" delay="0" reversible="false" loop="true" condition="true">Conditional</animation>
					<animation effect="rotate" end="-360" time="10000" loop="true" center="auto" condition="true">Conditional</animation>
					<animation effect="rotatey" end="-360" time="17000" loop="true" center="auto" condition="true">Conditional</animation>
				</control>
				<control type="image">
					<left>622</left>
					<width>35</width>
					<height>35</height>
					<texture>snow/snow4.png</texture>
					<aspectratio scalediffuse="false">keep</aspectratio>
					<animation effect="slide" start="0,-100" end="0,1180" time="20000" delay="0" reversible="false" loop="true" condition="true">Conditional</animation>
					<animation effect="rotate" end="-360" time="8000" loop="true" center="auto" condition="true">Conditional</animation>
					<animation effect="rotatey" end="-360" time="10000" loop="true" center="auto" condition="true">Conditional</animation>
				</control>
				<control type="image">
					<left>960</left>
					<width>35</width>
					<height>35</height>
					<texture>snow/snow2.png</texture>
					<aspectratio scalediffuse="false">keep</aspectratio>
					<animation effect="slide" start="0,-500" end="0,1180" time="24000" delay="0" reversible="false" loop="true" condition="true">Conditional</animation>
					<animation effect="rotate" end="-360" time="12000" loop="true" center="auto" condition="true">Conditional</animation>
					<animation effect="rotatey" end="-360" time="12000" loop="true" center="auto" condition="true">Conditional</animation>
				</control>
				<control type="image">
					<left>1200</left>
					<width>35</width>
					<height>35</height>
					<texture>snow/snow3.png</texture>
					<aspectratio scalediffuse="false">keep</aspectratio>
					<animation effect="slide" start="0,-260" end="0,1180" time="18000" delay="0" reversible="false" loop="true" condition="true">Conditional</animation>
					<animation effect="rotate" end="-360" time="12000" loop="true" center="auto" condition="true">Conditional</animation>
					<animation effect="rotatey" end="-360" time="9000" loop="true" center="auto" condition="true">Conditional</animation>
				</control>
				<control type="image">
					<left>1426</left>
					<width>35</width>
					<height>35</height>
					<texture>snow/snow5.png</texture>
					<aspectratio scalediffuse="false">keep</aspectratio>
					<animation effect="slide" start="0,-850" end="0,1180" time="24000" delay="0" reversible="false" loop="true" condition="true">Conditional</animation>
					<animation effect="rotate" end="-360" time="12000" loop="true" center="auto" condition="true">Conditional</animation>
					<animation effect="rotatey" end="-360" time="12000" loop="true" center="auto" condition="true">Conditional</animation>
				</control>
				<control type="image">
					<left>1587</left>
					<width>35</width>
					<height>35</height>
					<texture>snow/snow4.png</texture>
					<aspectratio scalediffuse="false">keep</aspectratio>
					<animation effect="slide" start="0,-1080" end="0,1180" time="35000" delay="0" reversible="false" loop="true" condition="true">Conditional</animation>
					<animation effect="rotate" end="-360" time="12000" loop="true" center="auto" condition="true">Conditional</animation>
					<animation effect="rotatey" end="-360" time="17500" loop="true" center="auto" condition="true">Conditional</animation>
				</control>
			</control>
			<control type="group">
				<control type="image">
					<left>60</left>
					<width>35</width>
					<height>35</height>
					<texture>snow/snow.png</texture>
					<aspectratio scalediffuse="false">keep</aspectratio>
					<animation effect="slide" start="0,-450" end="0,1180" time="24000" delay="0" reversible="false" loop="true" condition="true">Conditional</animation>
					<animation effect="rotate" end="-360" time="12000" loop="true" center="auto" condition="true">Conditional</animation>
					<animation effect="rotatey" end="-360" time="12000" loop="true" center="auto" condition="true">Conditional</animation>
				</control>
				<control type="image">
					<left>260</left>
					<width>35</width>
					<height>35</height>
					<texture>snow/snow.png</texture>
					<aspectratio scalediffuse="false">keep</aspectratio>
					<animation effect="slide" start="0,-200" end="0,1180" time="18000" delay="0" reversible="false" loop="true" condition="true">Conditional</animation>
					<animation effect="rotate" end="-360" time="12000" loop="true" center="auto" condition="true">Conditional</animation>
					<animation effect="rotatey" end="-360" time="9000" loop="true" center="auto" condition="true">Conditional</animation>
				</control>
				<control type="image">
					<left>380</left>
					<width>35</width>
					<height>35</height>
					<texture>snow/snow.png</texture>
					<aspectratio scalediffuse="false">keep</aspectratio>
					<animation effect="slide" start="0,-500" end="0,1180" time="25000" delay="0" reversible="false" loop="true" condition="true">Conditional</animation>
					<animation effect="rotate" end="-360" time="10000" loop="true" center="auto" condition="true">Conditional</animation>
					<animation effect="rotatey" end="-360" time="13500" loop="true" center="auto" condition="true">Conditional</animation>
				</control>
				<control type="image">
					<left>622</left>
					<width>35</width>
					<height>35</height>
					<texture>snow/snow.png</texture>
					<aspectratio scalediffuse="false">keep</aspectratio>
					<animation effect="slide" start="0,-800" end="0,1180" time="32000" delay="0" reversible="false" loop="true" condition="true">Conditional</animation>
					<animation effect="rotate" end="-360" time="8000" loop="true" center="auto" condition="true">Conditional</animation>
					<animation effect="rotatey" end="-360" time="16000" loop="true" center="auto" condition="true">Conditional</animation>
				</control>
				<control type="image">
					<left>960</left>
					<width>35</width>
					<height>35</height>
					<texture>snow/snow.png</texture>
					<aspectratio scalediffuse="false">keep</aspectratio>
					<animation effect="slide" start="0,-50" end="0,1180" time="18000" delay="0" reversible="false" loop="true" condition="true">Conditional</animation>
					<animation effect="rotate" end="-360" time="12000" loop="true" center="auto" condition="true">Conditional</animation>
					<animation effect="rotatey" end="-360" time="9000" loop="true" center="auto" condition="true">Conditional</animation>
				</control>
				<control type="image">
					<left>1200</left>
					<width>35</width>
					<height>35</height>
					<texture>snow/snow.png</texture>
					<aspectratio scalediffuse="false">keep</aspectratio>
					<animation effect="slide" start="0,-960" end="0,1180" time="30000" delay="0" reversible="false" loop="true" condition="true">Conditional</animation>
					<animation effect="rotate" end="-360" time="12000" loop="true" center="auto" condition="true">Conditional</animation>
					<animation effect="rotatey" end="-360" time="15000" loop="true" center="auto" condition="true">Conditional</animation>
				</control>
				<control type="image">
					<left>1426</left>
					<width>35</width>
					<height>35</height>
					<texture>snow/snow.png</texture>
					<aspectratio scalediffuse="false">keep</aspectratio>
					<animation effect="slide" start="0,-160" end="0,1180" time="20000" delay="0" reversible="false" loop="true" condition="true">Conditional</animation>
					<animation effect="rotate" end="-360" time="12000" loop="true" center="auto" condition="true">Conditional</animation>
					<animation effect="rotatey" end="-360" time="10000" loop="true" center="auto" condition="true">Conditional</animation>
				</control>
				<control type="image">
					<left>1587</left>
					<width>35</width>
					<height>35</height>
					<texture>snow/snow.png</texture>
					<aspectratio scalediffuse="false">keep</aspectratio>
					<animation effect="slide" start="0,-300" end="0,1180" time="20000" delay="0" reversible="false" loop="true" condition="true">Conditional</animation>
					<animation effect="rotate" end="-360" time="12000" loop="true" center="auto" condition="true">Conditional</animation>
					<animation effect="rotatey" end="-360" time="10000" loop="true" center="auto" condition="true">Conditional</animation>
				</control>
			</control>
			<control type="group">
				<control type="image">
					<left>520</left>
					<width>55</width>
					<height>55</height>
					<texture>snow/snow3.png</texture>
					<aspectratio scalediffuse="false">keep</aspectratio>
					<animation effect="slide" start="0,-200" end="0,1180" time="22000" delay="0" reversible="false" loop="true" condition="true">Conditional</animation>
					<animation effect="rotate" end="-360" time="12000" loop="true" center="auto" condition="true">Conditional</animation>
					<animation effect="rotatey" end="-360" time="11000" loop="true" center="auto" condition="true">Conditional</animation>
				</control>
				<control type="image">
					<left>730</left>
					<width>55</width>
					<height>55</height>
					<texture>snow/snow5.png</texture>
					<aspectratio scalediffuse="false">keep</aspectratio>
					<animation effect="slide" start="0,-300" end="0,1180" time="25000" delay="0" reversible="false" loop="true" condition="true">Conditional</animation>
					<animation effect="rotate" end="-360" time="12000" loop="true" center="auto" condition="true">Conditional</animation>
					<animation effect="rotatey" end="-360" time="12500" loop="true" center="auto" condition="true">Conditional</animation>
				</control>
				<control type="image">
					<left>980</left>
					<width>55</width>
					<height>55</height>
					<texture>snow/snow2.png</texture>
					<aspectratio scalediffuse="false">keep</aspectratio>
					<animation effect="slide" start="0,-560" end="0,1180" time="30000" delay="0" reversible="false" loop="true" condition="true">Conditional</animation>
					<animation effect="rotate" end="-360" time="10000" loop="true" center="auto" condition="true">Conditional</animation>
					<animation effect="rotatey" end="-360" time="15000" loop="true" center="auto" condition="true">Conditional</animation>
				</control>
				<control type="image">
					<left>1100</left>
					<width>55</width>
					<height>55</height>
					<texture>snow/snow4.png</texture>
					<aspectratio scalediffuse="false">keep</aspectratio>
					<animation effect="slide" start="0,-700" end="0,1180" time="24000" delay="0" reversible="false" loop="true" condition="true">Conditional</animation>
					<animation effect="rotate" end="-360" time="8000" loop="true" center="auto" condition="true">Conditional</animation>
					<animation effect="rotatey" end="-360" time="12000" loop="true" center="auto" condition="true">Conditional</animation>
				</control>
				<control type="image">
					<left>1375</left>
					<width>55</width>
					<height>55</height>
					<texture>snow/snow2.png</texture>
					<aspectratio scalediffuse="false">keep</aspectratio>
					<animation effect="slide" start="0,-1000" end="0,1180" time="35000" delay="0" reversible="false" loop="true" condition="true">Conditional</animation>
					<animation effect="rotate" end="-360" time="12000" loop="true" center="auto" condition="true">Conditional</animation>
					<animation effect="rotatey" end="-360" time="17500" loop="true" center="auto" condition="true">Conditional</animation>
				</control>
				<control type="image">
					<left>1615</left>
					<width>55</width>
					<height>55</height>
					<texture>snow/snow3.png</texture>
					<aspectratio scalediffuse="false">keep</aspectratio>
					<animation effect="slide" start="0,-460" end="0,1180" time="23000" delay="0" reversible="false" loop="true" condition="true">Conditional</animation>
					<animation effect="rotate" end="-360" time="12000" loop="true" center="auto" condition="true">Conditional</animation>
					<animation effect="rotatey" end="-360" time="11500" loop="true" center="auto" condition="true">Conditional</animation>
				</control>
				<control type="image">
					<left>1826</left>
					<width>55</width>
					<height>55</height>
					<texture>snow/snow5.png</texture>
					<aspectratio scalediffuse="false">keep</aspectratio>
					<animation effect="slide" start="0,-450" end="0,1180" time="24000" delay="0" reversible="false" loop="true" condition="true">Conditional</animation>
					<animation effect="rotate" end="-360" time="12000" loop="true" center="auto" condition="true">Conditional</animation>
					<animation effect="rotatey" end="-360" time="12000" loop="true" center="auto" condition="true">Conditional</animation>
				</control>
			</control>
		</control>
        </include> 
		
		<include name="snow">
    <control type="group">
      <visible>Skin.HasSetting(enablesnow)</visible>
      <control type="group">
        <posx>-100</posx>
        <animation effect="rotate" end="20" time="9000" delay="300" condition="true">Conditional</animation>
        <control type="image">
          <posx>40</posx>
          <posy>-180</posy>
          <width>40</width>
          <height>40</height>
          <texture>special://skin/extras/media/snow/snow.png</texture>
          <aspectratio scalediffuse="false">keep</aspectratio>
          <animation effect="slide" start="0,0" end="0,820" time="11000" delay="1600" reversible="false" loop="true" condition="true">Conditional</animation>
          <animation effect="slide" start="40,0" end="-40,0" time="5300" delay="300" reversible="false" condition="true">Conditional</animation>
          <colordiffuse>C2FFFFFF</colordiffuse>
        </control>
        <control type="image">
          <posx>100</posx>
          <posy>-100</posy>
          <width>32</width>
          <height>32</height>
          <texture>special://skin/extras/media/snow/snow1.png</texture>
          <aspectratio scalediffuse="false">keep</aspectratio>
          <animation effect="slide" start="0,0" end="0,1020" time="8000" delay="0" reversible="false" loop="true" condition="true">Conditional</animation>
          <animation effect="slide" start="40,0" end="-20,0" time="3200" delay="300" reversible="false" condition="true">Conditional</animation>
        </control>
        <control type="image">
          <posx>1000</posx>
          <posy>-0</posy>
          <width>30</width>
          <height>30</height>
          <texture>special://skin/extras/media/snow/snow2.png</texture>
          <aspectratio scalediffuse="false">keep</aspectratio>
          <animation effect="slide" start="0,0" end="0,1020" time="8000" delay="0" reversible="false" loop="true" condition="true">Conditional</animation>
          <animation effect="slide" start="40,0" end="-20,0" time="3200" delay="300" reversible="false" condition="true">Conditional</animation>
        </control>
        <control type="image">
          <posx>200</posx>
          <posy>-40</posy>
          <width>20</width>
          <height>20</height>
          <texture>special://skin/extras/media/snow/snow2.png</texture>
          <aspectratio scalediffuse="false">keep</aspectratio>
          <animation effect="slide" start="0,0" end="0,1120" time="12000" delay="1300" reversible="false" loop="true" condition="true">Conditional</animation>
          <animation effect="slide" start="50,0" end="-10,0" time="4300" delay="220" reversible="false" condition="true">Conditional</animation>
        </control>
        <control type="image">
          <posx>260</posx>
          <posy>-80</posy>
          <width>50</width>
          <height>50</height>
          <texture>special://skin/extras/media/snow/snow.png</texture>
          <aspectratio scalediffuse="false">keep</aspectratio>
          <animation effect="slide" start="0,0" end="0,1020" time="13000" delay="2200" reversible="false" loop="true" condition="true">Conditional</animation>
          <animation effect="slide" start="40,0" end="-30,0" time="4000" delay="200" reversible="false" condition="true">Conditional</animation>
        </control>
        <control type="image">
          <posx>390</posx>
          <posy>-210</posy>
          <width>40</width>
          <height>40</height>
          <texture>special://skin/extras/media/snow/snow2.png</texture>
          <aspectratio scalediffuse="false">keep</aspectratio>
          <animation effect="slide" start="0,0" end="0,1120" time="13000" delay="600" reversible="false" loop="true" condition="true">Conditional</animation>
          <animation effect="slide" start="20,0" end="-60,0" time="5300" delay="300" reversible="false" condition="true">Conditional</animation>
          <colordiffuse>C2FFFFFF</colordiffuse>
        </control>
      </control>
      <control type="group">
        <posx>100</posx>
        <animation effect="rotate" start="20" end="40" time="9000" delay="800" condition="true">Conditional</animation>
        <control type="image">
          <posx>80</posx>
          <posy>-100</posy>
          <width>20</width>
          <height>20</height>
          <texture>special://skin/extras/media/snow/snow3.png</texture>
          <aspectratio scalediffuse="false">keep</aspectratio>
          <animation effect="slide" start="0,0" end="0,820" time="8000" delay="1000" reversible="false" loop="true" condition="true">Conditional</animation>
          <animation effect="slide" start="40,0" end="-20,0" time="3200" delay="300" reversible="false" condition="true">Conditional</animation>
        </control>
        <control type="image">
          <posx>240</posx>
          <posy>-40</posy>
          <width>50</width>
          <height>50</height>
          <texture>special://skin/extras/media/snow/snow5.png</texture>
          <aspectratio scalediffuse="false">keep</aspectratio>
          <animation effect="slide" start="0,0" end="0,1020" time="8000" delay="1800" reversible="false" loop="true" condition="true">Conditional</animation>
          <animation effect="slide" start="40,0" end="-30,0" time="4000" delay="200" reversible="false" condition="true">Conditional</animation>
        </control>
        <control type="image">
          <posx>390</posx>
          <posy>-210</posy>
          <width>30</width>
          <height>30</height>
          <texture>special://skin/extras/media/snow/snow4.png</texture>
          <aspectratio scalediffuse="false">keep</aspectratio>
          <animation effect="slide" start="0,0" end="0,1120" time="12000" delay="1500" reversible="false" loop="true" condition="true">Conditional</animation>
          <animation effect="slide" start="20,0" end="-60,0" time="5300" delay="300" reversible="false" condition="true">Conditional</animation>
          <colordiffuse>C2FFFFFF</colordiffuse>
        </control>
      </control>
      <control type="group">
        <posx>600</posx>
        <posy>-200</posy>
        <animation effect="rotate" end="15" time="7000" delay="500" condition="true">Conditional</animation>
        <control type="image">
          <posx>20</posx>
          <posy>-60</posy>
          <width>40</width>
          <height>40</height>
          <texture>special://skin/extras/media/snow/snow3.png</texture>
          <aspectratio scalediffuse="false">keep</aspectratio>
          <animation effect="slide" start="0,0" end="0,1120" time="12000" delay="1300" reversible="false" loop="true" condition="true">Conditional</animation>
          <animation effect="slide" start="50,0" end="-10,0" time="4300" delay="220" reversible="false" condition="true">Conditional</animation>
        </control>
        <control type="image">
          <posx>100</posx>
          <posy>-190</posy>
          <width>32</width>
          <height>32</height>
          <texture>special://skin/extras/media/snow/snow3.png</texture>
          <aspectratio scalediffuse="false">keep</aspectratio>
          <animation effect="slide" start="0,0" end="0,1020" time="9000" delay="2000" reversible="false" loop="true" condition="true">Conditional</animation>
          <animation effect="slide" start="40,0" end="-50,0" time="3200" delay="300" reversible="false" condition="true">Conditional</animation>
        </control>
        <control type="image">
          <posx>260</posx>
          <posy>-80</posy>
          <width>50</width>
          <height>50</height>
          <texture>special://skin/extras/media/snow/snow.png</texture>
          <aspectratio scalediffuse="false">keep</aspectratio>
          <animation effect="slide" start="0,0" end="0,1120" time="8000" delay="2300" reversible="false" loop="true" condition="true">Conditional</animation>
          <animation effect="slide" start="40,0" end="-30,0" time="4000" delay="200" reversible="false" condition="true">Conditional</animation>
        </control>
		<control type="image">
          <posx>660</posx>
          <posy>-10</posy>
          <width>32</width>
          <height>32</height>
          <texture>special://skin/extras/media/snow/snow5.png</texture>
          <aspectratio scalediffuse="false">keep</aspectratio>
          <animation effect="slide" start="0,0" end="0,1120" time="8000" delay="2300" reversible="false" loop="true" condition="true">Conditional</animation>
          <animation effect="slide" start="40,0" end="-30,0" time="4000" delay="200" reversible="false" condition="true">Conditional</animation>
        </control>
        <control type="image">
          <posx>330</posx>
          <posy>-110</posy>
          <width>40</width>
          <height>40</height>
          <texture>special://skin/extras/media/snow/snow.png</texture>
          <aspectratio scalediffuse="false">keep</aspectratio>
          <animation effect="slide" start="0,0" end="0,1020" time="11000" delay="1600" reversible="false" loop="true" condition="true">Conditional</animation>
          <animation effect="slide" start="40,0" end="-40,0" time="5300" delay="300" reversible="false" condition="true">Conditional</animation>
          <colordiffuse>C2FFFFFF</colordiffuse>
        </control>
        <control type="image">
          <posx>390</posx>
          <posy>-110</posy>
          <width>30</width>
          <height>30</height>
          <texture>special://skin/extras/media/snow/snow4.png</texture>
          <aspectratio scalediffuse="false">keep</aspectratio>
          <animation effect="slide" start="0,0" end="0,820" time="12000" delay="2200" reversible="false" loop="true" condition="true">Conditional</animation>
          <animation effect="slide" start="-20,0" end="50,0" time="3300" delay="300" reversible="false" condition="true">Conditional</animation>
          <colordiffuse>C2FFFFFF</colordiffuse>
        </control>
      </control>
      <control type="group">
        <posx>900</posx>
        <animation effect="rotate" start="15" end="30" time="12000" delay="300" condition="true">Conditional</animation>
        <control type="image">
          <posx>100</posx>
          <posy>-200</posy>
          <width>20</width>
          <height>20</height>
          <texture>special://skin/extras/media/snow/snow.png</texture>
          <aspectratio scalediffuse="false">keep</aspectratio>
          <animation effect="slide" start="0,0" end="0,1020" time="8000" delay="3000" reversible="false" loop="true" condition="true">Conditional</animation>
          <animation effect="slide" start="40,0" end="-20,0" time="3200" delay="300" reversible="false" condition="true">Conditional</animation>
        </control>
        <control type="image">
          <posx>1100</posx>
          <posy>-40</posy>
          <width>40</width>
          <height>40</height>
          <texture>special://skin/extras/media/snow/snow2.png</texture>
          <aspectratio scalediffuse="false">keep</aspectratio>
          <animation effect="slide" start="0,0" end="0,1120" time="13000" delay="1300" reversible="false" loop="true" condition="true">Conditional</animation>
          <animation effect="slide" start="50,0" end="-10,0" time="4300" delay="220" reversible="false" condition="true">Conditional</animation>
        </control>
        <control type="image">
          <posx>260</posx>
          <posy>-80</posy>
          <width>50</width>
          <height>50</height>
          <texture>special://skin/extras/media/snow/snow5.png</texture>
          <aspectratio scalediffuse="false">keep</aspectratio>
          <animation effect="slide" start="0,0" end="0,820" time="8000" delay="3300" reversible="false" loop="true" condition="true">Conditional</animation>
          <animation effect="slide" start="40,0" end="-30,0" time="4000" delay="200" reversible="false" condition="true">Conditional</animation>
        </control>
        <control type="image">
          <posx>390</posx>
          <posy>-110</posy>
          <width>20</width>
          <height>20</height>
          <texture>special://skin/extras/media/snow/snow2.png</texture>
          <aspectratio scalediffuse="false">keep</aspectratio>
          <animation effect="slide" start="0,0" end="0,1020" time="12000" delay="3500" reversible="false" loop="true" condition="true">Conditional</animation>
          <animation effect="slide" start="20,0" end="-60,0" time="5300" delay="300" reversible="false" condition="true">Conditional</animation>
          <colordiffuse>C2FFFFFF</colordiffuse>
        </control>
      </control>

    <control type="group">
      <posx>700</posx>
      <posy>80</posy>

      <control type="group">
        <posx>-100</posx>
        <animation effect="rotate" end="20" time="9000" delay="300" condition="true">Conditional</animation>
        <control type="image">
          <posx>40</posx>
          <posy>-180</posy>
          <width>40</width>
          <height>40</height>
          <texture>special://skin/extras/media/snow/snow.png</texture>
          <aspectratio scalediffuse="false">keep</aspectratio>
          <animation effect="slide" start="0,0" end="0,820" time="11000" delay="1600" reversible="false" loop="true" condition="true">Conditional</animation>
          <animation effect="slide" start="40,0" end="-40,0" time="5300" delay="300" reversible="false" condition="true">Conditional</animation>
          <colordiffuse>C2FFFFFF</colordiffuse>
        </control>
        <control type="image">
          <posx>100</posx>
          <posy>-100</posy>
          <width>32</width>
          <height>32</height>
          <texture>special://skin/extras/media/snow/snow1.png</texture>
          <aspectratio scalediffuse="false">keep</aspectratio>
          <animation effect="slide" start="0,0" end="0,1020" time="8000" delay="0" reversible="false" loop="true" condition="true">Conditional</animation>
          <animation effect="slide" start="40,0" end="-20,0" time="3200" delay="300" reversible="false" condition="true">Conditional</animation>
        </control>
        <control type="image">
          <posx>200</posx>
          <posy>-40</posy>
          <width>40</width>
          <height>40</height>
          <texture>special://skin/extras/media/snow/snow5.png</texture>
          <aspectratio scalediffuse="false">keep</aspectratio>
          <animation effect="slide" start="0,0" end="0,1120" time="12000" delay="1300" reversible="false" loop="true" condition="true">Conditional</animation>
          <animation effect="slide" start="50,0" end="-10,0" time="4300" delay="220" reversible="false" condition="true">Conditional</animation>
        </control>
        <control type="image">
          <posx>260</posx>
          <posy>-80</posy>
          <width>50</width>
          <height>50</height>
          <texture>special://skin/extras/media/snow/snow3.png</texture>
          <aspectratio scalediffuse="false">keep</aspectratio>
          <animation effect="slide" start="0,0" end="0,1020" time="13000" delay="2200" reversible="false" loop="true" condition="true">Conditional</animation>
          <animation effect="slide" start="40,0" end="-30,0" time="4000" delay="200" reversible="false" condition="true">Conditional</animation>
        </control>
        <control type="image">
          <posx>390</posx>
          <posy>-210</posy>
          <width>40</width>
          <height>40</height>
          <texture>special://skin/extras/media/snow/snow.png</texture>
          <aspectratio scalediffuse="false">keep</aspectratio>
          <animation effect="slide" start="0,0" end="0,1120" time="13000" delay="600" reversible="false" loop="true" condition="true">Conditional</animation>
          <animation effect="slide" start="20,0" end="-60,0" time="5300" delay="300" reversible="false" condition="true">Conditional</animation>
          <colordiffuse>C2FFFFFF</colordiffuse>
        </control>
      </control>
      <control type="group">
        <posx>100</posx>
        <animation effect="rotate" start="20" end="40" time="9000" delay="800" condition="true">Conditional</animation>
        <control type="image">
          <posx>80</posx>
          <posy>-100</posy>
          <width>20</width>
          <height>20</height>
          <texture>special://skin/extras/media/snow/snow4.png</texture>
          <aspectratio scalediffuse="false">keep</aspectratio>
          <animation effect="slide" start="0,0" end="0,820" time="8000" delay="1000" reversible="false" loop="true" condition="true">Conditional</animation>
          <animation effect="slide" start="40,0" end="-20,0" time="3200" delay="300" reversible="false" condition="true">Conditional</animation>
        </control>
        <control type="image">
          <posx>240</posx>
          <posy>-40</posy>
          <width>50</width>
          <height>50</height>
          <texture>special://skin/extras/media/snow/snow4.png</texture>
          <aspectratio scalediffuse="false">keep</aspectratio>
          <animation effect="slide" start="0,0" end="0,1020" time="8000" delay="1800" reversible="false" loop="true" condition="true">Conditional</animation>
          <animation effect="slide" start="40,0" end="-30,0" time="4000" delay="200" reversible="false" condition="true">Conditional</animation>
        </control>
        <control type="image">
          <posx>390</posx>
          <posy>-210</posy>
          <width>30</width>
          <height>30</height>
          <texture>special://skin/extras/media/snow/snow.png</texture>
          <aspectratio scalediffuse="false">keep</aspectratio>
          <animation effect="slide" start="0,0" end="0,1120" time="12000" delay="1500" reversible="false" loop="true" condition="true">Conditional</animation>
          <animation effect="slide" start="20,0" end="-60,0" time="5300" delay="300" reversible="false" condition="true">Conditional</animation>
          <colordiffuse>C2FFFFFF</colordiffuse>
        </control>
      </control>
      <control type="group">
        <posx>600</posx>
        <posy>-200</posy>
        <animation effect="rotate" end="15" time="7000" delay="500" condition="true">Conditional</animation>
        <control type="image">
          <posx>20</posx>
          <posy>-60</posy>
          <width>24</width>
          <height>24</height>
          <texture>special://skin/extras/media/snow/snow1.png</texture>
          <aspectratio scalediffuse="false">keep</aspectratio>
          <animation effect="slide" start="0,0" end="0,1120" time="12000" delay="1300" reversible="false" loop="true" condition="true">Conditional</animation>
          <animation effect="slide" start="50,0" end="-10,0" time="4300" delay="220" reversible="false" condition="true">Conditional</animation>
        </control>
        <control type="image">
          <posx>100</posx>
          <posy>-190</posy>
          <width>32</width>
          <height>32</height>
          <texture>special://skin/extras/media/snow/snow5.png</texture>
          <aspectratio scalediffuse="false">keep</aspectratio>
          <animation effect="slide" start="0,0" end="0,1020" time="9000" delay="2000" reversible="false" loop="true" condition="true">Conditional</animation>
          <animation effect="slide" start="40,0" end="-50,0" time="3200" delay="300" reversible="false" condition="true">Conditional</animation>
        </control>
        <control type="image">
          <posx>260</posx>
          <posy>-80</posy>
          <width>50</width>
          <height>50</height>
          <texture>special://skin/extras/media/snow/snow3.png</texture>
          <aspectratio scalediffuse="false">keep</aspectratio>
          <animation effect="slide" start="0,0" end="0,1120" time="8000" delay="2300" reversible="false" loop="true" condition="true">Conditional</animation>
          <animation effect="slide" start="40,0" end="-30,0" time="4000" delay="200" reversible="false" condition="true">Conditional</animation>
        </control>
        <control type="image">
          <posx>330</posx>
          <posy>-110</posy>
          <width>40</width>
          <height>40</height>
          <texture>special://skin/extras/media/snow/snow3.png</texture>
          <aspectratio scalediffuse="false">keep</aspectratio>
          <animation effect="slide" start="0,0" end="0,1020" time="11000" delay="1600" reversible="false" loop="true" condition="true">Conditional</animation>
          <animation effect="slide" start="40,0" end="-40,0" time="5300" delay="300" reversible="false" condition="true">Conditional</animation>
          <colordiffuse>C2FFFFFF</colordiffuse>
        </control>
        <control type="image">
          <posx>390</posx>
          <posy>-110</posy>
          <width>32</width>
          <height>32</height>
          <texture>special://skin/extras/media/snow/snow2.png</texture>
          <aspectratio scalediffuse="false">keep</aspectratio>
          <animation effect="slide" start="0,0" end="0,820" time="12000" delay="2200" reversible="false" loop="true" condition="true">Conditional</animation>
          <animation effect="slide" start="-20,0" end="50,0" time="3300" delay="300" reversible="false" condition="true">Conditional</animation>
          <colordiffuse>C2FFFFFF</colordiffuse>
        </control>
      </control>
      <control type="group">
        <posx>900</posx>
        <animation effect="rotate" start="15" end="30" time="12000" delay="300" condition="true">Conditional</animation>
        <control type="image">
          <posx>100</posx>
          <posy>-200</posy>
          <width>20</width>
          <height>20</height>
          <texture>special://skin/extras/media/snow/snow.png</texture>
          <aspectratio scalediffuse="false">keep</aspectratio>
          <animation effect="slide" start="0,0" end="0,1020" time="8000" delay="3000" reversible="false" loop="true" condition="true">Conditional</animation>
          <animation effect="slide" start="40,0" end="-20,0" time="3200" delay="300" reversible="false" condition="true">Conditional</animation>
        </control>
        <control type="image">
          <posx>200</posx>
          <posy>-40</posy>
          <width>40</width>
          <height>40</height>
          <texture>special://skin/extras/media/snow/snow.png</texture>
          <aspectratio scalediffuse="false">keep</aspectratio>
          <animation effect="slide" start="0,0" end="0,1120" time="13000" delay="1300" reversible="false" loop="true" condition="true">Conditional</animation>
          <animation effect="slide" start="50,0" end="-10,0" time="4300" delay="220" reversible="false" condition="true">Conditional</animation>
        </control>
        <control type="image">
          <posx>260</posx>
          <posy>-80</posy>
          <width>50</width>
          <height>50</height>
          <texture>special://skin/extras/media/snow/snow1.png</texture>
          <aspectratio scalediffuse="false">keep</aspectratio>
          <animation effect="slide" start="0,0" end="0,920" time="8000" delay="3300" reversible="false" loop="true" condition="true">Conditional</animation>
          <animation effect="slide" start="40,0" end="-30,0" time="4000" delay="200" reversible="false" condition="true">Conditional</animation>
        </control>
        <control type="image">
          <posx>390</posx>
          <posy>-110</posy>
          <width>32</width>
          <height>32</height>
          <texture>special://skin/extras/media/snow/snow2.png</texture>
          <aspectratio scalediffuse="false">keep</aspectratio>
          <animation effect="slide" start="0,0" end="0,1020" time="12000" delay="3500" reversible="false" loop="true" condition="true">Conditional</animation>
          <animation effect="slide" start="20,0" end="-60,0" time="5300" delay="300" reversible="false" condition="true">Conditional</animation>
          <colordiffuse>C2FFFFFF</colordiffuse>
        </control>
      </control>
	</control>
 </control>
</include>
    <include name="Animation_SlideIn_Bounce">
        <animation type="Visible">
            <effect type="slide" start="0,-50" end="0" time="0" tween="back" easing="out" />
            <effect type="fade" start="0" end="100" time="0" />
        </animation>
        <animation type="WindowOpen">
            <effect type="slide" start="0,-50" end="0" time="0" tween="back" easing="out" />
            <effect type="fade" start="0" end="100" time="0" />
        </animation>
    </include>	
	<include name="DialogOpenCloseAnimation">
		<animation type="WindowOpen" reversible="false">
			<effect type="zoom" start="150" end="100" center="960,540" time="300" tween="cubic" easing="out" />
			<effect type="fade" end="100" time="150" />
		</animation>
		<animation type="WindowClose" reversible="false">
			<effect type="fade" start="100" end="0" time="100" delay="100" />
			<effect type="zoom" start="100" end="130" center="960,540" time="200" tween="cubic" easing="in" />
		</animation>
	</include>
		<include name="DialogPopupAnimation">
		<animation type="WindowOpen" reversible="false">
			<effect type="slide" start="0,-196" end="0" tween="cubic" easing="inout" time="400" />
		</animation>
		<animation type="WindowClose" reversible="false">
			<effect type="slide" end="0,-196" start="0" tween="cubic" easing="inout" time="400" />
		</animation>
	</include>
		<include name="VisibleFadeAnimation">
		<animation effect="fade" time="300">Visible</animation>
		<animation effect="fade" time="300">Hidden</animation>
	</include>
    <include name="Animation_FadeIn">
        <animation effect="fade" start="0" end="100" time="200">Visible</animation>
        <animation effect="fade" start="0" end="100" time="0">WindowOpen</animation>
    </include>
    <include name="Animation_FadeOut">
        <animation effect="fade" end="0" start="100" time="100">Hidden</animation>
        <animation effect="fade" end="0" start="100" time="0">WindowClose</animation>
    </include>
    <include name="Animation_FadeOut_Delay">
        <animation effect="fade" end="0" start="100" time="100" delay="0">Hidden</animation>
        <animation effect="fade" end="0" start="100" time="0" delay="0">WindowClose</animation>
    </include>
    <include name="Animation_Bottom">
        <animation effect="slide" tween="quadratic" easing="out" time="0" start="0,450" end="0">WindowOpen</animation>
        <animation effect="slide" tween="quadratic" easing="in" time="0" end="0,450" start="0">WindowClose</animation>
        <animation effect="slide" tween="quadratic" easing="out" time="0" start="0,450" end="0">Visible</animation>
        <animation effect="slide" tween="quadratic" easing="in" time="0" end="0,450" start="0">Hidden</animation>
    </include>
    <include name="Animation_Left">
        <animation effect="slide" tween="quadratic" easing="out" time="100" start="-1860" end="0" delay="0">WindowOpen</animation>
        <animation effect="slide" tween="quadratic" easing="in" time="0" end="-1860" start="0">WindowClose</animation>
        <animation effect="slide" tween="quadratic" easing="out" time="100" start="-1860" end="0" delay="0">Visible</animation>
        <animation effect="slide" tween="quadratic" easing="in" time="100" end="-1860" start="0">Hidden</animation>
    </include>
    <include name="Animation_Right">
        <animation effect="slide" tween="quadratic" easing="out" time="100" start="1860" end="0" delay="0">WindowOpen</animation>
        <animation effect="slide" tween="quadratic" easing="in" time="0" end="1860" start="0">WindowClose</animation>
        <animation effect="slide" tween="quadratic" easing="out" time="100" start="1860" end="0" delay="0">Visible</animation>
        <animation effect="slide" tween="quadratic" easing="in" time="100" end="1860" start="0">Hidden</animation>
    </include>
    <include name="Animation_Common">
        <animation effect="slide" tween="quadratic" easing="out" time="0" start="1920" end="0">WindowOpen</animation>
        <animation effect="slide" tween="quadratic" easing="in" time="0" end="1920" start="0">WindowClose</animation>
        <animation effect="slide" tween="quadratic" easing="out" time="0" start="-1920" end="0" delay="0">Visible</animation>
        <animation effect="slide" tween="quadratic" easing="in" time="0" end="-1920" start="0">Hidden</animation>
        <animation effect="fade" start="100" end="0" time="0" condition="Window.IsVisible(script-ExtendedInfo Script-VideoList.xml)">Conditional</animation>
        <visible>![Window.IsVisible(DialogVideoInfo.xml) | Window.IsVisible(script-ExtendedInfo Script-DialogInfo.xml) | Window.IsVisible(script-ExtendedInfo Script-DialogVideoInfo.xml) | Window.IsVisible(DialogMusicInfo.xml) | Window.IsVisible(DialogAddonInfo.xml)]</visible>
    </include>
	<include name="Animation_SpinningDisc">
		<animation type="WindowOpen" reversible="false">
			<effect type="slide" tween="cubic" easing="inout" time="1500" delay="100" start="-800" end="0" />
			<effect type="rotate" end="-360" center="auto" time="2000" delay="0" loop="false" tween="cubic" easing="inout" />
		</animation>
		<animation type="Conditional" reversible="false" condition="!Container.OnNext + !Container.OnPrevious">
			<effect type="rotate" end="-360" center="auto" time="6400" delay="1200" loop="false" tween="cubic" easing="inout" />
		</animation>
	</include>
		<include name="AnimatedBackgroundAnimation">
		<animation effect="zoom" start="110" end="130" center="auto" time="9000" pulse="true" condition="Skin.HasSetting(Enable.AnimatedBackgrounds)">Conditional</animation>
		<animation effect="slide" start="-15,-15" end="15,15" time="4500" pulse="true" condition="Skin.HasSetting(Enable.AnimatedBackgrounds)">Conditional</animation>
	</include>
		<include name="WindowOpenCloseAnimation">
		<animation effect="slide" tween="cubic" time="720" start="0,1080" end="0,0">WindowOpen</animation>
		<animation effect="slide" tween="cubic" time="720" end="0,1080" start="0,0">WindowClose</animation>
	</include>
	<include name="ViewAnimation">
	<animation effect="slide" tween="cubic" time="720" start="0,1080" end="0,0">VisibleChange</animation>
	</include>
	<include name="SubMenuAnimation">
		<animation effect="slide" end="0,-90" time="300" tween="cubic" easing="inout" condition="!ControlGroup(9001).HasFocus() + !Control.HasFocus(99100)">Conditional</animation>
		<animation effect="fade" start="100" end="0" time="300" condition="!ControlGroup(9001).HasFocus() + !Control.HasFocus(99100)">Conditional</animation>
	</include>
	        <!-- בלעדי לקודי אנונימוס -->
    <include name="Animation_SlideIn">
        <animation type="Visible">
            <effect type="slide" start="0,-32" end="0" time="0" tween="quadratic" />
            <effect type="fade" start="0" end="100" time="0" />
        </animation>
        <animation type="WindowOpen">
            <effect type="slide" start="0,-32" end="0" time="0" tween="quadratic" />
            <effect type="fade" start="0" end="100" time="0" />
        </animation>
    </include>
	
	
	
	<include name="osd_sub_animation1">
		<animation effect="zoom" start="0" end="100" center="1550,798" time="400">Visible</animation>
		<animation effect="zoom" start="100" end="0" center="1550,798" time="400">Hidden</animation>
	</include>
	<include name="osd_sub_animation2">
		<animation effect="zoom" start="0" end="100" center="1200,798" time="400">Visible</animation>
		<animation effect="zoom" start="100" end="0" center="1200,798" time="400">Hidden</animation>
	</include>

	<include name="cdartspinhome">
		<include condition="StringCompare(System.Language,Hebrew) | Skin.HasSetting(Prefer_RTL)">cdartspinhome_rtl</include>
		<include condition="!StringCompare(System.Language,Hebrew) + !Skin.HasSetting(Prefer_RTL)">cdartspinhome_ltr</include>
		<animation effect="rotate" end="-36000" center="auto" time="500000" loop="true" reversible="false" condition="true">Conditional</animation>
		<animation effect="rotate" end="-360" center="auto" time="3000" loop="true" reversible="false" condition="Player.Forwarding2x">Conditional</animation>
		<animation effect="rotate" end="-360" center="auto" time="2000" loop="true" reversible="false" condition="Player.Forwarding4x">Conditional</animation>
		<animation effect="rotate" end="-360" center="auto" time="1500" loop="true" reversible="false" condition="Player.Forwarding8x">Conditional</animation>
		<animation effect="rotate" end="-360" center="auto" time="1000" loop="true" reversible="false" condition="Player.Forwarding16x">Conditional</animation>
		<animation effect="rotate" end="-360" center="auto" time="500" loop="true" reversible="false" condition="Player.Forwarding32x">Conditional</animation>
		<animation effect="rotate" end="720" center="auto" time="3000" loop="true" reversible="false" condition="Player.Rewinding2x">Conditional</animation>
		<animation effect="rotate" end="720" center="auto" time="2000" loop="true" reversible="false" condition="Player.Rewinding4x">Conditional</animation>
		<animation effect="rotate" end="720" center="auto" time="1500" loop="true" reversible="false" condition="Player.Rewinding8x">Conditional</animation>
		<animation effect="rotate" end="720" center="auto" time="1000" loop="true" reversible="false" condition="Player.Rewinding16x">Conditional</animation>
		<animation effect="rotate" end="720" center="auto" time="500" loop="true" reversible="false" condition="Player.Rewinding32x">Conditional</animation>
		<animation effect="rotate" end="36000" center="auto" time="500000" loop="true" reversible="false" condition="Player.Paused">Conditional</animation>
		<animation effect="rotate" end="-28" center="auto" time="500" reversible="false" condition="Player.Paused">Conditional</animation>
		<animation effect="rotate" end="-15" center="auto" time="500" delay="500" reversible="false" condition="Player.Paused">Conditional</animation>
		<animation effect="rotate" end="-3" center="auto" time="250" delay="1000" reversible="false" condition="Player.Paused">Conditional</animation>
	</include>
	<include name="cdartspinhome_rtl">
		<animation type="WindowOpen">
			<effect type="slide" end="65" tween="cubic" easing="out" delay="500" time="1500" />
			<effect type="rotate" center="auto" end="162" time="2250" />
		</animation>
	</include>
	<include name="cdartspinhome_ltr">
		<animation type="WindowOpen">
			<effect type="slide" end="-65" tween="cubic" easing="out" delay="500" time="1500" />
			<effect type="rotate" center="auto" end="-162" time="2250" />
		</animation>
	</include>
	<include name="cdartspin">
		<animation type="WindowOpen">
			<effect type="slide" end="112" tween="cubic" easing="out" delay="500" time="1500" />
			<effect type="rotate" center="auto" end="162" time="2250" />
		</animation>
		<animation type="WindowClose" reversible="false" condition="Player.Playing">
			<effect type="slide" start="142" end="0" tween="cubic" easing="out" time="1500" />
			<effect type="rotate" center="auto" start="0" end="20" time="500" />
			<effect type="rotate" center="auto" start="0" end="25" time="500" delay="500" />
			<effect type="rotate" center="auto" start="0" end="30" time="500" delay="1000" />
		</animation>
		<animation effect="rotate" end="-36000" center="auto" time="500000" loop="true" reversible="false" condition="true">Conditional</animation>
		<animation effect="rotate" end="-360" center="auto" time="3000" loop="true" reversible="false" condition="Player.Forwarding2x">Conditional</animation>
		<animation effect="rotate" end="-360" center="auto" time="2000" loop="true" reversible="false" condition="Player.Forwarding4x">Conditional</animation>
		<animation effect="rotate" end="-360" center="auto" time="1500" loop="true" reversible="false" condition="Player.Forwarding8x">Conditional</animation>
		<animation effect="rotate" end="-360" center="auto" time="1000" loop="true" reversible="false" condition="Player.Forwarding16x">Conditional</animation>
		<animation effect="rotate" end="-360" center="auto" time="500" loop="true" reversible="false" condition="Player.Forwarding32x">Conditional</animation>
		<animation effect="rotate" end="720" center="auto" time="3000" loop="true" reversible="false" condition="Player.Rewinding2x">Conditional</animation>
		<animation effect="rotate" end="720" center="auto" time="2000" loop="true" reversible="false" condition="Player.Rewinding4x">Conditional</animation>
		<animation effect="rotate" end="720" center="auto" time="1500" loop="true" reversible="false" condition="Player.Rewinding8x">Conditional</animation>
		<animation effect="rotate" end="720" center="auto" time="1000" loop="true" reversible="false" condition="Player.Rewinding16x">Conditional</animation>
		<animation effect="rotate" end="720" center="auto" time="500" loop="true" reversible="false" condition="Player.Rewinding32x">Conditional</animation>
		<animation effect="rotate" end="36000" center="auto" time="500000" loop="true" reversible="false" condition="Player.Paused">Conditional</animation>
		<animation effect="rotate" end="-28" center="auto" time="500" reversible="false" condition="Player.Paused">Conditional</animation>
		<animation effect="rotate" end="-15" center="auto" time="500" delay="500" reversible="false" condition="Player.Paused">Conditional</animation>
		<animation effect="rotate" end="-3" center="auto" time="250" delay="1000" reversible="false" condition="Player.Paused">Conditional</animation>
	</include>
	<include name="dialog_zoom_animation">
		<animation type="WindowOpen" reversible="false">
			<effect type="zoom" start="80" end="100" center="960,540" easing="out" tween="back" time="300"/>
			<effect type="fade" start="0" end="100" time="300"/>
		</animation>
		<animation type="WindowClose" reversible="false">
			<effect type="zoom" start="100" end="80" center="960,540" easing="in" tween="back" time="300"/>
			<effect type="fade" start="100" end="0" time="300"/>
		</animation>
		<animation type="Visible" reversible="false">
			<effect type="zoom" start="80" end="100" center="960,540" easing="out" tween="back" time="300"/>
			<effect type="fade" start="0" end="100" time="300"/>
		</animation>
		<animation type="Hidden" reversible="false">
			<effect type="zoom" start="100" end="80" center="960,540" easing="in" tween="back" time="300"/>
			<effect type="fade" start="100" end="0" time="300"/>
		</animation>
	</include>
	<include name="fade_screen_grey">
		<control type="image">
			<posx>0</posx>
			<posy>0</posy>
			<width>1920</width>
			<height>1080</height>
			<texture background="true" colordiffuse="lightgrey">white.png</texture>
			<animation effect="fade" start="0" end="20" time="100">WindowOpen</animation>
			<animation effect="fade" start="20" end="0" time="300" delay="300">WindowClose</animation>
		</control>
	</include>
	
	
	<!-- AURA -->
    <include name="Animation_FocusBounce">
        <animation type="Focus" condition="!Skin.HasSetting(BounceAnimations)" reversible="false">
            <effect type="zoom" end="110" time="75" tween="sine" easing="out" center="auto" />
            <effect type="zoom" end="90.9090909" time="225" tween="sine" delay="100" easing="out" center="auto" />
        </animation>
    </include>

    <include name="Animation_FocusBounce_Small">
        <animation type="Focus" condition="!Skin.HasSetting(BounceAnimations)" reversible="false">
            <effect type="zoom" end="105" time="75" tween="sine" easing="out" center="auto" />
            <effect type="zoom" end="95.2380952" time="225" tween="sine" delay="100" easing="out" center="auto" />
        </animation>
    </include>

    <include name="Animation_FocusBounce_Large">
        <animation type="Focus" condition="!Skin.HasSetting(BounceAnimations)" reversible="false">
            <effect type="zoom" end="115" time="75" tween="sine" easing="out" center="auto" />
            <effect type="zoom" end="86.9565217" time="225" tween="sine" delay="100" easing="out" center="auto" />
        </animation>
    </include>

    <include name="Animation_Left">
        <animation type="Visible" reversible="false">
            <effect type="fade" start="0" end="100" time="300" tween="sine" easing="out"/>
            <effect type="slide" start="-320" end="0" time="400" tween="cubic" easing="out" />
        </animation>
        <animation type="Hidden" reversible="false">
            <effect type="fade" start="100" end="0" time="300" tween="sine" easing="out" />
            <effect type="slide" start="0" end="-320" time="300" tween="cubic" easing="out" />
        </animation>
        <animation type="WindowOpen" reversible="false">
            <effect type="fade" start="0" end="100" time="300" tween="sine" easing="out"/>
            <effect type="slide" start="-320" end="0" time="400" tween="cubic" easing="out" />
        </animation>
        <animation type="WindowClose" reversible="false">
            <effect type="fade" start="100" end="0" time="300" tween="sine" easing="out" />
            <effect type="slide" start="0" end="-320" time="300" tween="cubic" easing="out" />
        </animation>
    </include>

    <include name="Animation_Right">
        <animation type="Visible" reversible="false">
            <effect type="fade" start="0" end="100" time="300" tween="sine" easing="out"/>
            <effect type="slide" start="320" end="0" time="400" tween="cubic" easing="out" />
        </animation>
        <animation type="Hidden" reversible="false">
            <effect type="fade" start="100" end="0" time="300" tween="sine" easing="out" />
            <effect type="slide" start="0" end="320" time="300" tween="cubic" easing="out" />
        </animation>
        <animation type="WindowOpen" reversible="false">
            <effect type="fade" start="0" end="100" time="300" tween="sine" easing="out"/>
            <effect type="slide" start="320" end="0" time="400" tween="cubic" easing="out" />
        </animation>
        <animation type="WindowClose" reversible="false">
            <effect type="fade" start="100" end="0" time="300" tween="sine" easing="out" />
            <effect type="slide" start="0" end="320" time="300" tween="cubic" easing="out" />
        </animation>
    </include>

    <include name="Animation_Right_Delay">
        <animation type="Visible" reversible="false">
            <effect type="fade" start="0" end="100" time="300" delay="400" tween="sine" easing="out"/>
            <effect type="slide" start="320" end="0" time="400" delay="400" tween="cubic" easing="out" />
        </animation>
        <animation type="Hidden" reversible="false">
            <effect type="fade" start="100" end="0" time="300" tween="sine" easing="out" />
            <effect type="slide" start="0" end="320" time="300" tween="cubic" easing="out" />
        </animation>
        <animation type="WindowOpen" reversible="false">
            <effect type="fade" start="0" end="100" time="300" delay="400" tween="sine" easing="out"/>
            <effect type="slide" start="320" end="0" time="400" delay="400" tween="cubic" easing="out" />
        </animation>
        <animation type="WindowClose" reversible="false">
            <effect type="fade" start="100" end="0" time="300" tween="sine" easing="out" />
            <effect type="slide" start="0" end="320" time="300" tween="cubic" easing="out" />
        </animation>
    </include>

    <include name="Animation_FadeInOut">
        <animation effect="fade" start="0" end="100" time="350" tween="cubic" easing="inout">Visible</animation>
        <animation effect="fade" start="100" end="0" time="350" tween="cubic" easing="inout">Hidden</animation>
    </include>

    <include name="Animation_FadeIn">
        <animation effect="fade" start="0" end="100" time="350" tween="cubic" easing="inout">Visible</animation>
        <animation effect="fade" start="0" end="100" time="350" tween="cubic" easing="inout">WindowOpen</animation>
    </include>

    <include name="Animation_FadeIn_Delay">
        <animation effect="fade" start="0" end="100" time="350" tween="cubic" easing="inout" reversible="false" delay="150">Visible</animation>
    </include>

    <include name="Animation_ZoomIn">
        <animation type="WindowOpen" reversible="false">
            <effect type="fade" start="0" end="100" time="300" tween="sine" easing="in" />
            <effect type="zoom" start="80" end="100" time="300" center="auto" tween="quadratic" easing="out" />
        </animation>
        <animation type="Visible" reversible="false">
            <effect type="fade" start="0" end="100" time="300" tween="sine" easing="in" />
            <effect type="zoom" start="80" end="100" time="300" center="auto" tween="quadratic" easing="out" />
        </animation>
    </include>

    <include name="Animation_FadeIn_Slide">
        <animation type="Visible" reversible="false">
            <effect type="fade" start="0" end="100" time="300" delay="150"/>
            <effect type="slide" start="0,-48" end="0" center="auto" tween="back" easing="out" time="450" delay="150"/>
        </animation>
        <animation type="WindowOpen" reversible="false">
            <effect type="fade" start="0" end="100" time="300" delay="150"/>
            <effect type="slide" start="0,-48" end="0" center="auto" tween="back" easing="out" time="450" delay="150"/>
        </animation>
    </include>
    <include name="Animation_FadeIn_SlideUp">
        <animation type="Visible" reversible="false">
            <effect type="fade" start="0" end="100" time="300" delay="150"/>
            <effect type="slide" start="0,48" end="0" center="auto" tween="back" easing="out" time="450" delay="150"/>
        </animation>
        <animation type="WindowOpen" reversible="false">
            <effect type="fade" start="0" end="100" time="300" delay="150"/>
            <effect type="slide" start="0,48" end="0" center="auto" tween="back" easing="out" time="450" delay="150"/>
        </animation>
    </include>
</includes>