<includes>
    
    <include name="HomeWin10">
        <!-- Header -->
		<!-- <include>Header</include> -->
        <include>Furniture_TopBar_Clock3</include>
        <include>Updateinfo</include>
		<control type="group" id="9005">
            <!-- all widgets -->
            <control type="grouplist" id="77777">
                <posx>30</posx>
                <height>930</height>
                <right>0</right>
                <bottom>0</bottom>
                <ondown>77777</ondown>
                <onleft condition="!Skin.HasSetting(EnhancedHome_Circular)">SetFocus(9000)</onleft>
                <onleft condition="Skin.HasSetting(EnhancedHome_Circular)">77777</onleft>
                <onup>5555</onup>
                <onback>9000</onback>
                <orientation>horizontal</orientation>
                <pagecontrol>317</pagecontrol>
                <itemgap>8</itemgap>
                <onfocus>ClearProperty(ShowViewSubMenu)</onfocus>
                <include>animation_window_open_close</include>
                <animation effect="slide" end="420" time="300" delay="0" tween="cubic" easing="inout" condition="Control.HasFocus(9000) | String.IsEqual(Window(Home).Property(ShowViewSubMenu),show)">Conditional</animation>
                <animation effect="slide" end="0,30" time="300" delay="0" tween="cubic" easing="inout" condition="Window.IsActive(notification) | Window.IsActive(extendedprogressdialog) | Control.IsVisible(88888)">Conditional</animation>
                
                <!-- submenu -->
                <include condition="!Skin.HasSetting(Win10SubmenuRight)">HomeWin10Submenu</include>
                
                <!--white space -->
                <control type="group" id="4447">
                    <width>25</width>
                    <visible>Integer.IsGreater(Container(4445).NumItems,0)</visible>
                </control>
                
                <!-- widgets -->
                <include>skinshortcuts-template-Widgets</include>
                
                <!-- submenu -->
                <include condition="Skin.HasSetting(Win10SubmenuRight)">HomeWin10Submenu</include>
                
                <!-- hidden button to focus when there are no widgets or submenus -->
                <control type="button" id="3331">
                    <texturefocus />
                    <texturenofocus />
                    <visible>String.IsEmpty(Container(9000).ListItem.Property(widget)) + !Integer.IsGreater(Container(4445).NumItems,0)</visible>
                </control>
                
            </control>
            
            <!--horizontal Scrollbar-->
            <control type="group">
                <control type="scrollbar" id="317">
                    <left>40</left>
                    <bottom>0</bottom>
                    <width>1840</width>
                    <height>15</height>
                    <onup>52</onup>
                    <onleft>317</onleft>
                    <onright>317</onright>
                    <orientation>horizontal</orientation>
                    <animation effect="slide" end="0,20" time="300" delay="0" tween="cubic" easing="inout" condition="Window.IsActive(notification) | Window.IsActive(extendedprogressdialog) | Control.IsVisible(88888)">Conditional</animation>
                         <animation effect="fade" start="0" end="100" time="400" condition="Control.HasFocus(60) | Skin.HasSetting(EnableTouchSupport) | Container.Scrolling | Skin.HasSetting(alwaysShowScrollbars)">Conditional</animation>
                    <animation effect="fade" start="100" end="0" time="400" condition="![Control.HasFocus(60) | Skin.HasSetting(EnableTouchSupport) | Container.Scrolling | Skin.HasSetting(alwaysShowScrollbars)]">Conditional</animation>
                </control>
            </control>
            
        </control>
		<!--Side Menu-->
        <include>SideBladeMainMenu</include>
    </include>
    
    <include name="HomeWin10Submenu">
    
        <control type="group" id="4443">
            <width>1</width>
            <height>1</height>
            <animation effect="slide" end="10,-50" time="0" condition="true">Conditional</animation>
            <visible>Integer.IsGreater(Container(4445).NumItems,0)</visible>
            <control type="label">
                <height>40</height>
                <width>440</width>
                <font>Reg28</font>
                <align>left</align>
                <aligny>top</aligny>
                <textcolor>$INFO[Skin.String(HeaderTextColor)]</textcolor>
                <label>$VAR[submenuheader]</label>
            </control>
        </control>
        <control type="panel" id="4444">
            <viewtype label="31436">icons</viewtype>
            <width>440</width>
            <height>880</height>
            <onfocus>ClearProperty(ShowViewSubMenu)</onfocus>
            <orientation>vertical</orientation>
            <preloaditems>4</preloaditems>
            <scrolltime tween="quadratic" easing="out">300</scrolltime>
            <visible>Integer.IsGreater(Container(4445).NumItems,0)</visible>
            <itemlayout height="220" width="220">
                <control type="group">
                    <width>220</width>
                    <height>220</height>
                    <include>SquarePosterPanelLayout</include>
                    <control type="group">
                        <description>label overlay</description>
                        <include>SquarePosterTagOverlay</include>
                        <visible>![Skin.HasSetting(NoTitleOnHomeMenuTiles) + !String.IsEmpty(ListItem.Property(defaultID))] + !String.IsEqual(ListItem.Property(disableLabel), disable)</visible>
                    </control>
                </control>
            </itemlayout>
            <focusedlayout height="220" width="220">
              <control type="group">
                    <width>220</width>
                    <height>220</height>
                    <include>SquarePosterPanelLayoutFocus</include>
                    <control type="group">
                        <description>label overlay</description>
                        <include>SquarePosterTagOverlay</include>
                        <visible>![Skin.HasSetting(NoTitleOnHomeMenuTiles) + !String.IsEmpty(ListItem.Property(defaultID))] + !String.IsEqual(ListItem.Property(disableLabel), disable)</visible>
                    </control>
                </control>
                <control type="button">
                <visible>false</visible>
                <onfocus>ClearProperty(ShowViewSubMenu)</onfocus>
            </control>
            </focusedlayout>
            <content>
                <include>skinshortcuts-submenu</include>
            </content>
        </control>
    </include>
    
    <include name="SideBladeMainMenu">
        <control type="group" id="9001">
            <posx>-640</posx>
            <posy>0</posy>
            <visible>!Window.IsActive(virtualkeyboard)</visible>
            <animation type="Conditional" condition="[ControlGroup(9001).HasFocus() + window.isactive(home)] | ControlGroup(9000).HasFocus() | String.IsEqual(Window(Home).Property(ShowViewSubMenu),show) | Control.HasFocus(9000)">
                <effect type="slide" start="0" end="640" time="300" delay="0" tween="cubic" easing="inout" />
            </animation>
            <!-- panel -->
            <control type="grouplist">
                <orientation>horizontal</orientation>
                <posy>-5%</posy>
                <posx>-20</posx>
                <width>405</width>
                <height>110%</height>
                <itemgap>0</itemgap>
                <!-- bg -->
                <control type="image">
                    <width>404</width>
                    <height>110%</height>
					<texture>colors/black.png</texture>
					<colordiffuse>77000000</colordiffuse>
                    <colordiffuse>$VAR[ThemeHomeSystemBarsColor]</colordiffuse>
                    <aspectratio>stretch</aspectratio>
                </control>
                <!-- panel border -->
                <control type="image">
                    <width>1</width>
                    <height>110%</height>
                    <texture>colors/color_white.png</texture>
                    <colordiffuse>white</colordiffuse>
                    <aspectratio>stretch</aspectratio>
                </control>
            </control>

            <!-- Touch: Menu Button -->
            <control type="button" id="1">
                <visible>Skin.HasSetting(EnableTouchSupport)</visible>
                <visible>!Window.IsActive(notification) + !Window.IsActive(extendedprogressdialog) + !Control.IsVisible(88888)</visible>
                <label>-</label>
                <posx>50</posx>
                <top>20</top>
                <include>animation_fade_visible_hidden</include>
                <width>50</width>
                <height>50</height>
                <font>-</font>
                <onright>40002</onright>
                <ondown>9000</ondown>
                <onleft>77777</onleft>
                <onback>77777</onback>
                <onup>9000</onup>
                <texturefocus colordiffuse="$VAR[Label_SkinSetting_HighlightColor]">common/menu.png</texturefocus>
                <texturenofocus colordiffuse="white">common/menu.png</texturenofocus>
                <onclick>ClearProperty(ShowViewSubMenu, Home)</onclick>
                <onclick>SetFocus(9005)</onclick>
			</control>
			<!-- Shutdown button removed for bottom menu -->
            <!-- logo and bla,   make condition here and in depening on header setting  extras/skinsettinh.xml - home header options , also need bools on home load  if some settings are hidden -->
            <control type="grouplist" id="40000">
                <visible>!Window.IsActive(notification) + !Window.IsActive(extendedprogressdialog) + !Control.IsVisible(88888)</visible>
                <posy>20</posy>
				<posx>0</posx>
                <width>440</width>
                <height>150</height>
				<orientation>vertical</orientation>
                <animation effect="slide" end="0,60" condition="Control.IsVisible(1)">Conditional</animation>
                <include>animation_fade_visible_hidden</include>
                <!-- logo -->
                <control type="image"> <!-- 325x125 -->
					<visible>!Skin.HasSetting(DisableSkinIconMainMenu)</visible>
					<left>10</left>
					<height>80</height>
					<width>375</width>
					<aspectratio align="center">keep</aspectratio>
					<texture background="true" fallback="home/kodi_logo_light.png">$INFO[Skin.String(CustomLogoImage)]</texture>
				</control>
				<control type="label">
					<visible>!Skin.HasSetting(DisableSkinIconMainMenu) + !Skin.HasSetting(DisableProfileMainMenu)</visible>
					<left>0</left>
					<height>10</height>
					<width>1</width>
					<label>-</label>
				</control>
                <!-- user profile -->
                <control type="group" id="40001">
                    <visible>Skin.HasSetting(DisableProfileMainMenu)</visible>
					<height>60</height>
					<width>440</width>
					<left>5</left>
                    <control type="button" id="40002">
                        <!-- localize & hardcoded color -->
                        <label>[B]$INFO[System.ProfileName][/B][CR][COLOR ffc0c0c0]Switch Profiles[/COLOR]</label>
                        <textoffsetx>115</textoffsetx>
                        <align>left</align>
						<aligny>bottom</aligny>
                        <width>384</width>
                        <height>60</height>
                        <font>Reg20</font>
                        <ondown>9000</ondown>
                        <onback>ClearProperty(ShowViewSubMenu, Home)</onback>
										
                        <onback>77777</onback>
                        <onright>ClearProperty(ShowViewSubMenu, Home)</onright>
                        <onright>77777</onright>
                        <textcolor>white</textcolor>
                        <focusedcolor>$VAR[Label_SkinSetting_HighlightColor]</focusedcolor>
                        <texturefocus colordiffuse="$INFO[Skin.String(MainMenuSecondaryFocusButtonColor)]">colors/color_white.png</texturefocus>
                        <texturenofocus>-</texturenofocus>
                        <onclick>ClearProperty(ShowViewSubMenu, Home)</onclick>
                        <onclick>System.LogOff</onclick>
																						  
													  
                    </control>
                    <control type="image">
                        <left>50</left>
                        <top>5</top>
                        <width>50</width>
                        <height>50</height>
                        <texture background="true">$INFO[System.ProfileThumb]</texture>
					</control>
                </control>
            </control>

            <!--main menu 9000-->
            <control type="list" id="9000">
				   
                <posy>15%</posy>
                <width>385</width>
                <height>75%</height>
                <itemgap>0</itemgap>
					  
                <onright condition="Integer.IsGreater(Container(4445).NumItems,0)">4444</onright>
                <onright condition="!Integer.IsGreater(Container(4445).NumItems,0)">77777</onright>
                <onright condition="!Integer.IsGreater(Container(4445).NumItems,0)">ClearProperty(ShowViewSubMenu, Home)</onright>
                <onback>ClearProperty(ShowViewSubMenu, Home)</onback>
                <onback>40003</onback>
                <onup>9000</onup>
                <ondown condition="!Skin.HasSetting(EnhancedHome_Circular)">40003</ondown>
				<ondown condition="Skin.HasSetting(EnhancedHome_Circular)">40003</ondown>
				<onleft>77777</onleft>
				<orientation>vertical</orientation>
                <itemlayout height="80" width="385">
                    <!-- menu item icon -->
                    <control type="group">
                        <visible>!Skin.HasSetting(DisableIconsMainMenu)</visible>
                        <left>0</left>
                        <height>100%</height>
                        <top>0</top>
                        <control type="image">
                            <width>80</width>
                            <height>80</height>
                            <texture background="true">$INFO[ListItem.Icon]</texture>
                            <colordiffuse>white</colordiffuse>
                            <animation end="100" effect="fade" time="0" delay="0" condition="true">Conditional</animation>
                        </control>
                    </control>
                    <!-- menu item label -->
                    <control type="label">
                        <width>230</width>
                        <height>100%</height>
                        <align>right</align>
                        <left>135</left>
                        <font>font24_title</font>
                        <textcolor>white</textcolor>
                        <label>$INFO[ListItem.Label]</label>
                        <animation effect="slide" end="-50" time="0" delay="0" condition="Skin.HasSetting(DisableIconsMainMenu)">Conditional</animation>
                    </control>
                </itemlayout>
                <focusedlayout height="80" width="385">
                    <!-- button focus color -->
					<control type="image">
                        <!-- <texture>indicator/year.png</texture> -->
						 <texture>colors/color_white.png</texture>
                        <colordiffuse>$VAR[Label_SkinSetting_HighlightColor]</colordiffuse>
						<visible>Control.HasFocus(9000)</visible>
                    </control>
                    <!-- menu item icon -->
                    <control type="group">
                        <visible>!Skin.HasSetting(DisableIconsMainMenu)</visible>
                        <left>0</left>
                        <height>100%</height>
                        <top>0</top>
                        <control type="image"> <!-- to use skinicons wide - 910x515 ,*0,068, nice idea but wrong filled textures -->
                            <width>80</width>
                            <height>80</height>
                            <texture background="true">$INFO[ListItem.Icon]</texture>
                            <colordiffuse>white</colordiffuse> <!-- add second color for icon ?-->
                        </control>
                    </control>
                    <!-- menu item label -->
                    <control type="label">
                        <width>230</width>
                        <height>100%</height>
                        <align>right</align>
                        <left>135</left>
                        <aligny>center</aligny>
                        <font>font24_title</font>
                        <textcolor>white</textcolor>
                        <label>$INFO[ListItem.Label]</label>
                        <animation effect="slide" end="-50" time="0" delay="0" condition="Skin.HasSetting(DisableIconsMainMenu)">Conditional</animation>
                    </control>
                    <!-- button border focus color -->
                    <control type="image">
                        <left>380</left>
                        <width>5</width>
                        <height>100%</height>
                        <texture>colors/color_white.png</texture>
                        <colordiffuse>$VAR[Label_SkinSetting_HighlightColor]</colordiffuse>
                        <aspectratio>stretch</aspectratio>
                    </control>
                    <!-- home behavior onfocus -->
                    <include>HiddenHomeMenuButton</include>
                </focusedlayout>
                <include condition="Window.IsActive(Home)">MainMenuContent</include>
                <include condition="Window.IsActive(3018)">netflix_mainmenu_movies</include>
                <include condition="Window.IsActive(3017)">netflix_mainmenu_tvshows</include>
            </control>
			<include>netflix_menubutton</include>
			<!-- custom shutdown -->
<!-- 			<control type="list" id="40003">
			
				<orientation>vertical</orientation>
				<posy>85%</posy>
				<width>384</width>
				<height>125</height>
				<onup condition="!Skin.HasSetting(EnhancedHome_Circular)">40003</onup>
				<onup condition="Skin.HasSetting(EnhancedHome_Circular)">9000</onup>
				<ondown>40003</ondown>
				<onright>ClearProperty(ShowViewSubMenu, Home)</onright>
				<onright>77777</onright>
				<onback>ClearProperty(ShowViewSubMenu, Home)</onback>
				<onback>9000</onback>
				<onleft>9000</onleft>
				<visible>![Skin.HasSetting(DisablePowerMenu) | Skin.HasSetting(HidePowerMenu)]</visible>
				<itemlayout width="384" height="45">
					<control type="label">
						<width>384</width>
						<height>45</height>
						<textoffsetx>50</textoffsetx>
						<align>left</align>
						<aligny>center</aligny>
						<font>Reg24</font>
						<textcolor>white</textcolor>
						<label>$INFO[ListItem.Label]</label>
					</control>
				</itemlayout>
				<focusedlayout width="384" height="45">
					<control type="group">
						<width>100%</width>
						<height>100%</height>
						<control type="image">
							<width>384</width>
							<height>45</height>
							<texture colordiffuse="$INFO[Skin.String(MainMenuSecondaryFocusButtonColor)]">colors/color_white.png</texture>
							<visible>Control.HasFocus(40003)</visible>
						</control>
						<control type="label">
							<width>384</width>
							<height>45</height>
							<textoffsetx>50</textoffsetx>
							<align>left</align>
							<aligny>center</aligny>
							<font>Reg24</font>
							<label>$INFO[ListItem.Label]</label>
							<textcolor>$VAR[Label_SkinSetting_HighlightColor]</textcolor>
							<visible>![Control.HasFocus(4444) | Control.HasFocus(77777) | Control.HasFocus(9000)]</visible> <!-- cause Var and inculdes fail in that case -->
						<!--</control>
						<control type="label">
							<width>384</width>
							<height>45</height>
							<textoffsetx>50</textoffsetx>
							<align>left</align>
							<aligny>center</aligny>
							<font>Reg24</font>
							<label>$INFO[ListItem.Label]</label>
							<textcolor>white</textcolor>
							<visible>[Control.HasFocus(4444) | Control.HasFocus(77777) | Control.HasFocus(9000)]</visible> <!-- cause Var and inculdes fail in that case -->
						<!--</control>
					</control>
				</focusedlayout>
				<content>
					<include>skinshortcuts-group-powermenu</include>
				</content>
			</control> -->
		</control>
        <!-- check for error !! -->
        <include condition="String.Contains(Skin.String(HomeLayout),netflix)">SideBladeSubMenu</include>
    </include>
    
    <include name="SideBladeSubMenu">
		<!-- submenu -->
		<control type="group">
			<posx>420</posx>
			<posy>170</posy>
			<animation type="Conditional" condition="Control.IsVisible(4444)">
				<effect type="fade" start="0" end="100" time="250" delay="0" />
			</animation>
            <animation type="Conditional" condition="String.IsEmpty(Window(Home).Property(ShowViewSubMenu))">
				<effect type="slide" start="0" end="-800" time="0" delay="0" />
			</animation>
			<animation type="Conditional" condition="!Control.IsVisible(4444) | Control.IsVisible(4446)">
				<effect type="fade" start="100" end="0" time="150" delay="0" />
			</animation>
            <animation type="Conditional" condition="!Control.IsVisible(4444) | Control.IsVisible(4446)">
				<effect type="slide" start="0" end="-300" time="5" delay="145" />
			</animation>
			<animation type="Conditional" condition="Integer.IsGreater(Container(9000).Position,0)">
				<effect type="slide" end="0,80" time="0" delay="0" />
			</animation>
			<animation type="Conditional" condition="Integer.IsGreater(Container(9000).Position,1)">
				<effect type="slide" end="0,80" time="0" delay="0" />
			</animation>
			<animation type="Conditional" condition="Integer.IsGreater(Container(9000).Position,2)">
				<effect type="slide" end="0,80" time="0" delay="0" />
			</animation>
			<animation type="Conditional" condition="Integer.IsGreater(Container(9000).Position,3)">
				<effect type="slide" end="0,80" time="0" delay="0" />
			</animation>
			<animation type="Conditional" condition="Integer.IsGreater(Container(9000).Position,4)">
				<effect type="slide" end="0,80" time="0" delay="0" />
			</animation>

			<!--Panel-->
            <control type="image">
				<posy>-10</posy>
				<posx>-20</posx>
				<width>360</width>
				<height>400</height>
				<texture border="5">colors/black.png</texture>

					<colordiffuse>77000000</colordiffuse>
                <colordiffuse>$VAR[ThemeHomeSystemBarsColor]</colordiffuse>
                <visible>Skin.String(MainMenuPanelColor) + !Skin.String(MainMenuPanelColor,None)</visible>
				<aspectratio>stretch</aspectratio>
			</control>
			<control type="list" id="4444">
				<visible allowhiddenfocus="true">[String.IsEqual(Window(Home).Property(submenu),show) | control.hasfocus(4444)] + Integer.IsGreater(Container(4445).NumItems,0) + !Control.IsVisible(4446)</visible>
				<visible>!Skin.HasSetting(DisableAllSubmenus)</visible>
				<width>310</width>
				<height>380</height>
				<itemgap>3</itemgap>
				<onleft>9000</onleft>
				<onleft>ClearProperty(submenu,home)</onleft>
				<onright>ClearProperty(submenu,home)</onright>
				<onright>9005</onright>
                <onright>ClearProperty(ShowViewSubMenu, Home)</onright>
				<onup>4444</onup>
				<ondown>4444</ondown>
				<onback>9000</onback>
				<onback>ClearProperty(submenu,home)</onback>
				<focusposition>0</focusposition>
				<movement>3</movement>
				<itemlayout width="320" height="65">
                    <control type="label">
                        <posx>10</posx>
                        <width>295</width>
                        <align>right</align>
                        <font>font15_title</font>
                        <height>60</height>
                        <textcolor>white</textcolor>
                        <label>$INFO[ListItem.Label]</label>
                    </control>
				</itemlayout>
				<focusedlayout width="320" height="65">
                    <control type="label">
                        <posx>10</posx>
                        <width>295</width>
                        <align>right</align>
                        <font>font15_bold</font>
                        <height>60</height>
                        <textcolor>$VAR[Label_SkinSetting_HighlightColor]</textcolor>
                        <label>[B]$INFO[ListItem.Label][/B]</label>
                        <scroll>true</scroll>
                    </control>
                    <control type="button">
                        <label>-</label>
                        <visible>false</visible>
                        <onfocus>SetProperty(submenu,show,home)</onfocus>
                    </control>
				</focusedlayout>
				<content>
                    <include condition="!Skin.HasSetting(DisableAllSubmenus)">skinshortcuts-submenu</include>
				</content>
			</control>
		</control>
	</include>
    
    <include name="MainMenuContent">
        <content>
            <include>skinshortcuts-mainmenu</include>
        </content>
    </include>
    
    <include name="HomeWin10SpotlightPanel">
        <control type="group" id="$PARAM[widgetid]6">
            <width>1</width>
            <visible>Control.IsVisible($PARAM[widgetid])</visible>
            <control type="group">
                <height>440</height>
                <width>659</width>
                <left>17</left>
                <animation effect="slide" end="0,440" time="0" condition="Skin.String(CompareTxtBottom, $PARAM[position])">Conditional</animation>
                <control type="image">
                    <texture background="true">diffuse/wide.png</texture>
                    <colordiffuse>$VAR[ThemeHomeSystemBarsColor]</colordiffuse>
                    <include condition="Skin.String(thumbsborder_unfocused, 0)">thumbborder_0</include>
                    <include condition="Skin.String(thumbsborder_unfocused, 2)">thumbborder_2</include>
                    <include condition="Skin.String(thumbsborder_unfocused, 4)">thumbborder_4</include>
                    <include condition="Skin.String(thumbsborder_unfocused, 6)">thumbborder_6</include>
                </control>
                <control type="image">
                    <width>100%</width>
                    <height>100%</height>
                    <bordersize>8</bordersize>
                    <texture background="true" diffuse="diffuse/wide.png">$INFO[Container($PARAM[widgetid]).ListItem.Art(fanart)]</texture>
                    <aspectratio scalediffuse="false" align="center" aligny="top">scale</aspectratio>
                    <visible>!String.IsEmpty(Container($PARAM[widgetid]).ListItem.Art(fanart))</visible>
                </control>
                <control type="image">
                    <width>100%</width>
                    <height>100%</height>
                    <bordersize>8</bordersize>
                    <texture background="true" diffuse="diffuse/wide.png">$INFO[Container($PARAM[widgetid]).ListItem.Property(fanart)]</texture>
                    <aspectratio scalediffuse="false" align="center" aligny="top">scale</aspectratio>
                    <visible>!String.IsEmpty(Container($PARAM[widgetid]).ListItem.Property(fanart)) + String.IsEmpty(Container($PARAM[widgetid]).ListItem.Art(fanart))</visible>
                </control>
                <control type="image">
                    <width>100%</width>
                    <height>100%</height>
                    <bordersize>8</bordersize>
                    <texture background="true" diffuse="diffuse/wide.png">$INFO[Container($PARAM[widgetid]).ListItem.Icon]</texture>
                    <aspectratio scalediffuse="false" align="center" aligny="top">scale</aspectratio>
                    <visible>String.IsEmpty(Container($PARAM[widgetid]).ListItem.Property(fanart)) + String.IsEmpty(Container($PARAM[widgetid]).ListItem.Art(fanart))</visible>
                </control>
                <control type="image">
                    <bottom>0</bottom>
                    <height>185</height>
                    <bordersize>8</bordersize>
                    <colordiffuse>$INFO[Skin.String(TagOverlaysPanelColor)]</colordiffuse>
                    <texture border="5">colors/color_white.png</texture>
                </control>
                <control type="label">
                    <bottom>121</bottom>
                    <posx>20</posx>
                    <width>95%</width>
                    <height>45</height>
                    <align>left</align>
                    <label>[B][COLOR=$INFO[Skin.String(ViewDetailsFocusColor)]]$VAR[widgetinfolabel-$PARAM[widgetid]][/COLOR][CR]$VAR[widgetsubtitle-$PARAM[widgetid]][/B]</label>
                    <textcolor>$INFO[Skin.String(TagOverlaysTextColor)]</textcolor>
                    <font>Reg24</font>
                </control>
                <control type="textbox">
                    <bottom>12</bottom>
                    <posx>20</posx>
                    <width>95%</width>
                    <height>97</height>
                    <align>left</align>
                    <label>$INFO[Container($PARAM[widgetid]).ListItem.Plot]</label>
                    <textcolor>$INFO[Skin.String(TagOverlaysTextColor)]</textcolor>
                    <font>Reg24</font>
                    <autoscroll delay="5000" time="3000" repeat="10000">Control.HasFocus($PARAM[widgetid])</autoscroll>
                    <visible>!String.IsEmpty(Container($PARAM[widgetid]).ListItem.Plot)</visible>
                </control>
                <control type="textbox">
                    <bottom>12</bottom>
                    <posx>20</posx>
                    <width>95%</width>
                    <height>97</height>
                    <align>left</align>
                    <label>$INFO[Container($PARAM[widgetid]).ListItem.Property(Plot)]</label>
                    <textcolor>$INFO[Skin.String(TagOverlaysTextColor)]</textcolor>
                    <font>Reg24</font>
                    <autoscroll delay="5000" time="3000" repeat="10000">Control.HasFocus($PARAM[widgetid])</autoscroll>
                    <visible>String.IsEmpty(Container($PARAM[widgetid]).ListItem.Plot)</visible>
                </control>
            </control>
        </control>
    </include>
    <include name="HomeWin10SpotlightPanelLarge">
        <control type="group" id="$PARAM[widgetid]60">
            <height>880</height>
            <width>687</width>
            <animation effect="slide" end="-25" time="0" condition="true">Conditional</animation>
            <visible>Control.IsVisible($PARAM[widgetid])</visible>
            <control type="image">
                <texture background="true">diffuse/wide.png</texture>
                <colordiffuse>$VAR[ThemeHomeSystemBarsColor]</colordiffuse>
                <include condition="Skin.String(thumbsborder_unfocused, 0)">thumbborder_0</include>
                <include condition="Skin.String(thumbsborder_unfocused, 2)">thumbborder_2</include>
                <include condition="Skin.String(thumbsborder_unfocused, 4)">thumbborder_4</include>
                <include condition="Skin.String(thumbsborder_unfocused, 6)">thumbborder_6</include>
            </control>
            <control type="image">
                <texture background="true">diffuse/wide.png</texture>
                <colordiffuse>$VAR[ThemeHomeSystemBarsColor]</colordiffuse>
                <include condition="Skin.String(thumbsborder_unfocused, 0)">thumbborder_0</include>
                <include condition="Skin.String(thumbsborder_unfocused, 2)">thumbborder_2</include>
                <include condition="Skin.String(thumbsborder_unfocused, 4)">thumbborder_4</include>
                <include condition="Skin.String(thumbsborder_unfocused, 6)">thumbborder_6</include>
            </control>
            <control type="image">
                <height>385</height>
                <width>100%</width>
                <height>395</height>
                <bordersize>15</bordersize>
                <texture background="true" diffuse="diffuse/wide.png">$INFO[Container($PARAM[widgetid]).ListItem.Art(fanart)]</texture>
                <aspectratio scalediffuse="false" align="center" aligny="top">scale</aspectratio>
                <visible>!String.IsEmpty(Container($PARAM[widgetid]).ListItem.Art(fanart))</visible>
            </control>
            <control type="image">
                <width>100%</width>
                <height>395</height>
                <bordersize>15</bordersize>
                <texture background="true" diffuse="diffuse/wide.png">$INFO[Container($PARAM[widgetid]).ListItem.Property(fanart)]</texture>
                <aspectratio scalediffuse="false" align="center" aligny="top">scale</aspectratio>
                <visible>!String.IsEmpty(Container($PARAM[widgetid]).ListItem.Property(fanart)) + String.IsEmpty(Container($PARAM[widgetid]).ListItem.Art(fanart))</visible>
            </control>
            <control type="image">
                <width>100%</width>
                <height>395</height>
                <bordersize>15</bordersize>
                <texture background="true" diffuse="diffuse/wide.png">$INFO[Container($PARAM[widgetid]).ListItem.Icon]</texture>
                <aspectratio scalediffuse="false" align="center" aligny="top">scale</aspectratio>
                <visible>String.IsEmpty(Container($PARAM[widgetid]).ListItem.Property(fanart)) + String.IsEmpty(Container($PARAM[widgetid]).ListItem.Art(fanart))</visible>
            </control>
            <control type="textbox">
                <top>410</top>
                <left>15</left>
                <right>15</right>
                <height>60</height>
                <align>left</align>
                <label>[B][COLOR=$INFO[Skin.String(ViewDetailsFocusColor)]]$VAR[widgetinfolabel-$PARAM[widgetid]][/COLOR][CR]$VAR[widgetsubtitle-$PARAM[widgetid]][/B]</label>
                <textcolor>$INFO[Skin.String(TagOverlaysTextColor)]</textcolor>
                <font>Reg26</font>
            </control>
            <control type="textbox">
                <bottom>15</bottom>
                <top>490</top>
                <left>15</left>
                <right>15</right>
                <align>left</align>
                <label>$INFO[Container($PARAM[widgetid]).ListItem.Plot]</label>
                <textcolor>$INFO[Skin.String(TagOverlaysTextColor)]</textcolor>
                <font>Reg24</font>
                <autoscroll delay="5000" time="3000" repeat="10000">Control.HasFocus($PARAM[widgetid])</autoscroll>
                <visible>!String.IsEmpty(Container($PARAM[widgetid]).ListItem.Plot)</visible>
            </control>
            <control type="textbox">
                <bottom>15</bottom>
                <top>490</top>
                <left>15</left>
                <right>15</right>
                <align>left</align>
                <label>$INFO[Container($PARAM[widgetid]).ListItem.Property(Plot)]</label>
                <textcolor>$INFO[Skin.String(TagOverlaysTextColor)]</textcolor>
                <font>Reg24</font>
                <autoscroll delay="5000" time="3000" repeat="10000">Control.HasFocus($PARAM[widgetid])</autoscroll>
                <visible>String.IsEmpty(Container($PARAM[widgetid]).ListItem.Plot)</visible>
            </control>
        </control>
    </include>
    
    <!-- supported widget styles -->
    <include name="win10_widget_layout_square1">
        <itemlayout height="220" width="220">
            <include>SquarePosterPanelLayout</include>
            <control type="group">
                <description>widget label overlay</description>
                <include condition="!Skin.String(Widgets_DisplayTags,disable)">SquarePosterTagOverlay</include>
                <include condition="Skin.String(Widgets_DisplayTags,auto)">SquarePosterTagOverlayVisibility</include>
                <include name="$PARAM[widgetTags]" content="$PARAM[widgetTags]" condition="Skin.String(Widgets_DisplayTags,override)">
                    <param name="prefix" value="SquarePoster" />
                </include>
            </control>
        </itemlayout>
        <focusedlayout height="220" width="220">
            <include>SquarePosterPanelLayoutFocus</include>
            <control type="group">
                <description>widget label overlay</description>
                <include condition="!Skin.String(Widgets_DisplayTags,disable)">SquarePosterTagOverlay</include>
                <include condition="Skin.String(Widgets_DisplayTags,auto)">SquarePosterTagOverlayVisibility</include>
                <include name="$PARAM[widgetTags]" content="$PARAM[widgetTags]" condition="Skin.String(Widgets_DisplayTags,override)">
                    <param name="prefix" value="SquarePoster" />
                </include>
            </control>
            <control type="button">
                <visible>false</visible>
                <onfocus>Setproperty(SkinHelper.WidgetContainer,$PARAM[widgetid])</onfocus>
                <onfocus>ClearProperty(ShowViewSubMenu)</onfocus>
            </control>
        </focusedlayout>
    </include>
    <include name="win10_widget_layout_small_poster">
        <itemlayout height="220" width="165">
            <include>SmallPosterPanelLayout</include>
            <control type="group">
                <description>widget label overlay</description>
                <include condition="!Skin.String(Widgets_DisplayTags,disable)">SmallPosterTagOverlay</include>
                <include condition="Skin.String(Widgets_DisplayTags,auto)">PosterTagOverlayVisibility</include>
                <include name="$PARAM[widgetTags]" content="$PARAM[widgetTags]" condition="Skin.String(Widgets_DisplayTags,override)">
                    <param name="prefix" value="Poster" />
                </include>
            </control>
        </itemlayout>
        <focusedlayout height="220" width="165">
            <include>SmallPosterPanelLayoutFocus</include>
            <control type="group">
                <description>widget label overlay</description>
                <include condition="!Skin.String(Widgets_DisplayTags,disable)">SmallPosterTagOverlay</include>
                <include condition="Skin.String(Widgets_DisplayTags,auto)">PosterTagOverlayVisibility</include>
                <include name="$PARAM[widgetTags]" content="$PARAM[widgetTags]" condition="Skin.String(Widgets_DisplayTags,override)">
                    <param name="prefix" value="Poster" />
                </include>
            </control>
            <control type="button">
                <visible>false</visible>
                <onfocus>Setproperty(SkinHelper.WidgetContainer,$PARAM[widgetid])</onfocus>
                <onfocus>ClearProperty(ShowViewSubMenu)</onfocus>
            </control>
        </focusedlayout>
    </include>
    <include name="win10_widget_layout_landscape">
        <itemlayout height="220" width="330">
            <include>ThumbsViewLayout</include>
            <control type="group">
                <description>widget label overlay</description>
                <include condition="!Skin.String(Widgets_DisplayTags,disable)">ThumbsTagOverlay</include>
                <include condition="Skin.String(Widgets_DisplayTags,auto)">LandscapeTagOverlayVisibility</include>
                <include name="$PARAM[widgetTags]" content="$PARAM[widgetTags]" condition="Skin.String(Widgets_DisplayTags,override)">
                    <param name="prefix" value="Landscape" />
                </include>
            </control>
        </itemlayout>
        <focusedlayout height="220" width="330">
            <include>$VAR[Label_SkinSetting_HighlightColor]</include>
            <control type="group">
                <description>widget label overlay</description>
                <include condition="!Skin.String(Widgets_DisplayTags,disable)">ThumbsTagOverlay</include>
                <include condition="Skin.String(Widgets_DisplayTags,auto)">LandscapeTagOverlayVisibility</include>
                <include name="$PARAM[widgetTags]" content="$PARAM[widgetTags]" condition="Skin.String(Widgets_DisplayTags,override)">
                    <param name="prefix" value="Landscape" />
                </include>
            </control>
            <control type="button">
                <visible>false</visible>
                <onfocus>Setproperty(SkinHelper.WidgetContainer,$PARAM[widgetid])</onfocus>
                <onfocus>ClearProperty(ShowViewSubMenu)</onfocus>
            </control>
        </focusedlayout>
    </include>
    <include name="win10_widget_layout_banner">
        <itemlayout height="146" width="660">
            <control type="image">
                <texture border="5">diffuse/banner.png</texture>
                <colordiffuse>$VAR[ThemeHomeSystemBarsColor]</colordiffuse>
                <aspectratio scalediffuse="false" align="left">stretch</aspectratio>
                <include condition="Skin.String(thumbsborder_unfocused, 0)">thumbborder_0</include>
                <include condition="Skin.String(thumbsborder_unfocused, 2)">thumbborder_2</include>
                <include condition="Skin.String(thumbsborder_unfocused, 4)">thumbborder_4</include>
                <include condition="Skin.String(thumbsborder_unfocused, 6)">thumbborder_6</include>
            </control>
            <include>BannerLayout</include>
        </itemlayout>
        <focusedlayout height="146" width="660">
            <control type="image">
                <texture border="5">diffuse/banner.png</texture>
                <colordiffuse>$INFO[Skin.String(HomeViewDetailsBorderFocusColor)]</colordiffuse>
                <aspectratio scalediffuse="false" align="left">stretch</aspectratio>
                <include condition="Skin.String(thumbsborder_focused, 2)">thumbborder_2</include>
                <include condition="Skin.String(thumbsborder_focused, 4)">thumbborder_4</include>
                <include condition="Skin.String(thumbsborder_focused, 6)">thumbborder_6</include>
            </control>
            <include>BannerLayout</include>
            <control type="button">
                <visible>false</visible>
                <onfocus>SetProperty(SkinHelper.WidgetContainer,$PARAM[widgetid])</onfocus>
                <onfocus>ClearProperty(ShowViewSubMenu)</onfocus>
            </control>
        </focusedlayout>
    </include>
    
    <!-- unsupported widget styles: use substitute -->
    <include name="win10_widget_layout_default">
        <include name="win10_widget_layout_square" content="win10_widget_layout_square">
            <param name="widgetid" value="$PARAM[widgetid]" />
            <param name="widgetTags" value="$PARAM[widgetTags]" />
        </include>
    </include>
    <include name="win10_widget_layout_None">
        <include name="win10_widget_layout_square" content="win10_widget_layout_square">
            <param name="widgetid" value="$PARAM[widgetid]" />
            <param name="widgetTags" value="$PARAM[widgetTags]" />
        </include>
    </include>
    <include name="win10_widget_layout_minisquare">
        <include name="win10_widget_layout_square" content="win10_widget_layout_square">
            <param name="widgetid" value="$PARAM[widgetid]" />
            <param name="widgetTags" value="$PARAM[widgetTags]" />
        </include>
    </include>
    <include name="win10_widget_layout_poster">
        <include name="win10_widget_layout_small_poster" content="win10_widget_layout_small_poster">
            <param name="widgetid" value="$PARAM[widgetid]" />
            <param name="widgetTags" value="$PARAM[widgetTags]" />
        </include>
    </include>
    <include name="win10_widget_layout_smallposter">
        <include name="win10_widget_layout_small_poster" content="win10_widget_layout_small_poster">
            <param name="widgetid" value="$PARAM[widgetid]" />
            <param name="widgetTags" value="$PARAM[widgetTags]" />
        </include>
    </include>
    <include name="win10_widget_layout_posterdetails">
        <include name="win10_widget_layout_small_poster" content="win10_widget_layout_small_poster">
            <param name="widgetid" value="$PARAM[widgetid]" />
            <param name="widgetTags" value="$PARAM[widgetTags]" />
        </include>
    </include>
    <include name="win10_widget_layout_landscapedetails">
        <include name="win10_widget_layout_landscape" content="win10_widget_layout_landscape">
            <param name="widgetid" value="$PARAM[widgetid]" />
            <param name="widgetTags" value="$PARAM[widgetTags]" />
        </include>
    </include>
    <include name="win10_widget_layout_landscapesmall">
        <include name="win10_widget_layout_landscape" content="win10_widget_layout_landscape">
            <param name="widgetid" value="$PARAM[widgetid]" />
            <param name="widgetTags" value="$PARAM[widgetTags]" />
        </include>
    </include>
    <include name="win10_widget_layout_landscapelarge">
        <include name="win10_widget_layout_landscape" content="win10_widget_layout_landscape">
            <param name="widgetid" value="$PARAM[widgetid]" />
            <param name="widgetTags" value="$PARAM[widgetTags]" />
        </include>
    </include>
    <include name="win10_widget_layout_singlebox">
        <include name="win10_widget_layout_square" content="win10_widget_layout_square">
            <param name="widgetid" value="$PARAM[widgetid]" />
            <param name="widgetTags" value="$PARAM[widgetTags]" />
        </include>
    </include>
    <include name="win10_widget_layout_widebox">
        <include name="win10_widget_layout_square" content="win10_widget_layout_square">
            <param name="widgetid" value="$PARAM[widgetid]" />
            <param name="widgetTags" value="$PARAM[widgetTags]" />
        </include>
    </include>
</includes>