<?xml version="1.0" encoding="utf-8"?>
<includes>
    <expression name="facadeHasFocus">
        [Control.HasFocus(50)|
        Control.HasFocus(51)|
        Control.HasFocus(57)|
        Control.HasFocus(58)|
        Control.HasFocus(59)|
        Control.HasFocus(54)|
        Control.HasFocus(53)|
        Control.HasFocus(56)|
        Control.HasFocus(5050)|
        Control.HasFocus(8999)|
        ControlGroup(9000).Hasfocus]
    </expression>
    <expression name="ContentIsPoster">
        [Container.content(actors) |
        Container.Content(musicvideos) |
        [container.content(movies)+!String.IsEqual(Container.FolderName,$LOCALIZE[19017])] |
        container.content(TVshows) |
        container.content(seasons) |
        Container.Content(sets)]
    </expression>
    <expression name="ContentIsEpisode">
        [Container.content(episodes)|[container.content(movies)+String.IsEqual(Container.FolderName,$LOCALIZE[19017])]]
    </expression>
    <expression name="ContentIsChannel">
        [Window.IsActive(MyPVRChannels.xml)|
        Window.IsActive(MyPVRGuide.xml)|
        Window.IsActive(MyPVRTimers.xml)|
        Window.IsActive(MyPVRRecordings.xml)|
        Window.IsActive(MyPVRSearch.xml)]
    </expression>
    <expression name="ContentIsSquare">
        ![Container.content(actors) |
        Container.Content(musicvideos) |
        container.content(movies) |
        container.content(TVshows) |
        container.content(seasons) |
        Window.IsActive(MyPVRChannels.xml) |
        Window.IsActive(MyPVRGuide.xml)|
        Window.IsActive(MyPVRTimers.xml) |
        Window.IsActive(MyPVRRecordings.xml) |
        Window.IsActive(MyPVRSearch.xml) |
        container.content(episodes) |
        Container.Content(sets)]
    </expression>
    <expression name="LeftHomeMenuHasFocus">
        [Control.HasFocus(9000)|Control.HasFocus(9001)|Control.HasFocus(8999)|Control.HasFocus(9060)]
    </expression>
    <expression name="HomeSubMenuHasFocus">
        [Control.HasFocus(9001)|Control.HasFocus(9020)|Control.HasFocus(9021)]
    </expression>
    <expression name="LeftHomeSubMenuHasFocus">
        [Control.HasFocus(9001)|Control.HasFocus(89990)|Control.HasFocus(9061)]
    </expression>
    <expression name="HomeWidgetCollectionHasFocus">
        [Control.isvisible(378433)]
    </expression>
    <expression name="View53HasTopFocus">
        [[Window.isActive(MyPVRChannels.xml)+[Container(53).Row(3)|Container(53).Row(4)|Container(53).Row(5)]]|
        [!Window.isActive(MyPVRChannels.xml)+[[!Container(53).content(episodes)+!Skin.HasSetting(53_BigGrid)+!Skin.HasSetting(53_UseBanners)+[Container(53).Row(3)|Container(53).Row(4)|Container(53).Row(5)]]
        |[!Container(53).content(episodes)+Skin.HasSetting(53_BigGrid)+!Skin.HasSetting(53_UseBanners)+[Container(53).Row(2)|Container(53).Row(3)]]
        |[!Container(53).content(episodes)+Skin.HasSetting(53_UseBanners)+[Container(53).Row(3)|Container(53).Row(4)|Container(53).Row(5)]]
        |[Container(53).content(episodes)+[Container(53).Row(2)|Container(53).Row(3)]]]]]
    </expression>
</includes>
