<?xml version="1.0" encoding="utf-8"?>
<includes>
    <include name="SkinShortcuts_Window_Back_Level">
        <control type="image">
            <posx>25</posx>
            <posy>183</posy>
            <height>810</height>
            <width>1870</width>
            <texture border="35">$VAR[Theme.Color]/common/JewelCase2.png</texture>
        </control>
        <control type="multiimage">
            <visible>!Skin.HasSetting(DisableFanart)</visible>
            <posx>60</posx>
            <posy>183</posy>
            <width>1800</width>
            <height>810</height>
            <imagepath background="true">$VAR[SkinShortcutBackgrounds]</imagepath>
            <aspectratio aligny="top">scale</aspectratio>
            <timeperimage>5000</timeperimage>
            <fadetime>400</fadetime>
            <randomize>true</randomize>
        </control>
        <control type="image">
            <include>OverlayTransparency</include>
            <posx>60</posx>
            <posy>183</posy>
            <width>1800</width>
            <height>810</height>
            <colordiffuse>$VAR[Picked.Theme.Color]</colordiffuse>
            <texture>special://skin/backgrounds/default/$VAR[Theme.Color].png</texture>
        </control>
    </include>
    <include name="SkinShortcuts_Window_Navigation_Horizontal">
        <control type="group">
            <posx>1800</posx>
            <posy>-450</posy>
            <control type="label">
                <visible>!Window.IsVisible(CustomPlexHomeSettings.xml)</visible>
                <posx>0</posx>
                <posy>1160</posy>
                <width>840</width>
                <height>100</height>
                <align>right</align>
                <scroll>true</scroll>
                <font>FacadeListSubFont</font>
                <label>[COLOR=NoFocusedColor]$ADDON[script.skinshortcuts 32041]:[/COLOR] [B]$INFO[Container(211).ListItem.Property(Path)][/B]</label>
            </control>
            <control type="label">
                <posx>0</posx>
                <posy>1310</posy>
                <width>840</width>
                <height>100</height>
                <align>right</align>
                <scroll>true</scroll>
                <font>FacadeListSubFont</font>
                <label>[COLOR=NoFocusedColor]$LOCALIZE[31059]:[/COLOR] [B]$VAR[SkinShortcutBackgroundDescription][/B]</label>
            </control>
        </control>
        <control type="scrollbar" id="260">
            <posx>60</posx>
            <posy>163</posy>
            <width>1800</width>
            <include>HorizontalScroller</include>
            <onup>9000</onup>
            <ondown>211</ondown>
        </control>
        <control type="button" id="3010">
            <posx>60</posx>
            <posy>203</posy>
            <width>100</width>
            <height>360</height>
            <include>HiddenButton</include>
            <onclick>Control.Move(211,-1)</onclick>
        </control>
        <control type="button" id="3020">
            <posx>1760</posx>
            <posy>203</posy>
            <width>100</width>
            <height>360</height>
            <include>HiddenButton</include>
            <onclick>Control.Move(211,1)</onclick>
        </control>
    </include>
    <include name="SkinShortcuts_Window_Navigation_Vertical">
        <control type="image" id="11">
            <visible>!Window.IsVisible(CustomPlexHomeSettings.xml)</visible>
            <posx>700</posx>
            <posy>870</posy>
            <width>1160</width>
            <height>1</height>
            <texture border="150,0,150,0">$VAR[Theme.Color]/list/bg_facade_separator.png</texture>
        </control>
        <control type="group">
            <posx>760</posx>
            <posy>-200</posy>
            <control type="label">
                <visible>!Window.IsVisible(CustomPlexHomeSettings.xml)</visible>
                <posx>0</posx>
                <posy>1060</posy>
                <width>1040</width>
                <height>100</height>
                <align>left</align>
                <scroll>true</scroll>
                <font>FacadeListSubFont</font>
                <label>[COLOR=NoFocusedColor]$ADDON[script.skinshortcuts 32041]:[/COLOR] [B]$INFO[Container(211).ListItem.Property(Path)][/B]</label>
            </control>
            <control type="label">
                <posx>0</posx>
                <posy>1110</posy>
                <width>1040</width>
                <height>100</height>
                <align>left</align>
                <scroll>true</scroll>
                <font>FacadeListSubFont</font>
                <label>[COLOR=NoFocusedColor]$LOCALIZE[31059]:[/COLOR] [B]$VAR[SkinShortcutBackgroundDescription][/B]</label>
            </control>
        </control>
        <control type="scrollbar" id="260">
            <posx>40</posx>
            <posy>183</posy>
            <height>810</height>
            <include>VerticalScroller</include>
            <onright>211</onright>
            <onleft>9000</onleft>
        </control>
    </include>
    <include name="SkinShortcuts_MainMenu_Horizontal">
        <posx>60</posx>
        <posy>203</posy>
        <width>1800</width>
        <height>360</height>
        <itemgap>0</itemgap>
        <onright>211</onright>
        <onleft>211</onleft>
        <ondown>30000</ondown>
        <onup>260</onup>
        <orientation>horizontal</orientation>
        <viewtype label="535">list</viewtype>
        <preloaditems>2</preloaditems>
        <pagecontrol>260</pagecontrol>
        <itemlayout height="360" width="565">
            <control type="image">
                <visible>String.StartsWith(ListItem.Property(LabelID),weather)</visible>
                <animation effect="fade" start="100" end="25" time="100" condition="[String.IsEqual(ListItem.Property(skinshortcuts-disabled),True) + Window.IsVisible(script-skinshortcuts.xml)]">Conditional</animation>
                <posx>30</posx>
                <posy>0</posy>
                <width>585</width>
                <height>360</height>
                <texture background="true">special://skin/backgrounds/Weather.jpg</texture>
                <aspectratio>scale</aspectratio>
                <include>ThumbBorder</include>
            </control>
            <control type="image">
                <visible>!String.StartsWith(ListItem.Property(LabelID),weather)</visible>
                <animation effect="fade" start="100" end="25" time="100" condition="[String.IsEqual(ListItem.Property(hide),True) + Window.IsVisible(CustomPlexHomeSettings.xml)]|[String.IsEqual(ListItem.Property(skinshortcuts-disabled),True) + Window.IsVisible(script-skinshortcuts.xml)]">Conditional</animation>
                <posx>30</posx>
                <posy>0</posy>
                <width>585</width>
                <height>360</height>
                <texture background="true" fallback="special://skin/backgrounds/default/default.jpg">$INFO[ListItem.Icon]</texture>
                <aspectratio>scale</aspectratio>
                <include>ThumbBorder</include>
            </control>
            <control type="label">
                <visible>[String.IsEqual(ListItem.Property(hide),True) + Window.IsVisible(CustomPlexHomeSettings.xml)]|[String.IsEqual(ListItem.Property(skinshortcuts-disabled),True) + Window.IsVisible(script-skinshortcuts.xml)]</visible>
                <posx>30</posx>
                <posy>0</posy>
                <width>585</width>
                <height>360</height>
                <align>center</align>
                <include>TextColor_AlternateColor</include>
                <label>$LOCALIZE[13106]</label>
            </control>
        </itemlayout>
        <focusedlayout height="360" width="565">
            <control type="group">
                <include>ThumbFocusAnimation</include>
                <control type="image">
                    <visible>String.StartsWith(ListItem.Property(LabelID),weather)</visible>
                    <animation effect="fade" start="100" end="25" time="100" condition="[String.IsEqual(ListItem.Property(skinshortcuts-disabled),True) + Window.IsVisible(script-skinshortcuts.xml)]">Conditional</animation>
                    <posx>30</posx>
                    <posy>0</posy>
                    <width>585</width>
                    <height>360</height>
                    <texture background="true">special://skin/backgrounds/Weather.jpg</texture>
                    <aspectratio>scale</aspectratio>
                    <include>ThumbBorder</include>
                </control>
                <control type="image">
                    <visible>!String.StartsWith(ListItem.Property(LabelID),weather)</visible>
                    <animation effect="fade" start="100" end="25" time="100" condition="[String.IsEqual(ListItem.Property(hide),True) + Window.IsVisible(CustomPlexHomeSettings.xml)]|[String.IsEqual(ListItem.Property(skinshortcuts-disabled),True) + Window.IsVisible(script-skinshortcuts.xml)]">Conditional</animation>
                    <posx>30</posx>
                    <posy>0</posy>
                    <width>585</width>
                    <height>360</height>
                    <texture background="true" fallback="special://skin/backgrounds/default/default.jpg">$INFO[ListItem.Icon]</texture>
                    <aspectratio>scale</aspectratio>
                    <include>ThumbBorder</include>
                </control>
                <control type="image">
                    <posx>65</posx>
                    <posy>200</posy>
                    <width>515</width>
                    <height>125</height>
                    <colordiffuse>$VAR[Picked.Theme.Color]</colordiffuse>
                    <texture border="2">$VAR[Theme.Color]/common/widget_gradient.png</texture>
                </control>
                <control type="label">
                    <posx>85</posx>
                    <posy>259</posy>
                    <width>475</width>
                    <aligny>top</aligny>
                    <align>center</align>
                    <font>HomeItemFont</font>
                    <include>TextColor_MainColor</include>
                    <label>$INFO[ListItem.Label]</label>
                </control>
                <control type="image">
                    <visible>control.hasfocus(211)</visible>
                    <posx>65</posx>
                    <posy>35</posy>
                    <width>515</width>
                    <height>290</height>
                    <colordiffuse>$VAR[Picked.Theme.Color]</colordiffuse>
                    <texture border="10">$VAR[Theme.Color]/common/frame_focus.png</texture>
                </control>
                <control type="label">
                    <visible>[String.IsEqual(ListItem.Property(hide),True) + Window.IsVisible(CustomPlexHomeSettings.xml)]|[String.IsEqual(ListItem.Property(skinshortcuts-disabled),True) + Window.IsVisible(script-skinshortcuts.xml)]</visible>
                    <posx>30</posx>
                    <posy>0</posy>
                    <width>585</width>
                    <height>360</height>
                    <align>center</align>
                    <include>TextColor_AlternateColor</include>
                    <label>$LOCALIZE[13106]</label>
                </control>
            </control>
        </focusedlayout>
        <include condition="Skin.HasSetting(plexbmc)+Window.isactive(CustomPlexHomeSettings.xml)">Plexbmc.Items.SkinSettings</include>
    </include>
    <include name="SkinShortcuts_MainMenu_Vertical">
        <posx>60</posx>
        <posy>203</posy>
        <width>600</width>
        <height>810</height>
        <itemgap>0</itemgap>
        <onleft>260</onleft>
        <ondown>211</ondown>
        <onup>211</onup>
        <onright>30000</onright>
        <orientation>vertical</orientation>
        <viewtype label="535">list</viewtype>
        <preloaditems>2</preloaditems>
        <pagecontrol>260</pagecontrol>
        <focusposition>0</focusposition>
        <movement>0</movement>
        <itemlayout height="78" width="600">
            <control type="label">
                <animation effect="fade" start="100" end="40" time="0" condition="[String.IsEqual(ListItem.Property(hide),True) + Window.IsVisible(CustomPlexHomeSettings.xml)]|[String.IsEqual(ListItem.Property(skinshortcuts-disabled),True) + Window.IsVisible(script-skinshortcuts.xml)]">Conditional</animation>
                <posx>50</posx>
                <posy>5</posy>
                <width>500</width>
                <height>78</height>
                <font>LeftMenuButtonFont</font>
                <scroll>false</scroll>
                <include>TextColor_AlternateColor</include>
                <label>$INFO[ListItem.Label]</label>
            </control>
        </itemlayout>
        <focusedlayout height="78" width="600">
            <control type="group">
                <include>ButtonFocusAnimation</include>
                <control type="image">
                    <animation effect="fade" start="100" end="50" time="0" reversible="false" condition="!Control.HasFocus(211)">Conditional</animation>
                    <posx>0</posx>
                    <posy>0</posy>
                    <height>78</height>
                    <width>600</width>
                    <colordiffuse>$VAR[Picked.Theme.Color]</colordiffuse>
                    <texture border="1">$VAR[Theme.Color]/list/bg_facade_focus.png</texture>
                </control>
                <control type="label">
                    <animation effect="fade" start="100" end="40" time="0" condition="[String.IsEqual(ListItem.Property(hide),True) + Window.IsVisible(CustomPlexHomeSettings.xml)]|[String.IsEqual(ListItem.Property(skinshortcuts-disabled),True) + Window.IsVisible(script-skinshortcuts.xml)]">Conditional</animation>
                    <posx>50</posx>
                    <posy>0</posy>
                    <width>500</width>
                    <height>78</height>
                    <font>LeftMenuButtonFont</font>
                    <scroll>true</scroll>
                    <include>TextColor_MainColor</include>
                    <label>$INFO[ListItem.Label]</label>
                </control>
            </control>
        </focusedlayout>
        <include condition="Skin.HasSetting(plexbmc)+Window.isactive(CustomPlexHomeSettings.xml)">Plexbmc.Items.SkinSettings</include>
    </include>
    <include name="SkinShortcuts_Widgets_Vertical_Position">
        <posx>700</posx>
        <posy>203</posy>
        <width>1030</width>
        <height>650</height>
        <onup>211</onup>
        <onleft>211</onleft>
        <onright>30060</onright>
    </include>
    <include name="SkinShortcuts_Widgets_Vertical_Scroller_Position">
        <posx>1826</posx>
        <posy>183</posy>
        <height>670</height>
        <onup>noop</onup>
        <ondown>noop</ondown>
        <onleft>30000</onleft>
        <onright>noop</onright>
    </include>
    <include name="SkinShortcuts_Widgets">
        <control type="grouplist" id="30000">
            <include condition="Skin.HasSetting(VerticalHome)">SkinShortcuts_Widgets_Vertical_Position</include>
            <posx>65</posx>
            <posy>560</posy>
            <width>830</width>
            <height>432</height>
            <itemgap>0</itemgap>
            <onup>211</onup>
            <onleft>30060</onleft>
            <pagecontrol>30060</pagecontrol>
            <control type="button" id="31200">
                <label>$ADDON[script.skinshortcuts 32099] 1$INFO[Container(211).ListItem.Property(widgetName),[COLOR=SeparatorColor] › [/COLOR]]</label>
                <width>830</width>
                <textwidth>1100</textwidth>
                <height>50</height>
                <include>LeftMenuButton</include>
                <onclick>SendClick(312)</onclick>
            </control>
            <control type="group" id="40400">
                <height>145</height>
                <visible>!String.IsEmpty(Container(211).ListItem.Property(widgetName))</visible>
                <control type="button" id="40410">
                    <posy>0</posy>
                    <label>$ADDON[script.skinshortcuts 32025]</label>
                    <visible>String.IsEqual(Window.Property(groupname),mainmenu)</visible>
                    <onclick>RunScript(script.skin.helper.service,action=setskinshortcutsproperty,header=$ADDON[script.skinshortcuts 32025][COLOR=SeparatorColor] › [/COLOR]$ADDON[script.skinshortcuts 32099] 1,property=widgetName)</onclick>
                    <width>830</width>
                    <textwidth>1100</textwidth>
                    <align>left</align>
                    <font>DonationFont</font>
                    <height>33</height>
                    <include>LeftMenuButton</include>
                    <onup>31200</onup>
                    <ondown>40420</ondown>
                </control>
                <control type="button" id="40420">
                    <posy>30</posy>
                    <label>$LOCALIZE[3111500][COLOR=SeparatorColor] › [/COLOR]$VAR[WidgetAspectLabel]</label>
                    <visible>String.IsEqual(Window.Property(groupname),mainmenu)</visible>
                    <enable>!String.IsEqual(Container(211).ListItem.Property(widgetName),weather) + !String.IsEqual(Container(211).ListItem.Property(widgetName),settings)</enable>
                    <onclick>SetProperty(chooseProperty,widgetAspect)</onclick>
                    <onclick>SendClick(404)</onclick>
                    <width>830</width>
                    <textwidth>1100</textwidth>
                    <align>left</align>
                    <font>DonationFont</font>
                    <height>33</height>
                    <include>LeftMenuButton</include>
                    <onup>40410</onup>
                    <ondown>40430</ondown>
                </control>
                <control type="button" id="40430">
                    <posy>60</posy>
                    <label>$LOCALIZE[580][COLOR=SeparatorColor] › [/COLOR]$VAR[WidgetSortByLabel]</label>
                    <visible>String.IsEqual(Window.Property(groupname),mainmenu)</visible>
                    <enable>!String.IsEqual(Container(211).ListItem.Property(widgetName),weather) + !String.IsEqual(Container(211).ListItem.Property(widgetName),settings) + !String.IsEqual(Container(211).ListItem.Property(widgetName),Playlists)</enable>
                    <onclick>SetProperty(chooseProperty,widgetSortBy)</onclick>
                    <onclick>SendClick(404)</onclick>
                    <width>830</width>
                    <textwidth>1100</textwidth>
                    <align>left</align>
                    <font>DonationFont</font>
                    <height>33</height>
                    <include>LeftMenuButton</include>
                    <onup>40420</onup>
                    <ondown>40440</ondown>
                </control>
                <control type="button" id="40440">
                    <posy>90</posy>
                    <label>$LOCALIZE[581][COLOR=SeparatorColor] › [/COLOR]$VAR[WidgetSortDirectionLabel]</label>
                    <visible>String.IsEqual(Window.Property(groupname),mainmenu)</visible>
                    <enable>!String.IsEqual(Container(211).ListItem.Property(widgetName),weather) + !String.IsEqual(Container(211).ListItem.Property(widgetName),settings) + !String.IsEqual(Container(211).ListItem.Property(widgetName),Playlists)</enable>
                    <onclick>SetProperty(chooseProperty,widgetSortDirection)</onclick>
                    <onclick>SendClick(404)</onclick>
                    <width>830</width>
                    <textwidth>1100</textwidth>
                    <align>left</align>
                    <font>DonationFont</font>
                    <height>33</height>
                    <include>LeftMenuButton</include>
                    <onup>40430</onup>
                    <ondown>31201</ondown>
                </control>
            </control>
            <control type="button" id="31201">
                <label>$ADDON[script.skinshortcuts 32099] 2$INFO[Container(211).ListItem.Property(widgetName.1),[COLOR=SeparatorColor] › [/COLOR]]</label>
                <width>830</width>
                <textwidth>1100</textwidth>
                <height>50</height>
                <include>LeftMenuButton</include>
                <onclick>SetProperty(widgetID,1)</onclick>
                <onclick>SendClick(312)</onclick>
            </control>
            <control type="group" id="40401">
                <height>145</height>
                <visible>!String.IsEmpty(Container(211).ListItem.Property(widgetName.1))</visible>
                <control type="button" id="40411">
                    <posy>0</posy>
                    <label>$ADDON[script.skinshortcuts 32025]</label>
                    <onclick>RunScript(script.skin.helper.service,action=setskinshortcutsproperty,header=$ADDON[script.skinshortcuts 32025][COLOR=SeparatorColor] › [/COLOR]$ADDON[script.skinshortcuts 32099] 2,property=widgetName.1)</onclick>
                    <width>830</width>
                    <textwidth>1100</textwidth>
                    <align>left</align>
                    <font>DonationFont</font>
                    <height>33</height>
                    <include>LeftMenuButton</include>
                    <onup>31201</onup>
                    <ondown>40421</ondown>
                </control>
                <control type="button" id="40421">
                    <posy>30</posy>
                    <label>$LOCALIZE[3111500][COLOR=SeparatorColor] › [/COLOR]$VAR[WidgetAspectLabel.1]</label>
                    <enable>!String.IsEqual(Container(211).ListItem.Property(widgetName.1),weather) + !String.IsEqual(Container(211).ListItem.Property(widgetName.1),settings)</enable>
                    <onclick>SetProperty(chooseProperty,widgetAspect.1)</onclick>
                    <onclick>SendClick(404)</onclick>
                    <width>830</width>
                    <textwidth>1100</textwidth>
                    <align>left</align>
                    <font>DonationFont</font>
                    <height>33</height>
                    <include>LeftMenuButton</include>
                    <onup>40411</onup>
                    <ondown>40431</ondown>
                </control>
                <control type="button" id="40431">
                    <posy>60</posy>
                    <label>$LOCALIZE[580][COLOR=SeparatorColor] › [/COLOR]$VAR[WidgetSortByLabel.1]</label>
                    <enable>!String.IsEqual(Container(211).ListItem.Property(widgetName.1),weather) + !String.IsEqual(Container(211).ListItem.Property(widgetName.1),settings) + !String.IsEqual(Container(211).ListItem.Property(widgetName.1),Playlists)</enable>
                    <onclick>SetProperty(chooseProperty,widgetSortBy.1)</onclick>
                    <onclick>SendClick(404)</onclick>
                    <width>830</width>
                    <textwidth>1100</textwidth>
                    <align>left</align>
                    <font>DonationFont</font>
                    <height>33</height>
                    <include>LeftMenuButton</include>
                    <onup>40421</onup>
                    <ondown>40441</ondown>
                </control>
                <control type="button" id="40441">
                    <posy>90</posy>
                    <label>$LOCALIZE[581][COLOR=SeparatorColor] › [/COLOR]$VAR[WidgetSortDirectionLabel.1]</label>
                    <enable>!String.IsEqual(Container(211).ListItem.Property(widgetName.1),weather) + !String.IsEqual(Container(211).ListItem.Property(widgetName.1),settings) + !String.IsEqual(Container(211).ListItem.Property(widgetName.1),Playlists)</enable>
                    <onclick>SetProperty(chooseProperty,widgetSortDirection.1)</onclick>
                    <onclick>SendClick(404)</onclick>
                    <width>830</width>
                    <textwidth>1100</textwidth>
                    <align>left</align>
                    <font>DonationFont</font>
                    <height>33</height>
                    <include>LeftMenuButton</include>
                    <onup>40431</onup>
                    <ondown>31202</ondown>
                </control>
            </control>
            <control type="button" id="31202">
                <label>$ADDON[script.skinshortcuts 32099] 3$INFO[Container(211).ListItem.Property(widgetName.2),[COLOR=SeparatorColor] › [/COLOR]]</label>
                <width>830</width>
                <textwidth>1100</textwidth>
                <height>50</height>
                <include>LeftMenuButton</include>
                <onclick>SetProperty(widgetID,2)</onclick>
                <onclick>SendClick(312)</onclick>
            </control>
            <control type="group" id="40402">
                <height>145</height>
                <visible>!String.IsEmpty(Container(211).ListItem.Property(widgetName.2))</visible>
                <control type="button" id="40412">
                    <posy>0</posy>
                    <label>$ADDON[script.skinshortcuts 32025]</label>
                    <onclick>RunScript(script.skin.helper.service,action=setskinshortcutsproperty,header=$ADDON[script.skinshortcuts 32025][COLOR=SeparatorColor] › [/COLOR]$ADDON[script.skinshortcuts 32099] 3,property=widgetName.2)</onclick>
                    <width>830</width>
                    <textwidth>1100</textwidth>
                    <align>left</align>
                    <font>DonationFont</font>
                    <height>33</height>
                    <include>LeftMenuButton</include>
                    <onup>31202</onup>
                    <ondown>40422</ondown>
                </control>
                <control type="button" id="40422">
                    <posy>30</posy>
                    <label>$LOCALIZE[3111500][COLOR=SeparatorColor] › [/COLOR]$VAR[WidgetAspectLabel.2]</label>
                    <enable>!String.IsEqual(Container(211).ListItem.Property(widgetName.2),weather) + !String.IsEqual(Container(211).ListItem.Property(widgetName.2å),settings)</enable>
                    <onclick>SetProperty(chooseProperty,widgetAspect.2)</onclick>
                    <onclick>SendClick(404)</onclick>
                    <width>830</width>
                    <textwidth>1100</textwidth>
                    <align>left</align>
                    <font>DonationFont</font>
                    <height>33</height>
                    <include>LeftMenuButton</include>
                    <onup>40412</onup>
                    <ondown>40432</ondown>
                </control>
                <control type="button" id="40432">
                    <posy>60</posy>
                    <label>$LOCALIZE[580][COLOR=SeparatorColor] › [/COLOR]$VAR[WidgetSortByLabel.2]</label>
                    <enable>!String.IsEqual(Container(211).ListItem.Property(widgetName.2),weather) + !String.IsEqual(Container(211).ListItem.Property(widgetName.2),settings) + !String.IsEqual(Container(211).ListItem.Property(widgetName.2),Playlists)</enable>
                    <onclick>SetProperty(chooseProperty,widgetSortBy.2)</onclick>
                    <onclick>SendClick(404)</onclick>
                    <width>830</width>
                    <textwidth>1100</textwidth>
                    <align>left</align>
                    <font>DonationFont</font>
                    <height>33</height>
                    <include>LeftMenuButton</include>
                    <onup>40422</onup>
                    <ondown>40442</ondown>
                </control>
                <control type="button" id="40442">
                    <posy>90</posy>
                    <label>$LOCALIZE[581][COLOR=SeparatorColor] › [/COLOR]$VAR[WidgetSortDirectionLabel.2]</label>
                    <enable>!String.IsEqual(Container(211).ListItem.Property(widgetName.2),weather) + !String.IsEqual(Container(211).ListItem.Property(widgetName.2),settings) + !String.IsEqual(Container(211).ListItem.Property(widgetName.2),Playlists)</enable>
                    <onclick>SetProperty(chooseProperty,widgetSortDirection.2)</onclick>
                    <onclick>SendClick(404)</onclick>
                    <width>830</width>
                    <textwidth>1100</textwidth>
                    <align>left</align>
                    <font>DonationFont</font>
                    <height>33</height>
                    <include>LeftMenuButton</include>
                    <onup>40432</onup>
                    <ondown>31203</ondown>
                </control>
            </control>
            <control type="button" id="31203">
                <label>$ADDON[script.skinshortcuts 32099] 4$INFO[Container(211).ListItem.Property(widgetName.3),[COLOR=SeparatorColor] › [/COLOR]]</label>
                <width>830</width>
                <textwidth>1100</textwidth>
                <height>50</height>
                <include>LeftMenuButton</include>
                <onclick>SetProperty(widgetID,3)</onclick>
                <onclick>SendClick(312)</onclick>
            </control>
            <control type="group" id="40403">
                <height>145</height>
                <visible>!String.IsEmpty(Container(211).ListItem.Property(widgetName.3))</visible>
                <control type="button" id="40413">
                    <posy>0</posy>
                    <label>$ADDON[script.skinshortcuts 32025]</label>
                    <onclick>RunScript(script.skin.helper.service,action=setskinshortcutsproperty,header=$ADDON[script.skinshortcuts 32025][COLOR=SeparatorColor] › [/COLOR]$ADDON[script.skinshortcuts 32099] 4,property=widgetName.3)</onclick>
                    <width>830</width>
                    <textwidth>1100</textwidth>
                    <align>left</align>
                    <font>DonationFont</font>
                    <height>33</height>
                    <include>LeftMenuButton</include>
                    <onup>31203</onup>
                    <ondown>40423</ondown>
                </control>
                <control type="button" id="40423">
                    <posy>30</posy>
                    <label>$LOCALIZE[3111500][COLOR=SeparatorColor] › [/COLOR]$VAR[WidgetAspectLabel.3]</label>
                    <enable>!String.IsEqual(Container(211).ListItem.Property(widgetName.3),weather) + !String.IsEqual(Container(211).ListItem.Property(widgetName.3),settings)</enable>
                    <onclick>SetProperty(chooseProperty,widgetAspect.3)</onclick>
                    <onclick>SendClick(404)</onclick>
                    <width>830</width>
                    <textwidth>1100</textwidth>
                    <align>left</align>
                    <font>DonationFont</font>
                    <height>33</height>
                    <include>LeftMenuButton</include>
                    <onup>40413</onup>
                    <ondown>40433</ondown>
                </control>
                <control type="button" id="40433">
                    <posy>60</posy>
                    <label>$LOCALIZE[580][COLOR=SeparatorColor] › [/COLOR]$VAR[WidgetSortByLabel.3]</label>
                    <enable>!String.IsEqual(Container(211).ListItem.Property(widgetName.3),weather) + !String.IsEqual(Container(211).ListItem.Property(widgetName.3),settings) + !String.IsEqual(Container(211).ListItem.Property(widgetName.3),Playlists)</enable>
                    <onclick>SetProperty(chooseProperty,widgetSortBy.3)</onclick>
                    <onclick>SendClick(404)</onclick>
                    <width>830</width>
                    <textwidth>1100</textwidth>
                    <align>left</align>
                    <font>DonationFont</font>
                    <height>33</height>
                    <include>LeftMenuButton</include>
                    <onup>40423</onup>
                    <ondown>40443</ondown>
                </control>
                <control type="button" id="40443">
                    <posy>90</posy>
                    <label>$LOCALIZE[581][COLOR=SeparatorColor] › [/COLOR]$VAR[WidgetSortDirectionLabel.3]</label>
                    <enable>!String.IsEqual(Container(211).ListItem.Property(widgetName.3),weather) + !String.IsEqual(Container(211).ListItem.Property(widgetName.3),settings) + !String.IsEqual(Container(211).ListItem.Property(widgetName.3),Playlists)</enable>
                    <onclick>SetProperty(chooseProperty,widgetSortDirection.3)</onclick>
                    <onclick>SendClick(404)</onclick>
                    <width>830</width>
                    <textwidth>1100</textwidth>
                    <align>left</align>
                    <font>DonationFont</font>
                    <height>33</height>
                    <include>LeftMenuButton</include>
                    <onup>40433</onup>
                    <ondown>31204</ondown>
                </control>
            </control>
            <control type="button" id="31204">
                <label>$ADDON[script.skinshortcuts 32099] 5$INFO[Container(211).ListItem.Property(widgetName.4),[COLOR=SeparatorColor] › [/COLOR]]</label>
                <width>830</width>
                <textwidth>1100</textwidth>
                <height>50</height>
                <include>LeftMenuButton</include>
                <onclick>SetProperty(widgetID,4)</onclick>
                <onclick>SendClick(312)</onclick>
            </control>
            <control type="group" id="40404">
                <height>145</height>
                <visible>!String.IsEmpty(Container(211).ListItem.Property(widgetName.4))</visible>
                <control type="button" id="40414">
                    <posy>0</posy>
                    <label>$ADDON[script.skinshortcuts 32025]</label>
                    <onclick>RunScript(script.skin.helper.service,action=setskinshortcutsproperty,header=$ADDON[script.skinshortcuts 32025][COLOR=SeparatorColor] › [/COLOR]$ADDON[script.skinshortcuts 32099] 5,property=widgetName.4)</onclick>
                    <width>830</width>
                    <textwidth>1100</textwidth>
                    <align>left</align>
                    <font>DonationFont</font>
                    <height>33</height>
                    <include>LeftMenuButton</include>
                    <onup>31204</onup>
                    <ondown>40424</ondown>
                </control>
                <control type="button" id="40424">
                    <posy>30</posy>
                    <label>$LOCALIZE[3111500][COLOR=SeparatorColor] › [/COLOR]$VAR[WidgetAspectLabel.4]</label>
                    <enable>!String.IsEqual(Container(211).ListItem.Property(widgetName.4),weather) + !String.IsEqual(Container(211).ListItem.Property(widgetName.4),settings)</enable>
                    <onclick>SetProperty(chooseProperty,widgetAspect.4)</onclick>
                    <onclick>SendClick(404)</onclick>
                    <width>830</width>
                    <textwidth>1100</textwidth>
                    <align>left</align>
                    <font>DonationFont</font>
                    <height>33</height>
                    <include>LeftMenuButton</include>
                    <onup>40414</onup>
                    <ondown>40434</ondown>
                </control>
                <control type="button" id="40434">
                    <posy>60</posy>
                    <label>$LOCALIZE[580][COLOR=SeparatorColor] › [/COLOR]$VAR[WidgetSortByLabel.4]</label>
                    <enable>!String.IsEqual(Container(211).ListItem.Property(widgetName.4),weather) + !String.IsEqual(Container(211).ListItem.Property(widgetName.4),settings) + !String.IsEqual(Container(211).ListItem.Property(widgetName.4),Playlists)</enable>
                    <onclick>SetProperty(chooseProperty,widgetSortBy.4)</onclick>
                    <onclick>SendClick(404)</onclick>
                    <width>830</width>
                    <textwidth>1100</textwidth>
                    <align>left</align>
                    <font>DonationFont</font>
                    <height>33</height>
                    <include>LeftMenuButton</include>
                    <onup>40424</onup>
                    <ondown>40444</ondown>
                </control>
                <control type="button" id="40444">
                    <posy>90</posy>
                    <label>$LOCALIZE[581][COLOR=SeparatorColor] › [/COLOR]$VAR[WidgetSortDirectionLabel.4]</label>
                    <enable>!String.IsEqual(Container(211).ListItem.Property(widgetName.4),weather) + !String.IsEqual(Container(211).ListItem.Property(widgetName.4),settings) + !String.IsEqual(Container(211).ListItem.Property(widgetName.4),Playlists)</enable>
                    <onclick>SetProperty(chooseProperty,widgetSortDirection.4)</onclick>
                    <onclick>SendClick(404)</onclick>
                    <width>830</width>
                    <textwidth>1100</textwidth>
                    <align>left</align>
                    <font>DonationFont</font>
                    <height>33</height>
                    <include>LeftMenuButton</include>
                    <onup>40434</onup>
                    <ondown>40434</ondown>
                </control>
            </control>
        </control>
        <control type="scrollbar" id="30060">
            <include condition="Skin.HasSetting(VerticalHome)">SkinShortcuts_Widgets_Vertical_Scroller_Position</include>
            <posx>40</posx>
            <posy>560</posy>
            <height>420</height>
            <include>VerticalScroller</include>
            <onleft>30060</onleft>
            <onright>30000</onright>
        </control>
    </include>
</includes>
