<?xml version="1.0" encoding="utf-8"?>
<includes>
    <include name="Vertical_Home_Layout">
        <control type="group" id="505052">
            <control type="button" id="899900">
                <description>Fake button for mouse control</description>
                <posx>0</posx>
                <posy>0</posy>
                <width>1920</width>
                <height>1080</height>
                <onup>700</onup>
                <ondown>700</ondown>
                <onleft>9000</onleft>
                <onright>60</onright>
                <include>HiddenButton</include>
                <!--<onfocus>SetFocus(700)</onfocus>-->
            </control>
            <control type="grouplist" id="700">
                <posx>0</posx>
                <posy>183</posy>
                <animation effect="slide" tween="circle" easing="inout" time="150" start="0,0" end="510,0" condition="!$EXP[HomeWidgetCollectionHasFocus]">Conditional</animation>
                <animation effect="slide" tween="circle" easing="inout" time="150" start="0,0" end="510,0" condition="$EXP[LeftHomeSubMenuHasFocus]">Conditional</animation>
                <pagecontrol>60</pagecontrol>
                <itemgap>0</itemgap>
                <include>WidgetsCollection</include>
            </control>
            <control type="scrollbar" id="60">
                <visible allowhiddenfocus="true">control.hasfocus(60)</visible>
                <include>OpenClose</include>
                <posx>1886</posx>
                <posy>183</posy>
                <height>897</height>
                <include>VerticalScroller</include>
                <onleft>700</onleft>
                <onright>60</onright>
            </control>
            <control type="group">
                <animation effect="slide" tween="circle" easing="inout" time="150" start="0,0" end="-510,0" condition="$EXP[HomeWidgetCollectionHasFocus]">Conditional</animation>
                <control type="group">
                    <include>OpenClose</include>
                    <animation effect="slide" tween="circle" easing="inout" time="150" start="0,0" end="510,0" condition="$EXP[LeftHomeSubMenuHasFocus]">Conditional</animation>
                    <control type="image">
                        <posx>-510</posx>
                        <posy>142</posy>
                        <width>1320</width>
                        <height>1200</height>
                        <colordiffuse>$VAR[Picked.Theme.Color]</colordiffuse>
                        <texture border="100">$VAR[Theme.Color]/common/bg_list.png</texture>
                    </control>
                    <control type="image">
                        <posx>510</posx>
                        <posy>142</posy>
                        <width>1920</width>
                        <height>1200</height>
                        <colordiffuse>$VAR[Picked.Theme.Color]</colordiffuse>
                        <texture border="100">$VAR[Theme.Color]/common/bg_list.png</texture>
                    </control>
                    <control type="image">
                        <posx>-41</posx>
                        <posy>183</posy>
                        <width>41</width>
                        <height>810</height>
                        <colordiffuse>$VAR[Picked.Theme.Color]</colordiffuse>
                        <texture border="0,100,0,100">$VAR[Theme.Color]/common/vertical_separator.png</texture>
                    </control>
                    <control type="image">
                        <posx>469</posx>
                        <posy>183</posy>
                        <width>41</width>
                        <height>810</height>
                        <colordiffuse>$VAR[Picked.Theme.Color]</colordiffuse>
                        <texture border="0,100,0,100">$VAR[Theme.Color]/common/vertical_separator.png</texture>
                    </control>
                </control>
                <!--MAIN MENU-->
                <control type="button" id="8999">
                    <animation effect="slide" tween="circle" easing="inout" time="150" start="0,0" end="510,0" condition="$EXP[LeftHomeSubMenuHasFocus]">Conditional</animation>
                    <description>Fake button for mouse control</description>
                    <posx>0</posx>
                    <posy>0</posy>
                    <width>510</width>
                    <height>1080</height>
                    <include>HiddenButton</include>
                    <onfocus>SetFocus(9000)</onfocus>
                </control>
                <control type="group">
                    <animation effect="slide" time="0" start="0,0" end="0,315" condition="Integer.IsGreater(Container(9000).NumItems,0)+!Integer.IsGreater(Container(9000).NumItems,1)">conditional</animation>
                    <animation effect="slide" time="0" start="0,0" end="0,280" condition="Integer.IsGreater(Container(9000).NumItems,1)+!Integer.IsGreater(Container(9000).NumItems,2)">conditional</animation>
                    <animation effect="slide" time="0" start="0,0" end="0,245" condition="Integer.IsGreater(Container(9000).NumItems,2)+!Integer.IsGreater(Container(9000).NumItems,3)">conditional</animation>
                    <animation effect="slide" time="0" start="0,0" end="0,210" condition="Integer.IsGreater(Container(9000).NumItems,3)+!Integer.IsGreater(Container(9000).NumItems,4)">conditional</animation>
                    <animation effect="slide" time="0" start="0,0" end="0,175" condition="Integer.IsGreater(Container(9000).NumItems,4)+!Integer.IsGreater(Container(9000).NumItems,5)">conditional</animation>
                    <animation effect="slide" time="0" start="0,0" end="0,140" condition="Integer.IsGreater(Container(9000).NumItems,5)+!Integer.IsGreater(Container(9000).NumItems,6)">conditional</animation>
                    <animation effect="slide" time="0" start="0,0" end="0,105" condition="Integer.IsGreater(Container(9000).NumItems,6)+!Integer.IsGreater(Container(9000).NumItems,7)">conditional</animation>
                    <animation effect="slide" time="0" start="0,0" end="0,70" condition="Integer.IsGreater(Container(9000).NumItems,7)+!Integer.IsGreater(Container(9000).NumItems,8)">conditional</animation>
                    <animation effect="slide" time="0" start="0,0" end="0,35" condition="Integer.IsGreater(Container(9000).NumItems,8)+!Integer.IsGreater(Container(9000).NumItems,9)">conditional</animation>
                    <control type="list" id="9000">
                        <animation effect="slide" tween="circle" easing="inout" time="150" start="0,0" end="510,0" condition="$EXP[LeftHomeSubMenuHasFocus]">Conditional</animation>
                        <include>OpenClose</include>
                        <posx>0</posx>
                        <posy>183</posy>
                        <width>570</width>
                        <height>880</height>
                        <itemgap>0</itemgap>
                        <orientation>vertical</orientation>
                        <pagecontrol>9060</pagecontrol>
                        <onright condition="Skin.HasSetting(plexbmc)+!String.IsEmpty(Container(9000).ListItem.Property(uuid))">900</onright>
                        <onright condition="String.IsEqual(Container(9000).ListItem.Property(id),1)">700011</onright>
                        <onright condition="String.IsEqual(Container(9000).ListItem.Property(id),2)">700012</onright>
                        <onright condition="String.IsEqual(Container(9000).ListItem.Property(id),3)">700013</onright>
                        <onright condition="String.IsEqual(Container(9000).ListItem.Property(id),4)">700014</onright>
                        <onright condition="String.IsEqual(Container(9000).ListItem.Property(id),5)">700015</onright>
                        <onright condition="String.IsEqual(Container(9000).ListItem.Property(id),6)">700016</onright>
                        <onright condition="String.IsEqual(Container(9000).ListItem.Property(id),7)">700017</onright>
                        <onright condition="String.IsEqual(Container(9000).ListItem.Property(id),8)">700018</onright>
                        <onright condition="String.IsEqual(Container(9000).ListItem.Property(id),9)">700019</onright>
                        <onright condition="String.IsEqual(Container(9000).ListItem.Property(id),10)">7000110</onright>
                        <onright condition="String.IsEqual(Container(9000).ListItem.Property(id),11)">7000111</onright>
                        <onright condition="String.IsEqual(Container(9000).ListItem.Property(id),12)">7000112</onright>
                        <onright condition="String.IsEqual(Container(9000).ListItem.Property(id),13)">7000113</onright>
                        <onright condition="String.IsEqual(Container(9000).ListItem.Property(id),14)">7000114</onright>
                        <onright condition="String.IsEqual(Container(9000).ListItem.Property(id),15)">7000115</onright>
                        <onright condition="String.IsEqual(Container(9000).ListItem.Property(id),16)">7000116</onright>
                        <onright condition="String.IsEqual(Container(9000).ListItem.Property(id),17)">7000117</onright>
                        <onright condition="String.IsEqual(Container(9000).ListItem.Property(id),18)">7000118</onright>
                        <onright condition="String.IsEqual(Container(9000).ListItem.Property(id),19)">7000119</onright>
                        <onright condition="String.IsEqual(Container(9000).ListItem.Property(id),20)">7000120</onright>
                        <onright condition="String.IsEqual(Container(9000).ListItem.Property(id),21)">7000121</onright>
                        <onright condition="String.IsEqual(Container(9000).ListItem.Property(id),22)">7000122</onright>
                        <onright condition="String.IsEqual(Container(9000).ListItem.Property(id),23)">7000123</onright>
                        <onright condition="String.IsEqual(Container(9000).ListItem.Property(id),24)">7000124</onright>
                        <onright condition="String.IsEqual(Container(9000).ListItem.Property(id),25)">7000125</onright>
                        <onright condition="String.IsEqual(Container(9000).ListItem.Property(id),26)">7000126</onright>
                        <onright condition="String.IsEqual(Container(9000).ListItem.Property(id),27)">7000127</onright>
                        <onright condition="String.IsEqual(Container(9000).ListItem.Property(id),28)">7000128</onright>
                        <onright condition="String.IsEqual(Container(9000).ListItem.Property(id),29)">7000129</onright>
                        <onright condition="String.IsEqual(Container(9000).ListItem.Property(id),30)">7000130</onright>
                        <onright condition="String.IsEqual(Container(9000).ListItem.Property(id),31)">7000131</onright>
                        <onright condition="String.IsEqual(Container(9000).ListItem.Property(id),32)">7000132</onright>
                        <onright condition="String.IsEqual(Container(9000).ListItem.Property(id),33)">7000133</onright>
                        <onright condition="String.IsEqual(Container(9000).ListItem.Property(id),34)">7000134</onright>
                        <onright condition="String.IsEqual(Container(9000).ListItem.Property(id),35)">7000135</onright>
                        <onright condition="String.IsEqual(Container(9000).ListItem.Property(id),36)">7000136</onright>
                        <onright condition="String.IsEqual(Container(9000).ListItem.Property(id),37)">7000137</onright>
                        <onright condition="String.IsEqual(Container(9000).ListItem.Property(id),38)">7000138</onright>
                        <onright condition="String.IsEqual(Container(9000).ListItem.Property(id),39)">7000139</onright>
                        <onright condition="String.IsEqual(Container(9000).ListItem.Property(id),40)">7000140</onright>
                        <onright condition="String.IsEqual(Container(9000).ListItem.Property(id),41)">7000141</onright>
                        <onright condition="String.IsEqual(Container(9000).ListItem.Property(id),42)">7000142</onright>
                        <onright condition="String.IsEqual(Container(9000).ListItem.Property(id),43)">7000143</onright>
                        <onright condition="String.IsEqual(Container(9000).ListItem.Property(id),44)">7000144</onright>
                        <onright condition="String.IsEqual(Container(9000).ListItem.Property(id),45)">7000145</onright>
                        <onright condition="String.IsEqual(Container(9000).ListItem.Property(id),46)">7000146</onright>
                        <onright condition="String.IsEqual(Container(9000).ListItem.Property(id),47)">7000147</onright>
                        <onright condition="String.IsEqual(Container(9000).ListItem.Property(id),48)">7000148</onright>
                        <onright condition="String.IsEqual(Container(9000).ListItem.Property(id),49)">7000149</onright>
                        <onright condition="String.IsEqual(Container(9000).ListItem.Property(id),50)">7000150</onright>
                        <onup>9900</onup>
                        <onleft>9060</onleft>
                        <align>center</align>
                        <ondown>9000</ondown>
                        <pagecontrol>-</pagecontrol>
                        <!--<preloaditems>4</preloaditems>-->
                        <orientation>vertical</orientation>
                        <itemlayout height="78" width="570">
                            <control type="label">
                                <posx>60</posx>
                                <posy>0</posy>
                                <width>390</width>
                                <height>78</height>
                                <font>font48</font>
                                <scroll>false</scroll>
                                <include>TextColor_AlternateColor</include>
                                <label>$INFO[ListItem.Label]</label>
                            </control>
                        </itemlayout>
                        <focusedlayout height="78" width="570">
                            <control type="group">
                                <include>ButtonFocusAnimation</include>
                                <control type="image">
                                    <visible>Control.HasFocus(9000)</visible>
                                    <posx>0</posx>
                                    <posy>0</posy>
                                    <height>78</height>
                                    <width>510</width>
                                    <colordiffuse>$VAR[Picked.Theme.Color]</colordiffuse>
                                    <texture border="1">$VAR[Theme.Color]/list/bg_facade_focus.png</texture>
                                </control>
                                <control type="label">
                                    <visible>control.hasfocus(9000)</visible>
                                    <posx>60</posx>
                                    <posy>0</posy>
                                    <width>390</width>
                                    <height>78</height>
                                    <font>font48</font>
                                    <scroll>true</scroll>
                                    <include>TextColor_MainColor</include>
                                    <label>$INFO[ListItem.Label]</label>
                                </control>
                                <control type="label">
                                    <animation effect="fade" start="85" end="85" time="0" reversible="false" condition="true">Conditional</animation>
                                    <visible>!control.hasfocus(9000)</visible>
                                    <posx>60</posx>
                                    <posy>0</posy>
                                    <width>390</width>
                                    <height>78</height>
                                    <font>font48</font>
                                    <scroll>false</scroll>
                                    <include>TextColor_MainColor</include>
                                    <label>$INFO[ListItem.Label]</label>
                                </control>
                            </control>
                        </focusedlayout>
                        <content>
                            <include condition="Skin.HasSetting(plexbmc)+System.HasAddon(plugin.video.plexbmc)">Plexbmc.Items</include>
                            <include>skinshortcuts-mainmenu</include>
                        </content>
                    </control>
                    <control type="scrollbar" id="9060">
                        <animation effect="slide" tween="circle" easing="inout" time="150" start="0,0" end="510,0" condition="$EXP[LeftHomeSubMenuHasFocus]">Conditional</animation>
                        <include>OpenClose</include>
                        <posx>-20</posx>
                        <posy>183</posy>
                        <height>880</height>
                        <include>VerticalScroller</include>
                        <onleft>9001</onleft>
                        <onright>9000</onright>
                    </control>
                </control>
                <!--SUBMENU-->
                <control type="group">
                    <posy>0</posy>
                    <control type="button" id="89990">
                        <description>Fake button for mouse control</description>
                        <posx>0</posx>
                        <posy>0</posy>
                        <width>15</width>
                        <height>1080</height>
                        <include>HiddenButton</include>
                        <onfocus>SetFocus(9001)</onfocus>
                    </control>
                    <control type="button" id="89990">
                        <animation effect="slide" tween="circle" easing="inout" time="150" start="0,0" end="510,0" condition="$EXP[LeftHomeSubMenuHasFocus]">Conditional</animation>
                        <description>Fake button for mouse control</description>
                        <posx>-510</posx>
                        <posy>0</posy>
                        <width>510</width>
                        <height>1080</height>
                        <include>HiddenButton</include>
                        <onfocus>SetFocus(9001)</onfocus>
                    </control>
                    <control type="group">
                        <control type="list" id="9001">
                            <animation effect="slide" tween="circle" easing="inout" time="150" start="0,0" end="2580,0" condition="$EXP[LeftHomeSubMenuHasFocus]">Conditional</animation>
                            <posx>-2580</posx>
                            <posy>183</posy>
                            <height>880</height>
                            <width>570</width>
                            <onleft>9061</onleft>
                            <onright>9000</onright>
                            <onup>9900</onup>
                            <viewtype>list</viewtype>
                            <onback>SetFocus(9000)</onback>
                            <orientation>vertical</orientation>
                            <pagecontrol>9061</pagecontrol>
                            <itemlayout height="78" width="570">
                                <control type="label">
                                    <posx>60</posx>
                                    <posy>0</posy>
                                    <width>390</width>
                                    <height>78</height>
                                    <font>fontArial15</font>
                                    <scroll>false</scroll>
                                    <include>TextColor_AlternateColor</include>
                                    <label>$INFO[ListItem.Label]</label>
                                </control>
                            </itemlayout>
                            <focusedlayout height="78" width="570">
                                <control type="group">
                                    <include>ButtonFocusAnimation</include>
                                    <control type="image">
                                        <visible>Control.HasFocus(9001)</visible>
                                        <posx>0</posx>
                                        <posy>0</posy>
                                        <height>78</height>
                                        <width>510</width>
                                        <colordiffuse>$VAR[Picked.Theme.Color]</colordiffuse>
                                        <texture border="1">$VAR[Theme.Color]/list/bg_facade_focus.png</texture>
                                    </control>
                                    <control type="label">
                                        <visible>control.hasfocus(9001)</visible>
                                        <posx>60</posx>
                                        <posy>0</posy>
                                        <width>390</width>
                                        <height>78</height>
                                        <font>fontArial15</font>
                                        <scroll>true</scroll>
                                        <include>TextColor_MainColor</include>
                                        <label>$INFO[ListItem.Label]</label>
                                    </control>
                                    <control type="label">
                                        <animation effect="fade" start="85" end="85" time="0" reversible="false" condition="true">Conditional</animation>
                                        <visible>!control.hasfocus(9001)</visible>
                                        <posx>60</posx>
                                        <posy>0</posy>
                                        <width>390</width>
                                        <height>78</height>
                                        <font>fontArial15</font>
                                        <scroll>false</scroll>
                                        <include>TextColor_MainColor</include>
                                        <label>$INFO[ListItem.Label]</label>
                                    </control>
                                </control>
                            </focusedlayout>
                            <content>
                                <include condition="Skin.HasSetting(plexbmc)+System.HasAddon(plugin.video.plexbmc)">Plexbmc.Submenu.Items</include>
                                <include>skinshortcuts-submenu</include>
                            </content>
                        </control>
                        <control type="scrollbar" id="9061">
                            <animation effect="slide" tween="circle" easing="inout" time="150" start="0,0" end="510,0" condition="$EXP[LeftHomeSubMenuHasFocus]">Conditional</animation>
                            <include>OpenClose</include>
                            <posx>-530</posx>
                            <posy>183</posy>
                            <height>880</height>
                            <include>VerticalScroller</include>
                            <onright>9001</onright>
                            <onleft>9900</onleft>
                        </control>
                    </control>
                </control>
            </control>
            <control type="label">
                <include>OpenClose</include>
                <include>WindowTitle</include>
                <label>$VAR[HomeTitles]</label>
            </control>
            <control type="label">
                <include>OpenClose</include>
                <include>WindowTitleSub</include>
                <label>$VAR[HomeSubTitles]</label>
            </control>
            <include>Time</include>
        </control>
    </include>
</includes>
