<?xml version="1.0" encoding="UTF-8"?>
<includes>


	<include name="home_videowindow"> 
        <control type="videowindow">
            <visible>Skin.HasSetting(background.showvideo)</visible>
            <visible>Player.HasVideo</visible>
            <visible>!Window.IsVisible(weather)</visible>
            <width>100%</width>
            <height>100%</height>
        </control>
	</include>


<include name="MediaControls">

			<control type="group" description="Player Info">
            <visible>Player.HasVideo</visible>
			<left>1500</left>
            <top>50</top>
			<control type="image" description="Playing BG">
                <width>430</width>
                <height>105</height>
                <!-- <texture colordiffuse="tiles" background="true">white.png</texture> -->
            </control>
            <control type="group">
                <control type="image">
                    <left>10</left>
                    <top>10</top>
                    <width>85</width>
                    <height>85</height>
                    <texture>$INFO[VideoPlayer.Cover]</texture>
                    <aspectratio>keep</aspectratio>
                </control>
                <control type="label">
                    <left>110</left>
                    <top>15</top>
                    <aligny>center</aligny>
                    <width>300</width>
                    <height>36</height>
                    <font>card25</font>
                    
                    <label>Now Playing:</label>
                </control>
                <control type="label">
                    <left>110</left>
                    <top>50</top>
                    <aligny>center</aligny>
                    <width>300</width>
                    <height>36</height>
                    <font>card25</font>
                    <label>$INFO[VideoPlayer.Title]</label>
                </control>
            </control>
        </control>
<!--         <control type="group" description="Music Info">
            <visible>Player.HasAudio</visible>
			<left>1500</left>
            <top>50</top>
			<control type="image" description="Playing BG">
                <width>430</width>
                <height>105</height>
                <!-- <texture colordiffuse="tiles" background="true">white.png</texture> -->
            <!--</control>
            <control type="group">
                <control type="image">
                    <left>10</left>
                    <top>10</top>
                    <width>85</width>
                    <height>85</height>
                    <texture>$INFO[MusicPlayer.Cover]</texture>
                    <aspectratio>keep</aspectratio>
                </control>
                <control type="label">
                    <left>110</left>
                    <top>15</top>
                    <aligny>center</aligny>
                    <width>300</width>
                    <height>36</height>
                    <font>card25</font>
                    
                    <label>$INFO[MusicPlayer.Title]</label>
                </control>
                <control type="label">
                    <left>110</left>
                    <top>50</top>
                    <aligny>center</aligny>
                    <width>300</width>
                    <height>36</height>
                    <font>card25</font>
                    <label>$INFO[MusicPlayer.Artist]</label>
                </control>
            </control>
        </control> -->

		
			
		
		
</include>

<include name="MediaControls_home">
        <control type="videowindow">
            <visible>Skin.HasSetting(background.showvideo2)</visible>
            <visible>Player.HasVideo</visible>
            <visible>!Window.IsVisible(weather)</visible>
            <width>100%</width>
            <height>100%</height>
        </control>
		<control type="group" description="Player Info">
            <visible>Player.HasVideo + !Skin.HasSetting(hideVideoinfo)</visible>
			<left>1000</left>
            <top>150</top>
			<control type="image" description="Playing BG">
                <width>430</width>
                <height>105</height>
                <!-- <texture colordiffuse="tiles" background="true">white.png</texture> -->
            </control>
            <control type="group">
                <!-- <control type="image">
                    <left>-200</left>
                    <top>10</top>
                    <width>85</width>
                    <height>85</height>
                    <texture>$INFO[VideoPlayer.Cover]</texture>
                    <aspectratio>keep</aspectratio>
                </control> -->
                <control type="label">
				<visible>!Skin.HasSetting(background.showvideo2)</visible>
                    <left>500</left>
                    <top>10</top>
                    <align>right</align>
                    <width>300</width>
                    <height>36</height>
                    <font>font48</font>
                    
                    <label>מתנגן עכשיו:</label>
                </control>
                <control type="label">
				<visible>!Skin.HasSetting(background.showvideo2)</visible>
                    <left>-100</left>
                    <top>80</top>
                    <align>right</align>
                    <width>920</width>
                    <height>36</height>
                    <font>font28_title</font>
                    <label>$INFO[VideoPlayer.Title]</label>
                </control>
            </control>
        </control>
        <!-- <control type="group" description="Music Info">
            <visible>Player.HasAudio + !Skin.HasSetting(hideMusicinfo)</visible>
			<left>1500</left>
            <top>50</top>
			<control type="image" description="Playing BG">
                <width>430</width>
                <height>105</height>
                <!-- <texture colordiffuse="tiles" background="true">white.png</texture> -->
            <!-- </control>
            <control type="group">
                <control type="image">
                    <left>10</left>
                    <top>10</top>
                    <width>85</width>
                    <height>85</height>
                    <texture>$INFO[MusicPlayer.Cover]</texture>
                    <aspectratio>keep</aspectratio>
                </control>
                <control type="label">
                    <left>110</left>
                    <top>15</top>
                    <aligny>center</aligny>
                    <width>300</width>
                    <height>36</height>
                    <font>card25</font>
                    
                    <label>$INFO[MusicPlayer.Title]</label>
                </control>
                <control type="label">
                    <left>110</left>
                    <top>50</top>
                    <aligny>center</aligny>
                    <width>300</width>
                    <height>36</height>
                    <font>card25</font>
                    <label>$INFO[MusicPlayer.Artist]</label>
                </control>
            </control>
        </control> -->

		
					
		<control type="group">
					
					<visible>Player.HasVideo + !Skin.HasSetting(hideVideoinfo)</visible>
					
					<posx>135</posx>
					<posy>20</posy>
					
					<control type="image" description="Playing BG">
						<width>420</width>
						<height>300</height>
						<!-- <texture colordiffuse="tiles" background="true">white.png</texture> -->
					</control>				
					<control type="videowindow">
					<visible>!Skin.HasSetting(background.showvideo2)</visible>
					<animation type="WindowOpen" reversible="false">
					<effect type="zoom" start="0" end="100" time="400" center="auto" tween="sine" easing="out" />
					</animation>
					<animation type="WindowClose" reversible="false">
					<effect type="zoom" start="100" end="0" time="300" center="auto" tween="sine" easing="out" />
					</animation>
					<posx>25</posx>
					<width>680</width>
					<height>460</height>
					</control>
					
	</control>
					
				
		<control type="group">
					
					<visible>Player.HasAudio + !Skin.HasSetting(hideMusicinfo)</visible>
					
					<posx>1500</posx>
					<posy>150</posy>
					
					<control type="image" description="Playing BG">
						<width>420</width>
						<height>300</height>
						<!-- <texture colordiffuse="tiles" background="true">white.png</texture> -->
					</control>				
					<control type="videowindow">
					<animation type="WindowOpen" reversible="false">
					<effect type="zoom" start="0" end="100" time="400" center="auto" tween="sine" easing="out" />
					</animation>
					<animation type="WindowClose" reversible="false">
					<effect type="zoom" start="100" end="0" time="300" center="auto" tween="sine" easing="out" />
					</animation>
					<posx>25</posx>
					<width>400</width>
					<height>280</height>
					</control>
					
	</control>
		
		
</include>
<include name="MediaControls_home2">
        <control type="videowindow">
            <visible>Skin.HasSetting(background.showvideo2)</visible>
            <visible>Player.HasVideo</visible>
            <visible>!Window.IsVisible(weather)</visible>
            <width>100%</width>
            <height>100%</height>
        </control>
		<control type="group" description="Player Info">
            <visible>Player.HasVideo + !Skin.HasSetting(hideVideoinfo)</visible>
			<left>1000</left>
            <top>150</top>
			<control type="image" description="Playing BG">
                <width>430</width>
                <height>105</height>
                <!-- <texture colordiffuse="tiles" background="true">white.png</texture> -->
            </control>
            <control type="group">
                <!-- <control type="image">
                    <left>-200</left>
                    <top>10</top>
                    <width>85</width>
                    <height>85</height>
                    <texture>$INFO[VideoPlayer.Cover]</texture>
                    <aspectratio>keep</aspectratio>
                </control> -->
                <!-- <control type="label">
                    <left>500</left>
                    <top>10</top>
                    <align>right</align>
                    <width>300</width>
                    <height>36</height>
                    <font>font48</font>
                    
                    <label>מתנגן עכשיו:</label>
                </control> -->
                <control type="label">
                    <left>-500</left>
                    <top>-150</top>
                    <align>right</align>
                    <width>920</width>
                    <height>36</height>
                    <font>font15</font>
                    <label>$INFO[VideoPlayer.Title]</label>
                </control>
            </control>
        </control>
<!--         <control type="group" description="Music Info">
            <visible>Player.HasAudio + !Skin.HasSetting(hideMusicinfo)</visible>
			<left>1500</left>
            <top>50</top>
			<control type="image" description="Playing BG">
                <width>430</width>
                <height>105</height>
                <!-- <texture colordiffuse="tiles" background="true">white.png</texture> -->
            <!--</control>
            <control type="group">
                <control type="image">
                    <left>10</left>
                    <top>10</top>
                    <width>85</width>
                    <height>85</height>
                    <texture>$INFO[MusicPlayer.Cover]</texture>
                    <aspectratio>keep</aspectratio>
                </control>
                <control type="label">
                    <left>110</left>
                    <top>15</top>
                    <aligny>center</aligny>
                    <width>300</width>
                    <height>36</height>
                    <font>card25</font>
                    
                    <label>$INFO[MusicPlayer.Title]</label>
                </control>
                <control type="label">
                    <left>110</left>
                    <top>50</top>
                    <aligny>center</aligny>
                    <width>300</width>
                    <height>36</height>
                    <font>card25</font>
                    <label>$INFO[MusicPlayer.Artist]</label>
                </control>
            </control>
        </control> -->

		
					
		<control type="group">
					
					<visible>Player.HasVideo + !Skin.HasSetting(hideVideoinfo)</visible>
					
					<posx>335</posx>
					<posy>20</posy>
					
					<control type="image" description="Playing BG">
						<width>420</width>
						<height>300</height>
						<!-- <texture colordiffuse="tiles" background="true">white.png</texture> -->
					</control>				
					<control type="videowindow">
					<animation type="WindowOpen" reversible="false">
					<effect type="zoom" start="0" end="100" time="400" center="auto" tween="sine" easing="out" />
					</animation>
					<animation type="WindowClose" reversible="false">
					<effect type="zoom" start="100" end="0" time="300" center="auto" tween="sine" easing="out" />
					</animation>
					<posx>25</posx>
					<width>580</width>
					<height>360</height>
					</control>
					
	</control>
					
				
		<control type="group">
					
					<visible>Player.HasAudio + !Skin.HasSetting(hideMusicinfo)</visible>
					
					<posx>1500</posx>
					<posy>150</posy>
					
					<control type="image" description="Playing BG">
						<width>420</width>
						<height>300</height>
						<!-- <texture colordiffuse="tiles" background="true">white.png</texture> -->
					</control>				
					<control type="videowindow">
					<animation type="WindowOpen" reversible="false">
					<effect type="zoom" start="0" end="100" time="400" center="auto" tween="sine" easing="out" />
					</animation>
					<animation type="WindowClose" reversible="false">
					<effect type="zoom" start="100" end="0" time="300" center="auto" tween="sine" easing="out" />
					</animation>
					<posx>25</posx>
					<width>400</width>
					<height>280</height>
					</control>
					
	</control>
		
		
</include>
<include name="MediaControls_home3">
        <control type="videowindow">
            <visible>Skin.HasSetting(background.showvideo2)</visible>
            <visible>Player.HasVideo</visible>
            <visible>!Window.IsVisible(weather)</visible>
            <width>100%</width>
            <height>100%</height>
        </control>
		<control type="group" description="Player Info">
            <visible>Player.HasVideo + !Skin.HasSetting(hideVideoinfo)</visible>
			<left>1000</left>
            <top>150</top>
        </control>
	<control type="group">
					<visible>Player.HasVideo + !Skin.HasSetting(hideVideoinfo)</visible>
					<control type="videowindow">
			<width>1920</width>
			<height>1080</height>
					</control>
	</control>
</include>

<include name="MediaControls_myvideonav">
        <control type="videowindow">
            <visible>Skin.HasSetting(background.showvideo2)</visible>
            <visible>Player.HasVideo</visible>
            <visible>!Window.IsVisible(weather)</visible>
            <width>100%</width>
            <height>100%</height>
        </control>
		<control type="group" description="Player Info">
            <visible>Player.HasVideo + !Skin.HasSetting(hideVideoinfo)</visible>
			<left>1000</left>
            <top>150</top>
			<control type="image" description="Playing BG">
                <width>430</width>
                <height>105</height>
                <!-- <texture colordiffuse="tiles" background="true">white.png</texture> -->
            </control>
            <control type="group">
                <!-- <control type="image">
                    <left>-200</left>
                    <top>10</top>
                    <width>85</width>
                    <height>85</height>
                    <texture>$INFO[VideoPlayer.Cover]</texture>
                    <aspectratio>keep</aspectratio>
                </control> -->
                <control type="label">
				<visible>!Skin.HasSetting(background.showvideo2)</visible>
                    <left>250</left>
                    <top>-100</top>
                    <align>right</align>
                    <width>300</width>
                    <height>36</height>
                    <font>font15_textbox</font>
                     <visible>!Control.IsVisible(502)</visible>
					 <visible>!Control.IsVisible(592)</visible>
					 <visible>!Control.IsVisible(600)</visible>
					 <visible>!Control.IsVisible(601)</visible>
                    <label>מתנגן עכשיו:</label>
					<visible>!Control.IsVisible(515)</visible>
                </control>
                <control type="label">
				<visible>!Skin.HasSetting(background.showvideo2)</visible>
                    <left>-350</left>
                    <top>-50</top>
                    <align>right</align>
                    <width>920</width>
                    <height>36</height>
                    <font>font15_textbox</font>
                    <label>$INFO[VideoPlayer.Title]</label>
					 <visible>!Control.IsVisible(502)</visible>
					 <visible>!Control.IsVisible(600)</visible>
					 <visible>!Control.IsVisible(592)</visible>
					 <visible>!Control.IsVisible(515)</visible>
					 <visible>!Control.IsVisible(601)</visible>
                </control>
            </control>
        </control>
<!--         <control type="group" description="Music Info">
            <visible>Player.HasAudio + !Skin.HasSetting(hideMusicinfo)</visible>
			<left>1500</left>
            <top>50</top>
			<control type="image" description="Playing BG">
                <width>430</width>
                <height>105</height>
                <!-- <texture colordiffuse="tiles" background="true">white.png</texture> -->
           <!-- </control>
            <control type="group">
                <control type="image">
                    <left>10</left>
                    <top>10</top>
                    <width>85</width>
                    <height>85</height>
                    <texture>$INFO[MusicPlayer.Cover]</texture>
                    <aspectratio>keep</aspectratio>
                </control>
                <control type="label">
				<visible>!Skin.HasSetting(background.showvideo2)</visible>
                    <left>110</left>
                    <top>15</top>
                    <aligny>center</aligny>
                    <width>300</width>
                    <height>36</height>
                    <font>card25</font>
                    
                    <label>$INFO[MusicPlayer.Title]</label>
                </control>
                <control type="label">
				<visible>!Skin.HasSetting(background.showvideo2)</visible>
                    <left>110</left>
                    <top>50</top>
                    <aligny>center</aligny>
                    <width>300</width>
                    <height>36</height>
                    <font>card25</font>
                    <label>$INFO[MusicPlayer.Artist]</label>
                </control>
            </control>
        </control> -->

		
					
		<control type="group">
					
					<visible>Player.HasVideo + !Skin.HasSetting(hideVideoinfo)</visible>
					
					<posx>135</posx>
					<posy>5</posy>
					
					<control type="image" description="Playing BG">
						<width>420</width>
						<height>300</height>
						<!-- <texture colordiffuse="tiles" background="true">white.png</texture> -->
					</control>				
					<control type="videowindow">
					 <visible>!Control.IsVisible(502)</visible>
					 <visible>!Control.IsVisible(600)</visible>
					 <visible>!Control.IsVisible(592)</visible>
					 <visible>!Control.IsVisible(515)</visible>
					 <visible>!Control.IsVisible(601)</visible>
					<visible>!Skin.HasSetting(background.showvideo2)</visible>
					<animation type="WindowOpen" reversible="false">
					<effect type="zoom" start="0" end="100" time="400" center="auto" tween="sine" easing="out" />
					</animation>
					<animation type="WindowClose" reversible="false">
					<effect type="zoom" start="100" end="0" time="300" center="auto" tween="sine" easing="out" />
					</animation>
					<posx>25</posx>
					<width>500</width>
					<height>270</height>
					</control>
					
	</control>
					
				
		<control type="group">
					
					<visible>Player.HasAudio + !Skin.HasSetting(hideMusicinfo)</visible>
					
					<posx>1500</posx>
					<posy>150</posy>
					
					<control type="image" description="Playing BG">
						<width>420</width>
						<height>300</height>
						<!-- <texture colordiffuse="tiles" background="true">white.png</texture> -->
					</control>				
					<control type="videowindow">
					<visible>!Skin.HasSetting(background.showvideo2)</visible>
					<animation type="WindowOpen" reversible="false">
					<effect type="zoom" start="0" end="100" time="400" center="auto" tween="sine" easing="out" />
					</animation>
					<animation type="WindowClose" reversible="false">
					<effect type="zoom" start="100" end="0" time="300" center="auto" tween="sine" easing="out" />
					</animation>
					<posx>25</posx>
					<width>400</width>
					<height>280</height>
					</control>
					
	</control>
		
		
</include>
<include name="phenomenal_video">
        <control type="videowindow">
            <visible>Skin.HasSetting(background.showvideo2)</visible>
            <visible>Player.HasVideo</visible>
            <visible>!Window.IsVisible(weather)</visible>
            <width>100%</width>
            <height>100%</height>
        </control>
		<control type="group" description="Player Info">
            <visible>Player.HasVideo + !Skin.HasSetting(hideVideoinfo)</visible>
			<left>1000</left>
            <top>150</top>
			<control type="image" description="Playing BG">
                <width>430</width>
                <height>105</height>
                <!-- <texture colordiffuse="tiles" background="true">white.png</texture> -->
            </control>
            <control type="group">
                <!-- <control type="image">
                    <left>-200</left>
                    <top>10</top>
                    <width>85</width>
                    <height>85</height>
                    <texture>$INFO[VideoPlayer.Cover]</texture>
                    <aspectratio>keep</aspectratio>
                </control> -->


            </control>
        </control>
<!--         <control type="group" description="Music Info">
            <visible>Player.HasAudio + !Skin.HasSetting(hideMusicinfo)</visible>
			<left>1500</left>
            <top>50</top>
			<control type="image" description="Playing BG">
                <width>430</width>
                <height>105</height>
                <!-- <texture colordiffuse="tiles" background="true">white.png</texture> -->
            <!--</control>
            <control type="group">
                <control type="image">
                    <left>10</left>
                    <top>10</top>
                    <width>85</width>
                    <height>85</height>
                    <texture>$INFO[MusicPlayer.Cover]</texture>
                    <aspectratio>keep</aspectratio>
                </control>
                <control type="label">
				<visible>!Skin.HasSetting(background.showvideo2)</visible>
                    <left>110</left>
                    <top>15</top>
                    <aligny>center</aligny>
                    <width>300</width>
                    <height>36</height>
                    <font>card25</font>
                    
                    <label>$INFO[MusicPlayer.Title]</label>
                </control>
                <control type="label">
				<visible>!Skin.HasSetting(background.showvideo2)</visible>
                    <left>110</left>
                    <top>50</top>
                    <aligny>center</aligny>
                    <width>300</width>
                    <height>36</height>
                    <font>card25</font>
                    <label>$INFO[MusicPlayer.Artist]</label>
                </control>
            </control>
        </control>
 -->
		
					
		<control type="group">
					
					<visible>Player.HasVideo + !Skin.HasSetting(hideVideoinfo)</visible>
					
					<posx>-15</posx>
					<posy>-150</posy>
					
					<control type="image" description="Playing BG">
					<width>1598</width>
					<height>1800</height>
						<texture colordiffuse="black" background="true">white.png</texture>
					</control>				
					<control type="videowindow">
					 <visible>!Control.IsVisible(502)</visible>
					 <visible>!Control.IsVisible(600)</visible>
					 <visible>!Control.IsVisible(601)</visible>
					 <visible>!Control.IsVisible(592)</visible>
					<visible>!Skin.HasSetting(background.showvideo2)</visible>
					<animation type="WindowOpen" reversible="false">
					<effect type="zoom" start="0" end="100" time="400" center="auto" tween="sine" easing="out" />
					</animation>
					<animation type="WindowClose" reversible="false">
					<effect type="zoom" start="100" end="0" time="300" center="auto" tween="sine" easing="out" />
					</animation>
					<posx>5</posx>
					<width>1398</width>
					<height>1200</height>
<!-- 				<posx>1170</posx>
				<posy>1035</posy> -->
					</control>
					
	</control>
					
				
		<control type="group">
					
					<visible>Player.HasAudio + !Skin.HasSetting(hideMusicinfo)</visible>
					
					<posx>1500</posx>
					<posy>150</posy>
					
					<control type="image" description="Playing BG">
						<width>420</width>
						<height>300</height>
						<!-- <texture colordiffuse="tiles" background="true">white.png</texture> -->
					</control>				
					<control type="videowindow">
					<visible>!Skin.HasSetting(background.showvideo2)</visible>
					<animation type="WindowOpen" reversible="false">
					<effect type="zoom" start="0" end="100" time="400" center="auto" tween="sine" easing="out" />
					</animation>
					<animation type="WindowClose" reversible="false">
					<effect type="zoom" start="100" end="0" time="300" center="auto" tween="sine" easing="out" />
					</animation>
					<posx>25</posx>
					<width>400</width>
					<height>780</height>
					</control>
					
	</control>
		
		
</include>
<include name="MediaControls_502">
        <control type="videowindow">
            <visible>Skin.HasSetting(background.showvideo2)</visible>
            <visible>Player.HasVideo</visible>
            <visible>!Window.IsVisible(weather)</visible>
            <width>100%</width>
            <height>100%</height>
        </control>
		<control type="group" description="Player Info">
            <visible>Player.HasVideo + !Skin.HasSetting(hideVideoinfo)</visible>
			<left>1000</left>
            <top>150</top>
			<control type="image" description="Playing BG">
                <width>430</width>
                <height>105</height>
                <!-- <texture colordiffuse="tiles" background="true">white.png</texture> -->
            </control>
            <control type="group">
                <control type="label">
				<visible>!Skin.HasSetting(background.showvideo2)</visible>
                    <left>250</left>
                    <top>-220</top>
                    <align>right</align>
                    <width>300</width>
                    <height>36</height>
                    <font>font15_textbox</font>

                    <label>[COLOR yellow]מתנגן עכשיו:[/COLOR]</label>
                </control>
                <control type="label">
				<visible>!Skin.HasSetting(background.showvideo2)</visible>
                    <left>-700</left>
                    <top>-220</top>
                    <align>center</align>
                    <width>1080</width>
                    <height>36</height>
                    <font>font15_textbox</font>
                    <label>[COLOR red]$INFO[VideoPlayer.Title][/COLOR]</label>
                </control>
                <!-- <control type="image">
                    <left>-200</left>
                    <top>10</top>
                    <width>85</width>
                    <height>85</height>
                    <texture>$INFO[VideoPlayer.Cover]</texture>
                    <aspectratio>keep</aspectratio>
                </control> -->


            </control>
        </control>
<!--         <control type="group" description="Music Info">
            <visible>Player.HasAudio + !Skin.HasSetting(hideMusicinfo)</visible>
			<left>1500</left>
            <top>50</top>
			<control type="image" description="Playing BG">
                <width>430</width>
                <height>105</height>
                <!-- <texture colordiffuse="tiles" background="true">white.png</texture> -->
            <!--</control>
            <control type="group">
                <control type="image">
                    <left>10</left>
                    <top>10</top>
                    <width>85</width>
                    <height>85</height>
                    <texture>$INFO[MusicPlayer.Cover]</texture>
                    <aspectratio>keep</aspectratio>
                </control>
                <control type="label">
				<visible>!Skin.HasSetting(background.showvideo2)</visible>
                    <left>110</left>
                    <top>15</top>
                    <aligny>center</aligny>
                    <width>300</width>
                    <height>36</height>
                    <font>card25</font>
                    
                    <label>$INFO[MusicPlayer.Title]</label>
                </control>
                <control type="label">
				<visible>!Skin.HasSetting(background.showvideo2)</visible>
                    <left>110</left>
                    <top>50</top>
                    <aligny>center</aligny>
                    <width>300</width>
                    <height>36</height>
                    <font>card25</font>
                    <label>$INFO[MusicPlayer.Artist]</label>
                </control>
            </control>
        </control> -->
		<control type="group">
					<visible>Player.HasVideo + !Skin.HasSetting(hideVideoinfo)</visible>
					<posx>265</posx>
					<posy>-198</posy>
					<control type="image" description="Playing BG">
						<width>420</width>
						<height>300</height>
						<!-- <texture colordiffuse="tiles" background="true">white.png</texture> -->
					</control>				
					<control type="videowindow">
					<visible>!Skin.HasSetting(background.showvideo2)</visible>
					<animation type="WindowOpen" reversible="false">
					<effect type="zoom" start="0" end="100" time="400" center="auto" tween="sine" easing="out" />
					</animation>
					<animation type="WindowClose" reversible="false">
					<effect type="zoom" start="100" end="0" time="300" center="auto" tween="sine" easing="out" />
					</animation>
					<posx>25</posx>
					<width>720</width>
					<height>820</height>
					</control>
	</control>
		<control type="group">
					
					<visible>Player.HasAudio + !Skin.HasSetting(hideMusicinfo)</visible>
					
					<posx>1500</posx>
					<posy>150</posy>
					
					<control type="image" description="Playing BG">
						<width>420</width>
						<height>300</height>
						<!-- <texture colordiffuse="tiles" background="true">white.png</texture> -->
					</control>				
					<control type="videowindow">
					<visible>!Skin.HasSetting(background.showvideo2)</visible>
					<animation type="WindowOpen" reversible="false">
					<effect type="zoom" start="0" end="100" time="400" center="auto" tween="sine" easing="out" />
					</animation>
					<animation type="WindowClose" reversible="false">
					<effect type="zoom" start="100" end="0" time="300" center="auto" tween="sine" easing="out" />
					</animation>
					<posx>25</posx>
					<width>400</width>
					<height>280</height>
					</control>
					
	</control>
		
		
</include>
<include name="MediaControls_592">
        <control type="videowindow">
            <visible>Skin.HasSetting(background.showvideo2)</visible>
            <visible>Player.HasVideo</visible>
            <visible>!Window.IsVisible(weather)</visible>
            <width>100%</width>
            <height>100%</height>
        </control>
		<control type="group" description="Player Info">
            <visible>Player.HasVideo + !Skin.HasSetting(hideVideoinfo)</visible>
			<left>1000</left>
            <top>150</top>
			<control type="image" description="Playing BG">
                <width>430</width>
                <height>105</height>
                <!-- <texture colordiffuse="tiles" background="true">white.png</texture> -->
            </control>
            <control type="group">
                <!-- <control type="image">
                    <left>-200</left>
                    <top>10</top>
                    <width>85</width>
                    <height>85</height>
                    <texture>$INFO[VideoPlayer.Cover]</texture>
                    <aspectratio>keep</aspectratio>
                </control> -->
                <control type="label">
				<visible>!Skin.HasSetting(background.showvideo2)</visible>
                    <left>250</left>
                    <top>-220</top>
                    <align>right</align>
                    <width>300</width>
                    <height>36</height>
                    <font>font15_textbox</font>

                    <label>[COLOR yellow]מתנגן עכשיו:[/COLOR]</label>
                </control>
                <control type="label">
				<visible>!Skin.HasSetting(background.showvideo2)</visible>
                    <left>-700</left>
                    <top>-220</top>
                    <align>center</align>
                    <width>1080</width>
                    <height>36</height>
                    <font>font15_textbox</font>
                    <label>[COLOR red]$INFO[VideoPlayer.Title][/COLOR]</label>
                </control>

            </control>
        </control>
<!--         <control type="group" description="Music Info">
            <visible>Player.HasAudio + !Skin.HasSetting(hideMusicinfo)</visible>
			<left>1500</left>
            <top>50</top>
			<control type="image" description="Playing BG">
                <width>430</width>
                <height>105</height>
                <!-- <texture colordiffuse="tiles" background="true">white.png</texture> -->
            <!--</control>
            <control type="group">
                <control type="image">
                    <left>10</left>
                    <top>10</top>
                    <width>85</width>
                    <height>85</height>
                    <texture>$INFO[MusicPlayer.Cover]</texture>
                    <aspectratio>keep</aspectratio>
                </control>
                <control type="label">
				<visible>!Skin.HasSetting(background.showvideo2)</visible>
                    <left>110</left>
                    <top>15</top>
                    <aligny>center</aligny>
                    <width>300</width>
                    <height>36</height>
                    <font>card25</font>
                    
                    <label>$INFO[MusicPlayer.Title]</label>
                </control>
            </control>
        </control> -->
		<control type="group">
					<visible>Player.HasVideo + !Skin.HasSetting(hideVideoinfo)</visible>
					<posx>-20</posx>
					<posy>0</posy>
					<control type="image" description="Playing BG">
						<width>420</width>
						<height>300</height>
						<!-- <texture colordiffuse="tiles" background="true">white.png</texture> -->
					</control>				
					<control type="videowindow">
					<visible>!Skin.HasSetting(background.showvideo2)</visible>
					<animation type="WindowOpen" reversible="false">
					<effect type="zoom" start="0" end="100" time="400" center="auto" tween="sine" easing="out" />
					</animation>
					<animation type="WindowClose" reversible="false">
					<effect type="zoom" start="100" end="0" time="300" center="auto" tween="sine" easing="out" />
					</animation>
					<posx>25</posx>
					<width>1010</width>
					<height>480</height>
					</control>
	</control>
		<control type="group">
					
					<visible>Player.HasAudio + !Skin.HasSetting(hideMusicinfo)</visible>
					
					<posx>1500</posx>
					<posy>150</posy>
					
					<control type="image" description="Playing BG">
						<width>420</width>
						<height>300</height>
						<!-- <texture colordiffuse="tiles" background="true">white.png</texture> -->
					</control>				
					<control type="videowindow">
					<visible>!Skin.HasSetting(background.showvideo2)</visible>
					<animation type="WindowOpen" reversible="false">
					<effect type="zoom" start="0" end="100" time="400" center="auto" tween="sine" easing="out" />
					</animation>
					<animation type="WindowClose" reversible="false">
					<effect type="zoom" start="100" end="0" time="300" center="auto" tween="sine" easing="out" />
					</animation>
					<posx>25</posx>
					<width>400</width>
					<height>280</height>
					</control>
					
	</control>
</include>

<include name="MediaControls_600">
        <control type="videowindow">
            <visible>Skin.HasSetting(background.showvideo2)</visible>
            <visible>Player.HasVideo</visible>
            <visible>!Window.IsVisible(weather)</visible>
            <width>100%</width>
            <height>100%</height>
        </control>
		<control type="group" description="Player Info">
            <visible>Player.HasVideo + !Skin.HasSetting(hideVideoinfo)</visible>
			<left>1000</left>
            <top>150</top>
			<control type="image" description="Playing BG">
                <width>430</width>
                <height>105</height>
                <!-- <texture colordiffuse="tiles" background="true">white.png</texture> -->
            </control>
            <control type="group">
<!--                 <control type="label">
				<visible>!Skin.HasSetting(background.showvideo2)</visible>
                    <left>250</left>
                    <top>-200</top>
                    <align>right</align>
                    <width>300</width>
                    <height>36</height>
                    <font>font15_textbox</font>

                    <label>[COLOR yellow]מתנגן עכשיו:[/COLOR]</label>
                </control> -->
<!--                 <control type="label">
				<visible>!Skin.HasSetting(background.showvideo2)</visible>
                    <left>-700</left>
                    <top>-200</top>
                    <align>center</align>
                    <width>1080</width>
                    <height>36</height>
                    <font>font15_textbox</font>
                    <label>[COLOR red]$INFO[VideoPlayer.Title][/COLOR]</label>
                </control> -->
                <!-- <control type="image">
                    <left>-200</left>
                    <top>10</top>
                    <width>85</width>
                    <height>85</height>
                    <texture>$INFO[VideoPlayer.Cover]</texture>
                    <aspectratio>keep</aspectratio>
                </control> -->


            </control>
        </control>
<!--         <control type="group" description="Music Info">
            <visible>Player.HasAudio + !Skin.HasSetting(hideMusicinfo)</visible>
			<left>1500</left>
            <top>50</top>
			<control type="image" description="Playing BG">
                <width>430</width>
                <height>105</height>
                <!-- <texture colordiffuse="tiles" background="true">white.png</texture> -->
            <!--</control>
            <control type="group">
                <control type="image">
                    <left>10</left>
                    <top>10</top>
                    <width>85</width>
                    <height>85</height>
                    <texture>$INFO[MusicPlayer.Cover]</texture>
                    <aspectratio>keep</aspectratio>
                </control>
                <control type="label">
				<visible>!Skin.HasSetting(background.showvideo2)</visible>
                    <left>110</left>
                    <top>15</top>
                    <aligny>center</aligny>
                    <width>300</width>
                    <height>36</height>
                    <font>card25</font>
                    
                    <label>$INFO[MusicPlayer.Title]</label>
                </control>
                <control type="label">
				<visible>!Skin.HasSetting(background.showvideo2)</visible>
                    <left>110</left>
                    <top>50</top>
                    <aligny>center</aligny>
                    <width>300</width>
                    <height>36</height>
                    <font>card25</font>
                    <label>$INFO[MusicPlayer.Artist]</label>
                </control>
            </control>
        </control> -->
		<control type="group">
					<visible>Player.HasVideo + !Skin.HasSetting(hideVideoinfo)</visible>
					<posx>-80</posx>
					<posy>-178</posy>
					<control type="image" description="Playing BG">
						<width>420</width>
						<height>300</height>
						<!-- <texture colordiffuse="tiles" background="true">white.png</texture> -->
					</control>

					<control type="videowindow">
					<visible>!Skin.HasSetting(background.showvideo2)</visible>
					<animation type="WindowOpen" reversible="false">
					<effect type="zoom" start="0" end="100" time="400" center="auto" tween="sine" easing="out" />
					</animation>
					<animation type="WindowClose" reversible="false">
					<effect type="zoom" start="100" end="0" time="300" center="auto" tween="sine" easing="out" />
					</animation>
					<posx>25</posx>
					<width>1080</width>
					<height>810</height>
					</control>
				 <control type="image">
					<left>-200</left>
					<top>110</top>
					<width>1350</width>
					<height>620</height>
						<texture colordiffuse="FF000000">gs/left_corner.png</texture>
                    </control>
	</control>
		<control type="group">
					
					<visible>Player.HasAudio + !Skin.HasSetting(hideMusicinfo)</visible>
					
					<posx>1500</posx>
					<posy>150</posy>
					
					<control type="image" description="Playing BG">
						<width>420</width>
						<height>300</height>
						<!-- <texture colordiffuse="tiles" background="true">white.png</texture> -->
					</control>				
					<control type="videowindow">
					<visible>!Skin.HasSetting(background.showvideo2)</visible>
					<animation type="WindowOpen" reversible="false">
					<effect type="zoom" start="0" end="100" time="400" center="auto" tween="sine" easing="out" />
					</animation>
					<animation type="WindowClose" reversible="false">
					<effect type="zoom" start="100" end="0" time="300" center="auto" tween="sine" easing="out" />
					</animation>
					<posx>25</posx>
					<width>400</width>
					<height>280</height>
					</control>
					
	</control>
		
		
</include>


<include name="MediaControls_home4">
        <control type="videowindow">
            <visible>Skin.HasSetting(background.showvideo2)</visible>
            <visible>Player.HasVideo</visible>
            <visible>!Window.IsVisible(weather)</visible>
            <width>100%</width>
            <height>100%</height>
        </control>
		<control type="group" description="Player Info">
		<visible>!Skin.HasSetting(background.showvideo2)</visible>
            <visible>Player.HasVideo + !Skin.HasSetting(hideVideoinfo)</visible>
			<left>1000</left>
            <top>150</top>
			<control type="image" description="Playing BG">
                <width>430</width>
                <height>105</height>
                <!-- <texture colordiffuse="tiles" background="true">white.png</texture> -->
            </control>
            <control type="group">
                <control type="label">
				<visible>!Skin.HasSetting(background.showvideo2)</visible>
                    <left>-720</left>
                    <top>-70</top>
                    <align>right</align>
                    <width>920</width>
                    <height>36</height>
                    <font>spotimc_font24</font>
                    <label>$INFO[VideoPlayer.Title]</label>
                </control>
            </control>
        </control>
<!--         <control type="group" description="Music Info">
            <visible>Player.HasAudio + !Skin.HasSetting(hideMusicinfo)</visible>
			<left>1500</left>
            <top>50</top>
			<control type="image" description="Playing BG">
                <width>430</width>
                <height>105</height>
                <!-- <texture colordiffuse="tiles" background="true">white.png</texture> -->
            <!--</control>
            <control type="group">
                <control type="image">
                    <left>10</left>
                    <top>10</top>
                    <width>85</width>
                    <height>85</height>
                    <texture>$INFO[MusicPlayer.Cover]</texture>
                    <aspectratio>keep</aspectratio>
                </control>
                <control type="label">
				<visible>!Skin.HasSetting(background.showvideo2)</visible>
                    <left>110</left>
                    <top>15</top>
                    <aligny>center</aligny>
                    <width>300</width>
                    <height>36</height>
                    <font>card25</font>
                    
                    <label>$INFO[MusicPlayer.Title]</label>
                </control>
                <control type="label">
				<visible>!Skin.HasSetting(background.showvideo2)</visible>
                    <left>110</left>
                    <top>50</top>
                    <aligny>center</aligny>
                    <width>300</width>
                    <height>36</height>
                    <font>card25</font>
                    <label>$INFO[MusicPlayer.Artist]</label>
                </control>
            </control>
        </control> -->
		<control type="group">
					
					<visible>Player.HasVideo + !Skin.HasSetting(hideVideoinfo)</visible>
					
					<posx>1140</posx>
					<posy>50</posy>
					
					<control type="image" description="Playing BG">
						<width>420</width>
						<height>300</height>
						<!-- <texture colordiffuse="tiles" background="true">white.png</texture> -->
					</control>				
					<control type="videowindow">
					<visible>!Skin.HasSetting(background.showvideo2)</visible>
					<animation type="WindowOpen" reversible="false">
					<effect type="zoom" start="0" end="100" time="400" center="auto" tween="sine" easing="out" />
					</animation>
					<animation type="WindowClose" reversible="false">
					<effect type="zoom" start="100" end="0" time="300" center="auto" tween="sine" easing="out" />
					</animation>
					<posx>25</posx>
					<width>780</width>
					<height>360</height>
					</control>
					
	</control>
					
				
		<control type="group">
					
					<visible>Player.HasAudio + !Skin.HasSetting(hideMusicinfo)</visible>
					
					<posx>1500</posx>
					<posy>150</posy>
					
					<control type="image" description="Playing BG">
						<width>420</width>
						<height>300</height>
						<!-- <texture colordiffuse="tiles" background="true">white.png</texture> -->
					</control>				
					<control type="videowindow">
					<visible>!Skin.HasSetting(background.showvideo2)</visible>
					<animation type="WindowOpen" reversible="false">
					<effect type="zoom" start="0" end="100" time="400" center="auto" tween="sine" easing="out" />
					</animation>
					<animation type="WindowClose" reversible="false">
					<effect type="zoom" start="100" end="0" time="300" center="auto" tween="sine" easing="out" />
					</animation>
					<posx>25</posx>
					<width>400</width>
					<height>280</height>
					</control>
					
	</control>
		
		
</include>
<include name="MediaControls_home5">
        <control type="videowindow">
            <visible>Skin.HasSetting(background.showvideo2)</visible>
            <visible>Player.HasVideo</visible>
            <visible>!Window.IsVisible(weather)</visible>
            <width>100%</width>
            <height>100%</height>
        </control>
		<control type="group" description="Player Info">
            <visible>Player.HasVideo + !Skin.HasSetting(hideVideoinfo)</visible>
			<left>1000</left>
            <top>150</top>
			<control type="image" description="Playing BG">
                <width>430</width>
                <height>105</height>
                <!-- <texture colordiffuse="tiles" background="true">white.png</texture> -->
            </control>
            <control type="group">

            </control>
        </control>
<!--         <control type="group" description="Music Info">
            <visible>Player.HasAudio + !Skin.HasSetting(hideMusicinfo)</visible>
			<left>1500</left>
            <top>50</top>
			<control type="image" description="Playing BG">
                <width>430</width>
                <height>105</height>
                <!-- <texture colordiffuse="tiles" background="true">white.png</texture> -->
            <!--</control>
<!--             <control type="group">

            </control> -->
        <!--</control> -->
		<control type="group">
					<visible>Player.HasVideo + !Skin.HasSetting(hideVideoinfo)</visible>
					<posx>420</posx>
					<posy>180</posy>
					<control type="image" description="Playing BG">
						<width>420</width>
						<height>300</height>
						<!-- <texture colordiffuse="tiles" background="true">white.png</texture> -->
					</control>				
					<control type="videowindow">
					<visible>!Skin.HasSetting(background.showvideo2)</visible>
					<animation type="WindowOpen" reversible="false">
					<effect type="zoom" start="0" end="100" time="400" center="auto" tween="sine" easing="out" />
					</animation>
					<animation type="WindowClose" reversible="false">
					<effect type="zoom" start="100" end="0" time="300" center="auto" tween="sine" easing="out" />
					</animation>
					<posx>25</posx>
					<width>1080</width>
					<height>660</height>
					</control>
	</control>
		<control type="group">
					
					<visible>Player.HasAudio + !Skin.HasSetting(hideMusicinfo)</visible>
					
					<posx>1500</posx>
					<posy>150</posy>
					
					<control type="image" description="Playing BG">
						<width>420</width>
						<height>300</height>
						<!-- <texture colordiffuse="tiles" background="true">white.png</texture> -->
					</control>				
					<control type="videowindow">
					<visible>!Skin.HasSetting(background.showvideo2)</visible>
					<animation type="WindowOpen" reversible="false">
					<effect type="zoom" start="0" end="100" time="400" center="auto" tween="sine" easing="out" />
					</animation>
					<animation type="WindowClose" reversible="false">
					<effect type="zoom" start="100" end="0" time="300" center="auto" tween="sine" easing="out" />
					</animation>
					<posx>25</posx>
					<width>400</width>
					<height>280</height>
					</control>
					
	</control>
		
		
</include>
<include name="MediaControls_home6">
        <control type="videowindow">
            <visible>Skin.HasSetting(background.showvideo2)</visible>
            <visible>Player.HasVideo</visible>
            <visible>!Window.IsVisible(weather)</visible>
            <width>100%</width>
            <height>100%</height>
        </control>
		<control type="group" description="Player Info">
            <visible>Player.HasVideo + !Skin.HasSetting(hideVideoinfo)</visible>
			<left>1000</left>
            <top>150</top>
			<control type="image" description="Playing BG">
                <width>430</width>
                <height>105</height>
                <!-- <texture colordiffuse="tiles" background="true">white.png</texture> -->
            </control>
            <control type="group">

            </control>
        </control>
<!--         <control type="group" description="Music Info">
            <visible>Player.HasAudio + !Skin.HasSetting(hideMusicinfo)</visible>
			<left>1500</left>
            <top>50</top>
<!-- 			<control type="image" description="Playing BG">
                <width>430</width>
                <height>105</height>
                <!-- <texture colordiffuse="tiles" background="true">white.png</texture> -->
           <!-- </control> -->
           <!-- <control type="group">

            <!--</control>
       <!-- </control> -->
		<control type="group">
					<visible>Player.HasVideo + !Skin.HasSetting(hideVideoinfo)</visible>
					<posx>520</posx>
					<posy>0</posy>
					<control type="image" description="Playing BG">
						<width>420</width>
						<height>300</height>
						<!-- <texture colordiffuse="tiles" background="true">white.png</texture> -->
					</control>				
					<control type="videowindow">
					<visible>!Skin.HasSetting(background.showvideo2)</visible>
					<animation type="WindowOpen" reversible="false">
					<effect type="zoom" start="0" end="100" time="400" center="auto" tween="sine" easing="out" />
					</animation>
					<animation type="WindowClose" reversible="false">
					<effect type="zoom" start="100" end="0" time="300" center="auto" tween="sine" easing="out" />
					</animation>
					<posx>25</posx>
					<width>780</width>
					<height>440</height>
					</control>
	</control>
		<control type="group">
					
					<visible>Player.HasAudio + !Skin.HasSetting(hideMusicinfo)</visible>
					
					<posx>1500</posx>
					<posy>150</posy>
					
					<control type="image" description="Playing BG">
					<visible>!Skin.HasSetting(background.showvideo2)</visible>
						<width>420</width>
						<height>300</height>
						<!-- <texture colordiffuse="tiles" background="true">white.png</texture> -->
					</control>				
					<control type="videowindow">
					<animation type="WindowOpen" reversible="false">
					<effect type="zoom" start="0" end="100" time="400" center="auto" tween="sine" easing="out" />
					</animation>
					<animation type="WindowClose" reversible="false">
					<effect type="zoom" start="100" end="0" time="300" center="auto" tween="sine" easing="out" />
					</animation>
					<posx>25</posx>
					<width>400</width>
					<height>280</height>
					</control>
					
	</control>
		
		
</include>
<include name="MediaControls_home7">
        <control type="videowindow">
            <visible>Skin.HasSetting(background.showvideo2)</visible>
            <visible>Player.HasVideo</visible>
            <visible>!Window.IsVisible(weather)</visible>
            <width>100%</width>
            <height>100%</height>
        </control>
		<control type="group" description="Player Info">
            <visible>Player.HasVideo + !Skin.HasSetting(hideVideoinfo)</visible>
			<left>1000</left>
            <top>140</top>
			<control type="image" description="Playing BG">
                <width>430</width>
                <height>105</height>
                <!-- <texture colordiffuse="tiles" background="true">white.png</texture> -->
            </control>
            <control type="group">
                <!-- <control type="image">
                    <left>-200</left>
                    <top>10</top>
                    <width>85</width>
                    <height>85</height>
                    <texture>$INFO[VideoPlayer.Cover]</texture>
                    <aspectratio>keep</aspectratio>
                </control> -->
                <control type="label">
				<visible>!Skin.HasSetting(background.showvideo2)</visible>
                    <left>500</left>
                    <top>10</top>
                    <align>right</align>
                    <width>300</width>
                    <height>36</height>
                    <font>font48</font>
                    
                    <label>מתנגן עכשיו:</label>
                </control>
                <control type="label">
				<visible>!Skin.HasSetting(background.showvideo2)</visible>
                    <left>-100</left>
                    <top>80</top>
                    <align>right</align>
                    <width>920</width>
                    <height>36</height>
                    <font>font28_title</font>
                    <label>$INFO[VideoPlayer.Title]</label>
                </control>
            </control>
        </control>
<!--         <control type="group" description="Music Info">
            <visible>Player.HasAudio + !Skin.HasSetting(hideMusicinfo)</visible>
			<left>1500</left>
            <top>50</top>
			<control type="image" description="Playing BG">
                <width>430</width>
                <height>105</height>
                <!-- <texture colordiffuse="tiles" background="true">white.png</texture> -->
            <!--</control>
            <control type="group">
                <control type="image">
                    <left>10</left>
                    <top>10</top>
                    <width>85</width>
                    <height>85</height>
                    <texture>$INFO[MusicPlayer.Cover]</texture>
                    <aspectratio>keep</aspectratio>
                </control>
                <control type="label">
                    <left>110</left>
                    <top>15</top>
                    <aligny>center</aligny>
                    <width>300</width>
                    <height>36</height>
                    <font>card25</font>
                    
                    <label>$INFO[MusicPlayer.Title]</label>
                </control>
                <control type="label">
                    <left>110</left>
                    <top>50</top>
                    <aligny>center</aligny>
                    <width>300</width>
                    <height>36</height>
                    <font>card25</font>
                    <label>$INFO[MusicPlayer.Artist]</label>
                </control>
            </control>
        </control> -->

		
					
		<control type="group">
					
					<visible>Player.HasVideo + !Skin.HasSetting(hideVideoinfo)</visible>
					
					<posx>50</posx>
					<posy>-35</posy>
					
					<control type="image" description="Playing BG">
						<width>420</width>
						<height>300</height>
						<!-- <texture colordiffuse="tiles" background="true">white.png</texture> -->
					</control>				
					<control type="videowindow">
					<visible>!Skin.HasSetting(background.showvideo2)</visible>
					<animation type="WindowOpen" reversible="false">
					<effect type="zoom" start="0" end="100" time="400" center="auto" tween="sine" easing="out" />
					</animation>
					<animation type="WindowClose" reversible="false">
					<effect type="zoom" start="100" end="0" time="300" center="auto" tween="sine" easing="out" />
					</animation>
					<posx>25</posx>
					<width>680</width>
					<height>460</height>
					</control>
					
	</control>
					
				
		<control type="group">
					
					<visible>Player.HasAudio + !Skin.HasSetting(hideMusicinfo)</visible>
					
					<posx>1500</posx>
					<posy>150</posy>
					
					<control type="image" description="Playing BG">
						<width>420</width>
						<height>300</height>
						<!-- <texture colordiffuse="tiles" background="true">white.png</texture> -->
					</control>				
					<control type="videowindow">
					<animation type="WindowOpen" reversible="false">
					<effect type="zoom" start="0" end="100" time="400" center="auto" tween="sine" easing="out" />
					</animation>
					<animation type="WindowClose" reversible="false">
					<effect type="zoom" start="100" end="0" time="300" center="auto" tween="sine" easing="out" />
					</animation>
					<posx>25</posx>
					<width>400</width>
					<height>280</height>
					</control>
					
	</control>
		
		
</include>
<include name="MediaControls_home8">
        <control type="videowindow">
            <visible>Skin.HasSetting(background.showvideo2)</visible>
            <visible>Player.HasVideo</visible>
            <visible>!Window.IsVisible(weather)</visible>
            <width>100%</width>
            <height>100%</height>
        </control>
		<control type="group" description="Player Info">
            <visible>Player.HasVideo + !Skin.HasSetting(hideVideoinfo)</visible>
			<left>1000</left>
            <top>150</top>
			<control type="image" description="Playing BG">
                <width>430</width>
                <height>105</height>
                <!-- <texture colordiffuse="tiles" background="true">white.png</texture> -->
            </control>
            <control type="group">

            </control>
        </control>
<!--         <control type="group" description="Music Info">
            <visible>Player.HasAudio + !Skin.HasSetting(hideMusicinfo)</visible>
			<left>1500</left>
            <top>50</top>
<!-- 			<control type="image" description="Playing BG">
                <width>430</width>
                <height>105</height>
                <!-- <texture colordiffuse="tiles" background="true">white.png</texture> -->
           <!-- </control> -->
           <!-- <control type="group">

            <!--</control>
       <!-- </control> -->
		<control type="group">
					<visible>Player.HasVideo + !Skin.HasSetting(hideVideoinfo)</visible>
					<posx>520</posx>
					<posy>0</posy>
					<control type="image" description="Playing BG">
						<width>420</width>
						<height>300</height>
						<!-- <texture colordiffuse="tiles" background="true">white.png</texture> -->
					</control>				
					<control type="videowindow">
					<visible>!Skin.HasSetting(background.showvideo2)</visible>
					<animation type="WindowOpen" reversible="false">
					<effect type="zoom" start="0" end="100" time="400" center="auto" tween="sine" easing="out" />
					</animation>
					<animation type="WindowClose" reversible="false">
					<effect type="zoom" start="100" end="0" time="300" center="auto" tween="sine" easing="out" />
					</animation>
					<posx>25</posx>
					<width>720</width>
					<height>440</height>
					</control>
	</control>
		<control type="group">
					
					<visible>Player.HasAudio + !Skin.HasSetting(hideMusicinfo)</visible>
					
					<posx>1500</posx>
					<posy>150</posy>
					
					<control type="image" description="Playing BG">
					<visible>!Skin.HasSetting(background.showvideo2)</visible>
						<width>420</width>
						<height>300</height>
						<!-- <texture colordiffuse="tiles" background="true">white.png</texture> -->
					</control>				
					<control type="videowindow">
					<animation type="WindowOpen" reversible="false">
					<effect type="zoom" start="0" end="100" time="400" center="auto" tween="sine" easing="out" />
					</animation>
					<animation type="WindowClose" reversible="false">
					<effect type="zoom" start="100" end="0" time="300" center="auto" tween="sine" easing="out" />
					</animation>
					<posx>25</posx>
					<width>400</width>
					<height>280</height>
					</control>
					
	</control>
		
		
</include>
</includes>