<includes>
    
    <include name="HomeWin12">
        <!-- Header -->
		<!-- <include>Header</include> -->
        <include>Furniture_TopBar_Clock3</include>
        <include>Updateinfo</include>
		        <control type="image">
			<!--Panel-->
			<posx>0</posx>
			<bottom>0</bottom>
			<width>1920</width>
			<height>630</height>
			<texture border="5">diffuse/panel.png</texture>
			<colordiffuse>$INFO[Skin.String(ViewDetailsPanelColor)]</colordiffuse>
			<aspectratio>stretch</aspectratio>
			<visible>!skin.hastheme(classic)</visible>
			<visible>!Skin.HasSetting(HideWidgetPanelBackground)</visible>
			<animation type="Conditional" condition="Control.IsVisible(4445) + Integer.IsGreater(Container(4445).NumItems,0)">
                <effect type="slide" start="0,0" end="0,530" time="100" tween="cubic" easing="inout" delay="0" />
            </animation>
            <animation type="Conditional" condition="Control.IsVisible(4445) + !Integer.IsGreater(Container(4445).NumItems,0)">
                <effect type="slide" start="0,0" end="0,620" time="100" tween="cubic" easing="inout" delay="0" />
            </animation>
		</control>
		<control type="group" id="9005">
            <!-- all widgets -->
            <control type="grouplist" id="77777">
                <posx>30</posx>
                <height>930</height>
                <right>0</right>
                <bottom>50</bottom>
                <ondown>9000</ondown>
                <onleft condition="!Skin.HasSetting(EnhancedHome_Circular)">SetFocus(9000)</onleft>
                <onleft condition="Skin.HasSetting(EnhancedHome_Circular)">77777</onleft>
                <onup>5555</onup>
                <onback>9000</onback>
				
                <orientation>horizontal</orientation>
                <pagecontrol>317</pagecontrol>
                <itemgap>8</itemgap>
                <onfocus>ClearProperty(ShowViewSubMenu)</onfocus>
                <include>animation_window_open_close</include>
                <!-- submenu -->
                <include condition="!Skin.HasSetting(Win10SubmenuRight)">HomeWin10Submenu2</include>
                
                <!--white space -->
                <control type="group" id="4447">
                    <width>25</width>
                    <visible>Integer.IsGreater(Container(4445).NumItems,0)</visible>
                </control>
                
                <!-- widgets -->
                <include>skinshortcuts-template-Widgets</include>
                
                <!-- submenu -->
                <include condition="Skin.HasSetting(Win10SubmenuRight)">HomeWin10Submenu2</include>
                
                <!-- hidden button to focus when there are no widgets or submenus -->
                <control type="button" id="3331">
                    <texturefocus />
                    <texturenofocus />
                    <visible>String.IsEmpty(Container(9000).ListItem.Property(widget)) + !Integer.IsGreater(Container(4445).NumItems,0)</visible>
                </control>
                
            </control>
            
            <!--horizontal Scrollbar-->
            <control type="group">
                <control type="scrollbar" id="317">
                    <left>40</left>
                    <bottom>0</bottom>
                    <width>1840</width>
                    <height>15</height>
                    <onup>52</onup>
                    <onleft>317</onleft>
                    <onright>317</onright>
                    <orientation>horizontal</orientation>
                    <animation effect="slide" end="0,20" time="300" delay="0" tween="cubic" easing="inout" condition="Window.IsActive(notification) | Window.IsActive(extendedprogressdialog) | Control.IsVisible(88888)">Conditional</animation>
                         <animation effect="fade" start="0" end="100" time="400" condition="Control.HasFocus(60) | Skin.HasSetting(EnableTouchSupport) | Container.Scrolling | Skin.HasSetting(alwaysShowScrollbars)">Conditional</animation>
                    <animation effect="fade" start="100" end="0" time="400" condition="![Control.HasFocus(60) | Skin.HasSetting(EnableTouchSupport) | Container.Scrolling | Skin.HasSetting(alwaysShowScrollbars)]">Conditional</animation>
                </control>
            </control>
            
        </control>
		<!--Side Menu-->
        <include>SideBladeMainMenu2</include>
    </include>
    
    <include name="HomeWin10Submenu2">
    
        <control type="group" id="4443">
            <width>1</width>
            <height>1</height>
			
            <animation effect="slide" end="10,-50" time="0" condition="true">Conditional</animation>
            <visible>Integer.IsGreater(Container(4445).NumItems,0)</visible>
            <control type="label">
                <height>40</height>
                <width>440</width>
                <font>Reg28</font>
                <align>right</align>
                <aligny>top</aligny>
                <textcolor>$INFO[Skin.String(HeaderTextColor)]</textcolor>
                <label>$VAR[submenuheader]</label>
            </control>
        </control>
        <control type="panel" id="4444">
            <viewtype label="31436">icons</viewtype>
		 <ondown>9000</ondown>
            <width>440</width>
            <height>880</height>
            <onfocus>ClearProperty(ShowViewSubMenu)</onfocus>
            <orientation>vertical</orientation>
            <preloaditems>4</preloaditems>
            <scrolltime tween="quadratic" easing="out">300</scrolltime>
            <visible>Integer.IsGreater(Container(4445).NumItems,0)</visible>
            <itemlayout height="220" width="220">
                <control type="group">
                    <width>220</width>
                    <height>220</height>
                    <include>SquarePosterPanelLayout</include>
                    <control type="group">
                        <description>label overlay</description>
                        <include>SquarePosterTagOverlay</include>
                        <visible>![Skin.HasSetting(NoTitleOnHomeMenuTiles) + !String.IsEmpty(ListItem.Property(defaultID))] + !String.IsEqual(ListItem.Property(disableLabel), disable)</visible>
                    </control>
                </control>
            </itemlayout>
            <focusedlayout height="220" width="220">
              <control type="group">
                    <width>220</width>
                    <height>220</height>
                    <include>SquarePosterPanelLayoutFocus</include>
                    <control type="group">
                        <description>label overlay</description>
                        <include>SquarePosterTagOverlay</include>
                        <visible>![Skin.HasSetting(NoTitleOnHomeMenuTiles) + !String.IsEmpty(ListItem.Property(defaultID))] + !String.IsEqual(ListItem.Property(disableLabel), disable)</visible>
                    </control>
                </control>
                <control type="button">
                <visible>false</visible>
                <onfocus>ClearProperty(ShowViewSubMenu)</onfocus>
            </control>
            </focusedlayout>
            <content>
                <include>skinshortcuts-submenu</include>
            </content>
        </control>
    </include>
    
    <include name="SideBladeMainMenu2">
        <control type="group" id="9001">
            <posx>-640</posx>
            <posy>0</posy>
            <visible>!Window.IsActive(virtualkeyboard)</visible>
            <!--main menu 9000-->
            <control type="list" id="9000">
				   
				<left>1120</left>
				<right>0</right>
				<align>center</align>
				<top>980</top>
				<height>340</height>
				<width>1920</width>
					  
                <onright condition="Integer.IsGreater(Container(4445).NumItems,0)">4444</onright>
                <onright condition="!Integer.IsGreater(Container(4445).NumItems,0)">77777</onright>
                <onright condition="!Integer.IsGreater(Container(4445).NumItems,0)">ClearProperty(ShowViewSubMenu, Home)</onright>
                <onback>ClearProperty(ShowViewSubMenu, Home)</onback>
                <onback>40003</onback>
                <onup>4444</onup>
                <ondown condition="!Skin.HasSetting(EnhancedHome_Circular)">40003</ondown>
				<ondown condition="Skin.HasSetting(EnhancedHome_Circular)">40003</ondown>
				<onleft>91201</onleft>
				<orientation>horizontal</orientation>
				        <control type="image">
			<!--Panel-->
			<posx>50</posx>
			<bottom>0</bottom>
			<width>1820</width>
			<height>930</height>
			<texture border="5">diffuse/panel.png</texture>
			<colordiffuse>$INFO[Skin.String(ViewDetailsPanelColor)]</colordiffuse>
			<aspectratio>stretch</aspectratio>

			<animation type="Conditional" condition="Control.IsVisible(4445) + Integer.IsGreater(Container(4445).NumItems,0)">
                <effect type="slide" start="0,0" end="0,530" time="100" tween="cubic" easing="inout" delay="0" />
            </animation>
            <animation type="Conditional" condition="Control.IsVisible(4445) + !Integer.IsGreater(Container(4445).NumItems,0)">
                <effect type="slide" start="0,0" end="0,620" time="100" tween="cubic" easing="inout" delay="0" />
            </animation>
		</control>
                <itemlayout width="160" height="266">
                    <control type="label">
                        <top>16</top>
                        <height>78</height>
                        <width>170</width>
                        <align>center</align>
                        <aligny>center</aligny>
                        <font>Font-HomeMenu</font>
                        <textcolor>HomeBarFG</textcolor>
                        <label>$INFO[ListItem.Label]</label>
                        <animation effect="fade" start="50" end="80" condition="true">Conditional</animation>
                    </control>
                </itemlayout>
                <focusedlayout width="160" height="266">
                    <control type="label">
                        <top>16</top>
                        <height>78</height>
                        <width>170</width>
                        <align>center</align>
                        <aligny>center</aligny>
                        <font>Font-HomeMenu</font>                        
                        <textcolor>$VAR[Defs_HomeTextColor]</textcolor>
                        <label>$INFO[ListItem.Label]</label>
                        <animation effect="slide" start="0" end="0,-12" time="100" reversible="false">Focus</animation>
                    </control>
                    <control type="image">
                        <centerleft>85</centerleft>
                        <top>88</top>
                        <width>16</width>
                        <height>16</height>
                        <aspectratio>stretch</aspectratio>
                        <texture colordiffuse="$VAR[Defs_HomeTileColor]">common/16-arrow-down.png</texture>
                        <visible>Integer.IsGreater(Container(9002).NumItems,0)</visible>
                        <animation effect="fade" start="0" end="100" time="300" delay="300" reversible="false">Focus</animation>
                        <visible>![String.Contains(Container(9000).ListItem.Property(ParentalControl),yes) + !String.IsEqual(Skin.String(mypassword),Skin.String(passcode))]</visible>
                    </control>
                    <control type="image">
                        <centerleft>85</centerleft>
                        <top>3</top>
                        <width>22</width>
                        <height>22</height>
                        <aspectratio>stretch</aspectratio>
                        <texture colordiffuse="$VAR[Defs_HomeTileColor]">common/lock.png</texture>
                        <visible>Integer.IsGreater(Container(9002).NumItems,0)</visible>
                        <animation effect="fade" start="0" end="100" time="300" delay="300" reversible="false">Focus</animation>
                        <visible>[String.Contains(Container(9000).ListItem.Property(ParentalControl),yes) + !String.IsEqual(Skin.String(mypassword),Skin.String(passcode))]</visible>
                    </control>
                    <control type="image">
                        <top>80</top>
                        <width>170</width>
                        <height>6</height>
                        <texture colordiffuse="$VAR[Defs_HomeTileColor]">common/white.png</texture>
                        <aspectratio>scale</aspectratio>
                    </control>
                </focusedlayout>
                <include condition="Window.IsActive(Home)">MainMenuContent2</include>

            </control>
			<include>allinone_titan</include>
		</control>
        <!-- check for error !! -->
        <include condition="String.Contains(Skin.String(HomeLayout),netflix)">SideBladeSubMenu2</include>
    </include>
    
    <include name="SideBladeSubMenu2">
		<!-- submenu -->
		<control type="group">
			<posx>420</posx>
			<posy>170</posy>
			<animation type="Conditional" condition="Control.IsVisible(4444)">
				<effect type="fade" start="0" end="100" time="250" delay="0" />
			</animation>
            <animation type="Conditional" condition="String.IsEmpty(Window(Home).Property(ShowViewSubMenu))">
				<effect type="slide" start="0" end="-800" time="0" delay="0" />
			</animation>
			<animation type="Conditional" condition="!Control.IsVisible(4444) | Control.IsVisible(4446)">
				<effect type="fade" start="100" end="0" time="150" delay="0" />
			</animation>
            <animation type="Conditional" condition="!Control.IsVisible(4444) | Control.IsVisible(4446)">
				<effect type="slide" start="0" end="-300" time="5" delay="145" />
			</animation>
			<animation type="Conditional" condition="Integer.IsGreater(Container(9000).Position,0)">
				<effect type="slide" end="0,80" time="0" delay="0" />
			</animation>
			<animation type="Conditional" condition="Integer.IsGreater(Container(9000).Position,1)">
				<effect type="slide" end="0,80" time="0" delay="0" />
			</animation>
			<animation type="Conditional" condition="Integer.IsGreater(Container(9000).Position,2)">
				<effect type="slide" end="0,80" time="0" delay="0" />
			</animation>
			<animation type="Conditional" condition="Integer.IsGreater(Container(9000).Position,3)">
				<effect type="slide" end="0,80" time="0" delay="0" />
			</animation>
			<animation type="Conditional" condition="Integer.IsGreater(Container(9000).Position,4)">
				<effect type="slide" end="0,80" time="0" delay="0" />
			</animation>

			<!--Panel-->
            <control type="image">
				<posy>-10</posy>
				<posx>-20</posx>
				<width>360</width>
				<height>400</height>
				<texture border="5">colors/black.png</texture>

					<colordiffuse>77000000</colordiffuse>
                <colordiffuse>$VAR[ThemeHomeSystemBarsColor]</colordiffuse>
                <visible>Skin.String(MainMenuPanelColor) + !Skin.String(MainMenuPanelColor,None)</visible>
				<aspectratio>stretch</aspectratio>
			</control>
			<control type="list" id="4444">
				<visible allowhiddenfocus="true">[String.IsEqual(Window(Home).Property(submenu),show) | control.hasfocus(4444)] + Integer.IsGreater(Container(4445).NumItems,0) + !Control.IsVisible(4446)</visible>
				<visible>!Skin.HasSetting(DisableAllSubmenus)</visible>
				<width>310</width>
				<height>380</height>
				<itemgap>3</itemgap>
				<onleft>9000</onleft>
				<onleft>ClearProperty(submenu,home)</onleft>
				<onright>ClearProperty(submenu,home)</onright>
				<onright>9005</onright>
                <onright>ClearProperty(ShowViewSubMenu, Home)</onright>
				<onup>4444</onup>
				<ondown>4444</ondown>
				<onback>9000</onback>
				<onback>ClearProperty(submenu,home)</onback>
				<focusposition>0</focusposition>
				<movement>3</movement>
				<itemlayout width="320" height="65">
                    <control type="label">
                        <posx>10</posx>
                        <width>295</width>
                        <align>right</align>
                        <font>font15_title</font>
                        <height>60</height>
                        <textcolor>white</textcolor>
                        <label>$INFO[ListItem.Label]</label>
                    </control>
				</itemlayout>
				<focusedlayout width="320" height="65">
                    <control type="label">
                        <posx>10</posx>
                        <width>295</width>
                        <align>right</align>
                        <font>font15_bold</font>
                        <height>60</height>
                        <textcolor>$VAR[Label_SkinSetting_HighlightColor]</textcolor>
                        <label>[B]$INFO[ListItem.Label][/B]</label>
                        <scroll>true</scroll>
                    </control>
                    <control type="button">
                        <label>-</label>
                        <visible>false</visible>
                        <onfocus>SetProperty(submenu,show,home)</onfocus>
                    </control>
				</focusedlayout>
				<content>
                    <include condition="!Skin.HasSetting(DisableAllSubmenus)">skinshortcuts-submenu</include>
				</content>
			</control>
		</control>
	</include>
    
    <include name="MainMenuContent2">
        <content>
            <include>skinshortcuts-mainmenu</include>
        </content>
    </include>
    
    <include name="HomeWin10SpotlightPanel2">
        <control type="group" id="$PARAM[widgetid]6">
            <width>1</width>
            <visible>Control.IsVisible($PARAM[widgetid])</visible>
            <control type="group">
                <height>440</height>
                <width>1350</width>
                <left>17</left>
                <animation effect="slide" end="0,440" time="0" condition="Skin.String(CompareTxtBottom, $PARAM[position])">Conditional</animation>
                <control type="image">
                    <texture background="true">diffuse/wide.png</texture>
                    <colordiffuse>$VAR[ThemeHomeSystemBarsColor]</colordiffuse>
                    <include condition="Skin.String(thumbsborder_unfocused, 0)">thumbborder_0</include>
                    <include condition="Skin.String(thumbsborder_unfocused, 2)">thumbborder_2</include>
                    <include condition="Skin.String(thumbsborder_unfocused, 4)">thumbborder_4</include>
                    <include condition="Skin.String(thumbsborder_unfocused, 6)">thumbborder_6</include>
                </control>
                <control type="image">
                    <width>100%</width>
                    <height>100%</height>
                    <bordersize>8</bordersize>
                    <texture background="true" diffuse="diffuse/wide.png">$INFO[Container($PARAM[widgetid]).ListItem.Art(fanart)]</texture>
                    <aspectratio scalediffuse="false" align="center" aligny="top">scale</aspectratio>
                    <visible>!String.IsEmpty(Container($PARAM[widgetid]).ListItem.Art(fanart))</visible>
                </control>
                <control type="image">
                    <width>100%</width>
                    <height>100%</height>
                    <bordersize>8</bordersize>
                    <texture background="true" diffuse="diffuse/wide.png">$INFO[Container($PARAM[widgetid]).ListItem.Property(fanart)]</texture>
                    <aspectratio scalediffuse="false" align="center" aligny="top">scale</aspectratio>
                    <visible>!String.IsEmpty(Container($PARAM[widgetid]).ListItem.Property(fanart)) + String.IsEmpty(Container($PARAM[widgetid]).ListItem.Art(fanart))</visible>
                </control>
                <control type="image">
                    <width>100%</width>
                    <height>100%</height>
                    <bordersize>8</bordersize>
                    <texture background="true" diffuse="diffuse/wide.png">$INFO[Container($PARAM[widgetid]).ListItem.Icon]</texture>
                    <aspectratio scalediffuse="false" align="center" aligny="top">scale</aspectratio>
                    <visible>String.IsEmpty(Container($PARAM[widgetid]).ListItem.Property(fanart)) + String.IsEmpty(Container($PARAM[widgetid]).ListItem.Art(fanart))</visible>
                </control>
                <control type="image">
                    <bottom>0</bottom>
                    <height>185</height>
                    <bordersize>8</bordersize>
                    <colordiffuse>$INFO[Skin.String(TagOverlaysPanelColor)]</colordiffuse>
                    <texture border="5">colors/color_white.png</texture>
                </control>
                <control type="label">
                    <bottom>121</bottom>
                    <posx>1330</posx>
                    <width>95%</width>
                    <height>45</height>
                    <align>right</align>
                    <label>[COLOR=$INFO[Skin.String(ViewDetailsFocusColor)]]$VAR[widgetinfolabel-$PARAM[widgetid]][/COLOR][CR]$VAR[widgetsubtitle-$PARAM[widgetid]]</label>
                    <textcolor>$INFO[Skin.String(TagOverlaysTextColor)]</textcolor>
                    <font>Reg24</font>
                </control>
                <control type="textbox">
                    <bottom>15</bottom>
                    <posx>45</posx>
                    <width>95%</width>
                    <height>97</height>
                    <align>right</align>
                    <label>$INFO[Container($PARAM[widgetid]).ListItem.Plot]</label>
                    <textcolor>$INFO[Skin.String(TagOverlaysTextColor)]</textcolor>
                    <font>Reg24</font>
                    <autoscroll delay="5000" time="3000" repeat="10000">Control.HasFocus($PARAM[widgetid])</autoscroll>
                    <visible>!String.IsEmpty(Container($PARAM[widgetid]).ListItem.Plot)</visible>
                </control>
                <control type="textbox">
                    <bottom>15</bottom>
                    <posx>45</posx>
                    <width>95%</width>
                    <height>97</height>
                    <align>right</align>
                    <label>$INFO[Container($PARAM[widgetid]).ListItem.Property(Plot)]</label>
                    <textcolor>$INFO[Skin.String(TagOverlaysTextColor)]</textcolor>
                    <font>Reg24</font>
                    <autoscroll delay="5000" time="3000" repeat="10000">Control.HasFocus($PARAM[widgetid])</autoscroll>
                    <visible>String.IsEmpty(Container($PARAM[widgetid]).ListItem.Plot)</visible>
                </control>
            </control>
        </control>
    </include>
    <include name="HomeWin10SpotlightPanelLarge">
        <control type="group" id="$PARAM[widgetid]60">
            <height>880</height>
            <width>687</width>
            <animation effect="slide" end="-25" time="0" condition="true">Conditional</animation>
            <visible>Control.IsVisible($PARAM[widgetid])</visible>
            <control type="image">
                <texture background="true">diffuse/wide.png</texture>
                <colordiffuse>$VAR[ThemeHomeSystemBarsColor]</colordiffuse>
                <include condition="Skin.String(thumbsborder_unfocused, 0)">thumbborder_0</include>
                <include condition="Skin.String(thumbsborder_unfocused, 2)">thumbborder_2</include>
                <include condition="Skin.String(thumbsborder_unfocused, 4)">thumbborder_4</include>
                <include condition="Skin.String(thumbsborder_unfocused, 6)">thumbborder_6</include>
            </control>
            <control type="image">
                <texture background="true">diffuse/wide.png</texture>
                <colordiffuse>$VAR[ThemeHomeSystemBarsColor]</colordiffuse>
                <include condition="Skin.String(thumbsborder_unfocused, 0)">thumbborder_0</include>
                <include condition="Skin.String(thumbsborder_unfocused, 2)">thumbborder_2</include>
                <include condition="Skin.String(thumbsborder_unfocused, 4)">thumbborder_4</include>
                <include condition="Skin.String(thumbsborder_unfocused, 6)">thumbborder_6</include>
            </control>
            <control type="image">
                <height>385</height>
                <width>100%</width>
                <height>395</height>
                <bordersize>15</bordersize>
                <texture background="true" diffuse="diffuse/wide.png">$INFO[Container($PARAM[widgetid]).ListItem.Art(fanart)]</texture>
                <aspectratio scalediffuse="false" align="center" aligny="top">scale</aspectratio>
                <visible>!String.IsEmpty(Container($PARAM[widgetid]).ListItem.Art(fanart))</visible>
            </control>
            <control type="image">
                <width>100%</width>
                <height>395</height>
                <bordersize>15</bordersize>
                <texture background="true" diffuse="diffuse/wide.png">$INFO[Container($PARAM[widgetid]).ListItem.Property(fanart)]</texture>
                <aspectratio scalediffuse="false" align="center" aligny="top">scale</aspectratio>
                <visible>!String.IsEmpty(Container($PARAM[widgetid]).ListItem.Property(fanart)) + String.IsEmpty(Container($PARAM[widgetid]).ListItem.Art(fanart))</visible>
            </control>
            <control type="image">
                <width>100%</width>
                <height>395</height>
                <bordersize>15</bordersize>
                <texture background="true" diffuse="diffuse/wide.png">$INFO[Container($PARAM[widgetid]).ListItem.Icon]</texture>
                <aspectratio scalediffuse="false" align="center" aligny="top">scale</aspectratio>
                <visible>String.IsEmpty(Container($PARAM[widgetid]).ListItem.Property(fanart)) + String.IsEmpty(Container($PARAM[widgetid]).ListItem.Art(fanart))</visible>
            </control>
            <control type="textbox">
                <top>410</top>
                <left>15</left>
                <right>15</right>
                <height>60</height>
                <align>left</align>
                <label>[B][COLOR=$INFO[Skin.String(ViewDetailsFocusColor)]]$VAR[widgetinfolabel-$PARAM[widgetid]][/COLOR][CR]$VAR[widgetsubtitle-$PARAM[widgetid]][/B]</label>
                <textcolor>$INFO[Skin.String(TagOverlaysTextColor)]</textcolor>
                <font>Reg26</font>
            </control>
            <control type="textbox">
                <bottom>15</bottom>
                <top>490</top>
                <left>15</left>
                <right>15</right>
                <align>left</align>
                <label>$INFO[Container($PARAM[widgetid]).ListItem.Plot]</label>
                <textcolor>$INFO[Skin.String(TagOverlaysTextColor)]</textcolor>
                <font>Reg24</font>
                <autoscroll delay="5000" time="3000" repeat="10000">Control.HasFocus($PARAM[widgetid])</autoscroll>
                <visible>!String.IsEmpty(Container($PARAM[widgetid]).ListItem.Plot)</visible>
            </control>
            <control type="textbox">
                <bottom>15</bottom>
                <top>490</top>
                <left>15</left>
                <right>15</right>
                <align>left</align>
                <label>$INFO[Container($PARAM[widgetid]).ListItem.Property(Plot)]</label>
                <textcolor>$INFO[Skin.String(TagOverlaysTextColor)]</textcolor>
                <font>Reg24</font>
                <autoscroll delay="5000" time="3000" repeat="10000">Control.HasFocus($PARAM[widgetid])</autoscroll>
                <visible>String.IsEmpty(Container($PARAM[widgetid]).ListItem.Plot)</visible>
            </control>
        </control>
    </include>
    
    <!-- supported widget styles -->
    <include name="win10_widget_layout_square1">
        <itemlayout height="220" width="220">
            <include>SquarePosterPanelLayout</include>
            <control type="group">
                <description>widget label overlay</description>
                <include condition="!Skin.String(Widgets_DisplayTags,disable)">SquarePosterTagOverlay</include>
                <include condition="Skin.String(Widgets_DisplayTags,auto)">SquarePosterTagOverlayVisibility</include>
                <include name="$PARAM[widgetTags]" content="$PARAM[widgetTags]" condition="Skin.String(Widgets_DisplayTags,override)">
                    <param name="prefix" value="SquarePoster" />
                </include>
            </control>
        </itemlayout>
        <focusedlayout height="220" width="220">
            <include>SquarePosterPanelLayoutFocus</include>
            <control type="group">
                <description>widget label overlay</description>
                <include condition="!Skin.String(Widgets_DisplayTags,disable)">SquarePosterTagOverlay</include>
                <include condition="Skin.String(Widgets_DisplayTags,auto)">SquarePosterTagOverlayVisibility</include>
                <include name="$PARAM[widgetTags]" content="$PARAM[widgetTags]" condition="Skin.String(Widgets_DisplayTags,override)">
                    <param name="prefix" value="SquarePoster" />
                </include>
            </control>
            <control type="button">
                <visible>false</visible>
                <onfocus>Setproperty(SkinHelper.WidgetContainer,$PARAM[widgetid])</onfocus>
                <onfocus>ClearProperty(ShowViewSubMenu)</onfocus>
            </control>
        </focusedlayout>
    </include>
    <include name="win10_widget_layout_small_poster">
        <itemlayout height="220" width="165">
            <include>SmallPosterPanelLayout</include>
            <control type="group">
                <description>widget label overlay</description>
                <include condition="!Skin.String(Widgets_DisplayTags,disable)">SmallPosterTagOverlay</include>
                <include condition="Skin.String(Widgets_DisplayTags,auto)">PosterTagOverlayVisibility</include>
                <include name="$PARAM[widgetTags]" content="$PARAM[widgetTags]" condition="Skin.String(Widgets_DisplayTags,override)">
                    <param name="prefix" value="Poster" />
                </include>
            </control>
        </itemlayout>
        <focusedlayout height="220" width="165">
            <include>SmallPosterPanelLayoutFocus</include>
            <control type="group">
                <description>widget label overlay</description>
                <include condition="!Skin.String(Widgets_DisplayTags,disable)">SmallPosterTagOverlay</include>
                <include condition="Skin.String(Widgets_DisplayTags,auto)">PosterTagOverlayVisibility</include>
                <include name="$PARAM[widgetTags]" content="$PARAM[widgetTags]" condition="Skin.String(Widgets_DisplayTags,override)">
                    <param name="prefix" value="Poster" />
                </include>
            </control>
            <control type="button">
                <visible>false</visible>
                <onfocus>Setproperty(SkinHelper.WidgetContainer,$PARAM[widgetid])</onfocus>
                <onfocus>ClearProperty(ShowViewSubMenu)</onfocus>
            </control>
        </focusedlayout>
    </include>
    <include name="win10_widget_layout_square">
        <itemlayout height="220" width="330">
            <include>ThumbsViewLayout</include>
            <control type="group">
                <description>widget label overlay</description>
                <include condition="!Skin.String(Widgets_DisplayTags,disable)">ThumbsTagOverlay</include>
                <include condition="Skin.String(Widgets_DisplayTags,auto)">LandscapeTagOverlayVisibility</include>
                <include name="$PARAM[widgetTags]" content="$PARAM[widgetTags]" condition="Skin.String(Widgets_DisplayTags,override)">
                    <param name="prefix" value="Landscape" />
                </include>
            </control>
        </itemlayout>
        <focusedlayout height="220" width="330">
            <include>$VAR[Label_SkinSetting_HighlightColor]</include>
            <control type="group">
                <description>widget label overlay</description>
                <include condition="!Skin.String(Widgets_DisplayTags,disable)">ThumbsTagOverlay</include>
                <include condition="Skin.String(Widgets_DisplayTags,auto)">LandscapeTagOverlayVisibility</include>
                <include name="$PARAM[widgetTags]" content="$PARAM[widgetTags]" condition="Skin.String(Widgets_DisplayTags,override)">
                    <param name="prefix" value="Landscape" />
                </include>
            </control>
            <control type="button">
                <visible>false</visible>
                <onfocus>Setproperty(SkinHelper.WidgetContainer,$PARAM[widgetid])</onfocus>
                <onfocus>ClearProperty(ShowViewSubMenu)</onfocus>
            </control>
        </focusedlayout>
    </include>
    <include name="win10_widget_layout_banner">
        <itemlayout height="146" width="660">
            <control type="image">
                <texture border="5">diffuse/banner.png</texture>
                <colordiffuse>$VAR[ThemeHomeSystemBarsColor]</colordiffuse>
                <aspectratio scalediffuse="false" align="left">stretch</aspectratio>
                <include condition="Skin.String(thumbsborder_unfocused, 0)">thumbborder_0</include>
                <include condition="Skin.String(thumbsborder_unfocused, 2)">thumbborder_2</include>
                <include condition="Skin.String(thumbsborder_unfocused, 4)">thumbborder_4</include>
                <include condition="Skin.String(thumbsborder_unfocused, 6)">thumbborder_6</include>
            </control>
            <include>BannerLayout</include>
        </itemlayout>
        <focusedlayout height="146" width="660">
            <control type="image">
                <texture border="5">diffuse/banner.png</texture>
                <colordiffuse>$INFO[Skin.String(HomeViewDetailsBorderFocusColor)]</colordiffuse>
                <aspectratio scalediffuse="false" align="left">stretch</aspectratio>
                <include condition="Skin.String(thumbsborder_focused, 2)">thumbborder_2</include>
                <include condition="Skin.String(thumbsborder_focused, 4)">thumbborder_4</include>
                <include condition="Skin.String(thumbsborder_focused, 6)">thumbborder_6</include>
            </control>
            <include>BannerLayout</include>
            <control type="button">
                <visible>false</visible>
                <onfocus>SetProperty(SkinHelper.WidgetContainer,$PARAM[widgetid])</onfocus>
                <onfocus>ClearProperty(ShowViewSubMenu)</onfocus>
            </control>
        </focusedlayout>
    </include>
    
    <!-- unsupported widget styles: use substitute -->
    <include name="win10_widget_layout_default">
        <include name="win10_widget_layout_square" content="win10_widget_layout_square">
            <param name="widgetid" value="$PARAM[widgetid]" />
            <param name="widgetTags" value="$PARAM[widgetTags]" />
        </include>
    </include>
    <include name="win10_widget_layout_None">
        <include name="win10_widget_layout_square" content="win10_widget_layout_square">
            <param name="widgetid" value="$PARAM[widgetid]" />
            <param name="widgetTags" value="$PARAM[widgetTags]" />
        </include>
    </include>
    <include name="win10_widget_layout_minisquare">
        <include name="win10_widget_layout_square" content="win10_widget_layout_square">
            <param name="widgetid" value="$PARAM[widgetid]" />
            <param name="widgetTags" value="$PARAM[widgetTags]" />
        </include>
    </include>
    <include name="win10_widget_layout_poster">
        <include name="win10_widget_layout_small_poster" content="win10_widget_layout_small_poster">
            <param name="widgetid" value="$PARAM[widgetid]" />
            <param name="widgetTags" value="$PARAM[widgetTags]" />
        </include>
    </include>
    <include name="win10_widget_layout_smallposter">
        <include name="win10_widget_layout_small_poster" content="win10_widget_layout_small_poster">
            <param name="widgetid" value="$PARAM[widgetid]" />
            <param name="widgetTags" value="$PARAM[widgetTags]" />
        </include>
    </include>
    <include name="win10_widget_layout_posterdetails">
        <include name="win10_widget_layout_small_poster" content="win10_widget_layout_small_poster">
            <param name="widgetid" value="$PARAM[widgetid]" />
            <param name="widgetTags" value="$PARAM[widgetTags]" />
        </include>
    </include>
    <include name="win10_widget_layout_landscapedetails">
        <include name="win10_widget_layout_landscape" content="win10_widget_layout_landscape">
            <param name="widgetid" value="$PARAM[widgetid]" />
            <param name="widgetTags" value="$PARAM[widgetTags]" />
        </include>
    </include>
    <include name="win10_widget_layout_landscapesmall">
        <include name="win10_widget_layout_landscape" content="win10_widget_layout_landscape">
            <param name="widgetid" value="$PARAM[widgetid]" />
            <param name="widgetTags" value="$PARAM[widgetTags]" />
        </include>
    </include>
    <include name="win10_widget_layout_landscapelarge">
        <include name="win10_widget_layout_landscape" content="win10_widget_layout_landscape">
            <param name="widgetid" value="$PARAM[widgetid]" />
            <param name="widgetTags" value="$PARAM[widgetTags]" />
        </include>
    </include>
    <include name="win10_widget_layout_singlebox">
        <include name="win10_widget_layout_square" content="win10_widget_layout_square">
            <param name="widgetid" value="$PARAM[widgetid]" />
            <param name="widgetTags" value="$PARAM[widgetTags]" />
        </include>
    </include>
    <include name="win10_widget_layout_widebox">
        <include name="win10_widget_layout_square" content="win10_widget_layout_square">
            <param name="widgetid" value="$PARAM[widgetid]" />
            <param name="widgetTags" value="$PARAM[widgetTags]" />
        </include>
    </include>
</includes>