<?xml version="1.0" encoding="UTF-8"?>
<window>
    <backgroundcolor>Background</backgroundcolor>
    <menucontrol>9000</menucontrol>
    <defaultcontrol always="true">50</defaultcontrol>
<!-- Modification Views -->    
    <views>50,550,552,505,56,57,500,51,52,59,53,600,506,508,509,553,54,502,592,503,501,504,156,157,515,158,159,521,160,161,162,535,525,514,513,516,551,58,55</views>
    <onunload>SetProperty(NodeReturn,music,home)</onunload>
    <onunload>SetProperty(HubReturn,$INFO[Container.FolderPath],home)</onunload>
	<onload>ClearProperty(quicknavsetup,home)</onload>
	<onunload>ClearProperty(quicknavsetup,home)</onunload>
    <controls>
        <!-- Background -->
		<include>Global_Background</include>
		<include>Topbar</include>
        <!-- <include>Furniture_Background</include> -->
        <include>Furniture_RSS</include>
        <include>Furniture_TopBar</include>       
        <include>ClearLogo2</include>
		<include>ClearLogo3</include>
		<!-- <include>QuickNav</include> -->
		<include>snow</include>
		<include>DefMenuMouse</include>
		<include>DefMenuMouse2</include>
		<include>DefMenuMouse3</include>
		<include>FullscreenBack</include>
		<include>Genre</include>
		<include>Plot</include>
		<include>top_bar</include>
		<include>MediaControls_myvideonav</include>
<!-- Ajout Include -->        
        <include>ClearLogoMusic</include>
        

        <!-- Main group -->
        <control type="group">
            <include>Animation_Common</include>
            <include>Viewtype_List</include>
			<include>Viewtype_SquareList</include>
			<include>Viewtype_PanelList</include>  
			<include>Viewtype_PlainList</include>
			<include>View_Posters_Wall</include>
			<include>Viewtype_Wide</include>
            <include>Viewtype_Fanart</include>
            <include>Viewtype_BigList</include>
			<include>Viewtype_Thumbs</include>
			<include>View_Netflix</include>
			<include>View_Netflix2</include>
			<include>View_Posters_SquareWall</include>
		<include>fanart_view_rtl</include>
            <include condition="!Skin.HasSetting(SkinHelper.View.Disabled.51)">Viewtype_BigIcon</include>
            <include condition="!Skin.HasSetting(SkinHelper.View.Disabled.52)">Viewtype_Icon</include>
            <include condition="!Skin.HasSetting(SkinHelper.View.Disabled.59)">Viewtype_IconExtra</include>
            <include condition="!Skin.HasSetting(SkinHelper.View.Disabled.53)">Viewtype_BigWide</include>               
            <include condition="!Skin.HasSetting(SkinHelper.View.Disabled.600)">Viewtype_BigWideLogo</include>
            <include condition="!Skin.HasSetting(SkinHelper.View.Disabled.506)">Viewtype_FanartList</include>
			<include condition="!Skin.HasSetting(SkinHelper.View.Disabled.508)">Viewtype_InfoList</include>
            <include condition="!Skin.HasSetting(SkinHelper.View.Disabled.509)">Viewtype_InfoList2</include>
			<include condition="!Skin.HasSetting(SkinHelper.View.Disabled.553)">Viewtype_InfoList3</include>
            <include condition="!Skin.HasSetting(SkinHelper.View.Disabled.54)">Viewtype_MediaInfo</include>
            <include condition="!Skin.HasSetting(SkinHelper.View.Disabled.502)">Viewtype_MediaInfo2</include>
			<include condition="!Skin.HasSetting(SkinHelper.View.Disabled.592)">Viewtype_MediaInfo5</include>
            <include condition="!Skin.HasSetting(SkinHelper.View.Disabled.503)">Viewtype_MediaInfo3</include>
            <include condition="!Skin.HasSetting(SkinHelper.View.Disabled.501)">Viewtype_BigListInfo</include>            
            <include condition="!Skin.HasSetting(SkinHelper.View.Disabled.504)">Viewtype_Posters_List1</include>
            <include condition="!Skin.HasSetting(SkinHelper.View.Disabled.156)">Viewtype_Cycle</include>
            <include condition="!Skin.HasSetting(SkinHelper.View.Disabled.158)">Viewtype_Banner</include>
            <include condition="!Skin.HasSetting(SkinHelper.View.Disabled.159)">Viewtype_FanartLogo</include>
			<include condition="!Skin.HasSetting(SkinHelper.View.Disabled.521)">Viewtype_Lovefilm</include>
            <include condition="!Skin.HasSetting(SkinHelper.View.Disabled.160)">Viewtype_BigWideClearArt</include>
            <include condition="!Skin.HasSetting(SkinHelper.View.Disabled.161)">Viewtype_ClearArts_List</include>
            <include condition="!Skin.HasSetting(SkinHelper.View.Disabled.162)">Viewtype_Logos_List</include>
			<include condition="!Skin.HasSetting(SkinHelper.View.Disabled.535)">Viewtype_ShowCase</include>
			<include condition="!Skin.HasSetting(SkinHelper.View.Disabled.525)">Viewtype_MediumIcon</include>
			<include condition="!Skin.HasSetting(SkinHelper.View.Disabled.514)">Viewtype_FanArtIcons</include>
			<include condition="!Skin.HasSetting(SkinHelper.View.Disabled.513)">Viewtype_FanArtIconsEp</include>
			<include condition="!Skin.HasSetting(SkinHelper.View.Disabled.516)">Video_RightList</include>
			<include condition="!Skin.HasSetting(SkinHelper.View.Disabled.551)">Video_LowList</include>
		</control>	
		<!-- <include>side_tab</include> -->
		<include>Opensetting</include>
		<include>QuickNav</include>	
        <!-- Menu -->
			<control type="group"> 
				<visible>IntegerGreaterThan(Container.NumItems,-1) | !Container.IsUpdating</visible>
				<posy>78</posy>
				<!-- <include content="myvideonav_toolbar_animation" condition="String.IsEqual(System.Language,Hebrew) | Skin.HasSetting(Prefer_RTL)"><param name="end" value="420" /></include> -->
				<include content="myvideonav_toolbar_animation" condition="!String.IsEqual(System.Language,Hebrew) + !Skin.HasSetting(Prefer_RTL)"><param name="end" value="-360" /></include>
				<include>myvideonav_toolbar_animation</include>
				<include content="dialog_view_options"></include>
				
				<control type="grouplist" id="9100">
					<include>sidebar_list_size</include>
					<onleft>50</onleft>
					<onright>50</onright>
					<!-- <onup>9100</onup> -->
					<ondown>9100</ondown>
					<onback>50</onback>
				<onleft>ClearProperty(MediaMenu,Home)</onleft>
				<onright>ClearProperty(MediaMenu,Home)</onright>
				<onup>ClearProperty(MediaMenu,Home)</onup>
				<ondown>ClearProperty(MediaMenu,Home)</ondown>
				<onback>ClearProperty(MediaMenu,Home)</onback>
					<itemgap>20</itemgap>
					<usecontrolcoords>true</usecontrolcoords>
					<orientation>vertical</orientation>
					<visible>!Skin.HasSetting(KioskMode)</visible>
					<usecontrolcoords>true</usecontrolcoords>   
<!-- Ajout Control -->                
                <control type="button" id="9096">
                    <description>Back to fullscreen</description>
                    <include>Defs_OptionButton9</include>
                    <label>31526</label>
                    <onclick>fullscreen</onclick>
                    <visible>Player.HasVideo</visible>
                </control>
<!-- Ajout Control -->                
                <control type="button" id="9097">
                    <description>Back to Music Viz</description>
                    <include>Defs_OptionButton9</include>
                    <label>31639</label>
                    <onclick>fullscreen</onclick>
                    <visible>Player.HasAudio</visible>
                </control>                                 
                <include>Object_BasicViewList</include>
<!-- Ajout Control -->
                <control type="button" id="9003">
                    <include>Defs_OptionButton9</include>
                    <label>13350</label>
                    <onclick>ActivateWindow(videoplaylist)</onclick>
                    <visible>Integer.IsGreater(Playlist.Length(video),1)</visible>
                    <visible>Player.HasVideo</visible>
                </control>                
                <!-- Now Playing -->
                <control type="button" id="9004">
                    <include>Defs_OptionButton9</include>
                    <label>13350</label>
                    <onclick>ActivateWindow(MusicPlaylist)</onclick>
                    <visible>Integer.IsGreater(Playlist.Length(music),0)</visible>
                    <visible>Player.HasAudio</visible>
                </control>
                <!-- Party Mode -->
                <control type="radiobutton" id="16">
                    <include>Defs_OptionButton9</include>
                    <label>589</label>
                    <visible>Control.IsEnabled(16)</visible>
                </control>
                <!-- Update -->
                <control type="button" id="20">
                    <label>653</label>
                    <include>Defs_OptionButton9</include>
                    <onclick>SetFocus(50)</onclick>
                </control>
            </control>

        </control>
    </controls>

</window>