<?xml version="1.0" encoding="UTF-8"?>
<window>
    <backgroundcolor>Background</backgroundcolor>
    <menucontrol>9000</menucontrol>
    <defaultcontrol always="true">50</defaultcontrol>
<!-- Modification Views -->    
    <views>50,552,57,500,505,507,521,53,506,51,157,515,58,56</views>
    <onunload>SetProperty(NodeReturn,programs,home)</onunload>
    <onunload>SetProperty(HubReturn,$INFO[Container.FolderPath],home)</onunload>
	<onload>ClearProperty(quicknavsetup,home)</onload>
	<onunload>ClearProperty(quicknavsetup,home)</onunload>	
    <controls>
        <!-- Background -->
        <!-- <include>Furniture_Background</include> -->
		<include>Global_Background</include>
        <include>Furniture_RSS</include>
        <include>Furniture_TopBar2</include>
        <!-- <include>QuickNav</include> -->

        <!-- Main group -->
        <control type="group">
            <include>Animation_Common</include>
            <include>Viewtype_SquareList</include>
			<include>Viewtype_PlainList</include>			
            <include>Viewtype_BigList</include>
            <include>Viewtype_PanelList</include>
            <include>Viewtype_Thumbs</include>
			<include>Viewtype_Fanart</include>
			<include>View_Posters_Wall</include>			
			<include>View_Posters_SquareWall</include>
			<include>fanart_view_rtl</include>
            <include condition="!Skin.HasSetting(SkinHelper.View.Disabled.507)">Viewtype_Posters_List2</include>
			<include condition="!Skin.HasSetting(SkinHelper.View.Disabled.521)">Viewtype_Lovefilm</include>
			<include condition="!Skin.HasSetting(SkinHelper.View.Disabled.53)">Viewtype_BigWide</include>
	        <include condition="!Skin.HasSetting(SkinHelper.View.Disabled.506)">Viewtype_FanartList</include>
            <include condition="!Skin.HasSetting(SkinHelper.View.Disabled.51)">Viewtype_BigIcon</include>			
        </control>


        <!-- Menu -->
		<!-- <include>side_tab</include> -->
<include>Opensetting</include>
			<control type="group"> 
				<visible>IntegerGreaterThan(Container.NumItems,-1) | !Container.IsUpdating</visible>
				<posy>78</posy>
				<!-- <include content="myvideonav_toolbar_animation" condition="String.IsEqual(System.Language,Hebrew) | Skin.HasSetting(Prefer_RTL)"><param name="end" value="420" /></include> -->
				<include content="myvideonav_toolbar_animation" condition="!String.IsEqual(System.Language,Hebrew) + !Skin.HasSetting(Prefer_RTL)"><param name="end" value="-360" /></include>
				<include>myvideonav_toolbar_animation</include>
				<include content="dialog_view_options"></include>
				
				<control type="grouplist" id="9100">
					<include>sidebar_list_size</include>
					<onleft>50</onleft>
					<onright>50</onright>
					<!-- <onup>9100</onup> -->
					<ondown>9100</ondown>
					<onback>50</onback>
				<onleft>ClearProperty(MediaMenu,Home)</onleft>
				<onright>ClearProperty(MediaMenu,Home)</onright>
				<onup>ClearProperty(MediaMenu,Home)</onup>
				<ondown>ClearProperty(MediaMenu,Home)</ondown>
				<onback>ClearProperty(MediaMenu,Home)</onback>
					<itemgap>20</itemgap>
					<usecontrolcoords>true</usecontrolcoords>
					<orientation>vertical</orientation>
					<visible>!Skin.HasSetting(KioskMode)</visible>
					<usecontrolcoords>true</usecontrolcoords>             
                <control type="button" id="9097">
                    <description>Back to Music Viz</description>
                    <include>Defs_OptionButton9</include>
                    <label>31639</label>
                    <onclick>fullscreen</onclick>
                    <visible>Player.HasAudio</visible>
                </control>                       
                <include>Object_BasicViewList</include>
                <control type="button" id="45">
                    <include>Defs_OptionButton9</include>
                    <label>31783381</label>
                    <onclick>ActivateWindow(10025,&quot;plugin://plugin.video.allmoviesin/?data=%20&amp;dates=%20&amp;description=%d7%97%d7%99%d7%a4%d7%95%d7%a9&amp;eng_name=%20&amp;episode=%20&amp;fanart=https%3a%2f%2fgeek-prime.com%2fwp-content%2fuploads%2f2014%2f02%2fDestiny-2-4k-hd-wallpaper-invasion-ghaul.jpg&amp;heb_name=%20&amp;iconimage=C%3a%5cUsers%5cHome%5cAppData%5cRoaming%5cKodi%5caddons%5cplugin.video.victory%5cresources%5clogos%2fsearch.jpg&amp;id=%20&amp;isr=0&amp;mode=15&amp;name=%d7%97%d7%99%d7%a4%d7%95%d7%a9&amp;original_title=%20&amp;season=%20&amp;show_original_year=%20&amp;tmdbid=%20&amp;url=www&quot;,return)</onclick>
                </control>
                <!-- Watched toggle -->
                <control type="radiobutton" id="14">
                    <include>Defs_OptionButton9</include>
                    <label>20367</label>
                    <visible>Control.IsEnabled(14)</visible>
                </control>
                
                <!-- Hide Next Aired Infos -->
                <control type="radiobutton" id="44">
                    <include>Defs_OptionButton9</include>
                    <label>31733</label>
                    <selected>Skin.HasSetting(hidenextairedinfos)</selected>
                    <onclick>Skin.ToggleSetting(hidenextairedinfos)</onclick>
                    <visible>Container.Content(tvshows) | Container.Content(seasons) | Container.Content(episodes)</visible>
                </control>
				<!-- widget list -->

                <!-- Hide/Show Indicators -->
                <control type="button" id="47">
                    <include>Defs_OptionButton9</include>
                    <label>$LOCALIZE[31734] : $VAR[Label_Indicators]</label>
                    <onclick condition="String.IsEmpty(Skin.String(indicators))">Skin.SetString(indicators,$LOCALIZE[31735])</onclick>
                    <onclick condition="String.IsEqual(Skin.String(indicators),$LOCALIZE[31189])">Skin.SetString(indicators,$LOCALIZE[31735])</onclick>
                    <onclick condition="String.IsEqual(Skin.String(indicators),$LOCALIZE[31735])">Skin.SetString(indicators,$LOCALIZE[31736])</onclick>
                    <onclick condition="String.IsEqual(Skin.String(indicators),$LOCALIZE[31736])">Skin.SetString(indicators,$LOCALIZE[31189])</onclick>
                </control>
                
                <!-- Filter -->
                <control type="edit" id="19">
                    <include>Defs_OptionButton9</include>
                    <label>587</label>
                    <visible>Container.CanFilter + !Container.CanFilterAdvanced</visible>
                </control>
                <!-- Filter -->
                <control type="radiobutton" id="93">
                    <include>Defs_OptionButton9</include>
                    <label>587</label>
                    <onclick>Filter</onclick>
                    <selected>Container.Filtered</selected>
                    <visible>Container.CanFilterAdvanced</visible>
                </control>
                <control type="button" id="9003">
                    <include>Defs_OptionButton9</include>
                    <label>13350</label>
                    <onclick>ActivateWindow(videoplaylist)</onclick>
                    <visible>Integer.IsGreater(Playlist.Length(video),1)</visible>
                    <visible>Player.HasVideo</visible>
                </control>
                <control type="button" id="9004">
                    <include>Defs_OptionButton9</include>
                    <label>13350</label>
                    <onclick>ActivateWindow(musicplaylist)</onclick>
                    <visible>Integer.IsGreater(Playlist.Length(music),1)</visible>
                    <visible>Player.HasAudio</visible>
                </control>                                    
                <!-- Update -->
<!--                 <control type="button" id="20">
                    <label>653</label>
                    <include>Defs_OptionButton9</include>
                    <onclick>SetFocus(50)</onclick>
                </control> -->
            </control>
        </control>
		<include>QuickNav</include>
    </controls>

</window>