<?xml version="1.0" encoding="UTF-8"?>
<window>
    <backgroundcolor>Background</backgroundcolor>
    <menucontrol>9000</menucontrol>
    <defaultcontrol>50</defaultcontrol>
	<onload>ClearProperty(quicknavsetup,home)</onload>
	<onunload>ClearProperty(quicknavsetup,home)</onunload>	

    <controls>
		<include>Global_Background</include>
        <!-- <include>Furniture_Background</include> -->
        <include>Furniture_RSS</include>
        <include>Furniture_TopBar</include>
		<include>QuickNav</include>
        
        <include>PVR_SimpleList2</include>

        <include>PVR_Menu</include>
    </controls>

</window>