<?xml version="1.0" encoding="UTF-8"?>
<includes>
	<include name="netflix">
	
    <onload condition="!Player.PauseEnabled + String.IsEmpty(Window(Home).Property(OSDViewMode))">SetFocus(15)</onload>
    <onload condition="Player.PauseEnabled + String.IsEmpty(Window(Home).Property(OSDViewMode))">SetFocus(14)</onload>
    <onload condition="!String.IsEmpty(Window(Home).Property(OSDViewMode))">SetFocus(3112)</onload>
    <onload condition="!String.IsEmpty(Window(Home).Property(OSDViewMode))">ClearProperty(OSDViewMode,Home)</onload>
    <onunload>ClearProperty(OSDInfo,Home)</onunload>
    <onunload condition="!String.IsEmpty(Window(Home).Property(OSDExtendedInfo)) + Player.Paused">Play</onunload>
    <onunload condition="!String.IsEmpty(Window(Home).Property(OSDExtendedInfo))">ClearProperty(OSDExtendedInfo,Home)</onunload>
    <include>Topbarosd</include>
	          <control type="group">
           <top>770</top>
            <right>30</right>
                <!-- <visible>!Player.ShowInfo</visible> -->
            <visible>!Skin.HasSetting(HideOSDVideoCodec)</visible>
			<visible>!Window.IsVisible(DialogSlider.xml)</visible>
            <include content="Object_Flags">
			
             <param name="source" value="VideoPlayer." />
             <param name="fps" value="true" />
             <param name="directory" value="color" />
            <param name="align" value="right" />
           </include>
		 </control>
		 
<!--         <control type="group">
            <height>view_pad</height>
            <bottom>130</bottom>
        <right>1400</right>
		<visible>!Player.ShowInfo</visible>
            <animation effect="fade" end="100" start="0" delay="200" time="200" reversible="false">Visible</animation>
		  <control type="label">
                <align>center</align>
                <width>100%</width>
                <textcolor>main_fg_100</textcolor>
                <include>Statusbar_Menubar_Items</include>
                <label>$VAR[Label_OSD_FinishTime]</label>
                 <visible>!String.IsEmpty(Window(Home).Property(OSDInfo)) | Player.ShowInfo | Window.IsActive(DialogFullScreenInfo.xml) | [Player.Paused + Skin.HasSetting(ShowInfoPaused)]</visible>
                <animation effect="fade" start="100" end="0" delay="300" time="1" reversible="false">Hidden</animation>
            </control>
		         </control> -->
		 
		 
		 
		 
        <control type="group">
            <include condition="String.IsEmpty(Window(Home).Property(OSDViewMode))">Animation_FadeIn</include>
            <visible>!Window.IsVisible(DialogSlider.xml)</visible>
            <visible>!Window.IsVisible(VideoOSDBookmarks.xml)</visible>
            <animation effect="fade" start="100" end="0" time="200" condition="Control.HasFocus(9605)">Conditional</animation>
                
            <control type="grouplist" id="9000">
                <include condition="!VideoPlayer.Content(musicvideos)">OSD_VideoPosition</include>
                <include condition="VideoPlayer.Content(musicvideos)">OSD_MusicPosition</include>
                <itemgap>28</itemgap>
                <onup condition="String.IsEmpty(Window(Home).Property(OSDInfo))">SetProperty(OSDInfo,1,Home)</onup>
                <onup condition="!String.IsEmpty(Window(Home).Property(OSDInfo))">ClearProperty(OSDInfo,Home)</onup>
                <ondown condition="String.IsEmpty(Window(Home).Property(OSDInfo))">Close</ondown>
                <ondown condition="!String.IsEmpty(Window(Home).Property(OSDInfo))">ClearProperty(OSDInfo,Home)</ondown>
                <orientation>horizontal</orientation>
                <usecontrolcoords>true</usecontrolcoords>
                <include>OSD_Controls</include>
            </control>
        </control>

        <include content="OSD_Menu_List">
            <param name="content" value="Items_OSD_Settings" />
            <param name="height" value="522" />
            <param name="id" value="3112" />
            <param name="label" value="$LOCALIZE[33063]" />
            <param name="position" value="264,135" />
        </include>

        <control type="group">
            <include condition="String.IsEmpty(Window(Home).Property(OSDViewMode))">Animation_FadeIn</include>
            <visible>Window.IsVisible(script-script.extendedinfo-DialogVideoInfo.xml) | Window.IsVisible(script-script.extendedinfo-DialogInfo.xml) | Window.IsVisible(DialogVideoInfo.xml)</visible>
            <include>Global_Background</include>
            <include>Topbar</include>
        </control>



        <control type="slider">
            <bottom>106</bottom>
            <height>20</height>
            <left>view_pad</left>
            <width>1800</width>
            <texturesliderbar/>
            <textureslidernib/>
            <textureslidernibfocus/>
            <info>Player.Progress</info>
            <action>seek</action>
        </control>



	</include>
</includes>


