<?xml version="1.0" encoding="utf-8"?>
<window>
	<backgroundcolor>Background</backgroundcolor>
	<onload>ClearProperty(quicknavsetup,home)</onload>
	<onunload>ClearProperty(quicknavsetup,home)</onunload>	
	
	<controls>
		<include>Global_Background</include>
        <!-- <include>Furniture_Background</include> -->
        <include>Furniture_TopBar3</include>
		<include>QuickNav</include>
		
        <control type="group">
            <include>Animation_SlideIn</include>
            <include>Animation_FadeOut</include>
            <visible>!Window.IsVisible(DialogAudioDSPManager.xml)</visible>
            <!-- Main List -->
            <control type="group">
                <right>side</right>
                <top>top</top>
                <height>height</height>
                <width>475</width>
									<include condition="Skin.HasSetting(darkoverlay)">Object_Background2</include>
                    <include condition="!Skin.HasSetting(darkoverlay)">Object_Background</include>
                <include content="Object_Line">
                    <param name="width" value="475" />
                    <param name="label" value="$INFO[Control.GetLabel(20)]" />
                </include>
                <control type="button" id="20">
                    <top>-48</top>
                    <height>48</height>
                    <aligny>center</aligny>
                    <width>500</width>
                    <font>Font-ListInfo-Small-Bold</font>                   
                    <textcolor>LineLabel</textcolor>
                    <focusedcolor>$VAR[HighlightColor2]</focusedcolor>
                    <texturefocus>noop</texturefocus>
                    <texturenofocus>noop</texturenofocus>
                    <onleft>3</onleft>
                    <ondown>3</ondown>
                    <onclick>settingslevelchange</onclick>
                </control>
                <control type="grouplist" id="3">                
                    <itemgap>0</itemgap>
                    <onright>20</onright>
                    <onup>20</onup>
                    <onleft>5</onleft>
                    <ondown>noop</ondown>
                </control>
            </control>

            <!-- Sub List -->
            <control type="group">
                <right>505</right>
                <top>top</top>
                <height>height</height>
                <right>side</right>
									<include condition="Skin.HasSetting(darkoverlay)">Object_Background2</include>
                    <include condition="!Skin.HasSetting(darkoverlay)">Object_Background</include>
                <include content="Object_Line">
                    <param name="width" value="1395" />
                    <param name="label" value="$LOCALIZE[33063]" />
                </include>
                <control type="grouplist" id="5">                
                    <itemgap>0</itemgap>
                    <onright>3</onright>
                </control>
            </control>
        </control>

        <!-- Text Box RSS -->
        <control type="group">
            <visible>!Window.IsVisible(DialogNotification.xml)</visible>
            <visible>!Window.IsVisible(DialogExtendedProgressBar.xml)</visible>
            <animation effect="slide" start="0,64" end="0" time="125">VisibleChange</animation>
            <control type="image">
                <posx>1870</posx>
                <posy>48r</posy>
                <width>32</width>
                <height>32</height>
                <texture colordiffuse="LineLabel">$VAR[Image_RSS_Icon]</texture>
            </control>
            <control type="label">
                <bottom>16</bottom>
                <right>48</right>
                <align>right</align>
                <right>0</right>
                <height>32</height>
                <font>Font-RSS</font>
                <label>$INFO[Control.GetLabel(6),   ,]</label>
                <scroll>true</scroll>
                <textcolor>LineLabel</textcolor>
                <wrapmultiline>false</wrapmultiline>
                <visible>!Window.IsVisible(DialogAudioDSPManager.xml)</visible>
            </control>
            <control type="label" id="6"><visible>false</visible></control>
        </control>

        <!-- Category Template תפריט קטגוריות ראשי -->
        <control type="togglebutton" id="10">
            <width>475</width>
            <height>72</height>
            <align>right</align>
            <include>Defs_OptionButton</include>
        </control>

        <!-- Default Templates -->
        <control type="button" id="7">
            <width>100%</width>
            <height>72</height>
            <include>Defs_OptionButton</include>
        </control>
        <control type="radiobutton" id="8">
            <width>100%</width>
            <height>72</height>
            <align>right</align>
            <radioposx>40</radioposx>            
            <radioposx>settingsradioposx</radioposx>
            <include>Defs_OptionButton</include>
        </control>
        <control type="spincontrolex" id="9">
            <width>100%</width>
            <height>72</height>
            <include>Defs_OptionButton</include>
        </control>
        <control type="label" id="14">
            <width>100%</width>
            <height>72</height>
            <align>right</align>
            <font>Font-ListInfo-Small-Bold</font>
            <include>Defs_OptionButton</include>
        </control>        
        <control type="image" id="11">
            <width>100%</width>
            <height>72</height>
            <texture border="30">common/div.png</texture>
            <include>Defs_OptionButton</include>
        </control>
        <control type="edit" id="12">
            <width>100%</width>
            <height>72</height>
            <include>Defs_OptionButton</include>
        </control>
        <control type="sliderex" id="13">
            <width>100%</width>
            <height>72</height>
            <include>Defs_OptionButton</include>
        </control>

	</controls>

</window>