<includes>
    <include name="Updateinfo">
		<visible>!Skin.String(HomeStyle, HomeMenuVerticaliconlist)</visible>
        <control type="group">
            <posx>340r</posx>
            <visible>!Skin.HasSetting(disable.clockheader)</visible>          
            <visible>!Window.IsVisible(visualisation)</visible>
			<visible>!Skin.HasSetting(updateinfo)</visible>
            <animation effect="slide" start="0" end="0" condition="Skin.HasSetting(disable.weatherheader)">Conditional</animation>
            <control type="image">
                <top>5</top>
                <width>67</width>
                <height>67</height>
                <left>-1570</left>
                <texture>special://skin/extras/icons/11.png</texture>
				<visible>!Skin.String(HomeS, netflix)</visible> 
            </control>
            <control type="label"><!-- שם העדכון -->
                <posx>-1208</posx>
                <posy>15</posy>
                <width>500</width>
                <height>100</height>
                <aligny>top</aligny>
                <font>Font-Sublabel_2</font>
                <textcolor>$VAR[Furniture_TopBar_SubLabel_Color]</textcolor>
                <align>right</align>
                <label>עדכון אחרון:</label>
                <visible>!Control.HasFocus(9002) + ![Control.HasFocus(9000) + Window.IsVisible(DialogButtonMenu.xml)] + !Window.IsVisible(Custom_Password.xml) +  !Window.IsVisible(MyVideoNav.xml) + !Window.IsVisible(Custom_Hub_1102.xml) + !Window.IsVisible(Custom_Hub_1101.xml) + !Window.IsVisible(Custom_Hub_1103.xml) + !Window.IsVisible(Custom_Hub_1104.xml) + !Window.IsVisible(Custom_Hub_1106.xml) + !Window.IsVisible(Custom_Hub_1107.xml) + !Window.IsVisible(Custom_Hub_1108.xml) + !Window.IsVisible(Custom_Hub_1105.xml) + !Window.IsVisible(Custom_Hub_1109.xml)</visible><!--ME-->
            </control>
            <control type="label"><!-- Me - תאריך -->
                <posx>-1340</posx>
                <posy>17</posy>
                <width>700</width>
                <height>100</height>
                <aligny>top</aligny>
                <font>Font-Sublabel_2</font>
                <textcolor>orange</textcolor>
                <align>right</align>
                <label>14/12/2019</label>
                <visible>!Control.HasFocus(9002) + ![Control.HasFocus(9000) + Window.IsVisible(DialogButtonMenu.xml)] + !Window.IsVisible(Custom_Password.xml) +  !Window.IsVisible(MyVideoNav.xml) + !Window.IsVisible(Custom_Hub_1102.xml) + !Window.IsVisible(Custom_Hub_1101.xml) + !Window.IsVisible(Custom_Hub_1103.xml) + !Window.IsVisible(Custom_Hub_1104.xml) + !Window.IsVisible(Custom_Hub_1106.xml) + !Window.IsVisible(Custom_Hub_1107.xml) + !Window.IsVisible(Custom_Hub_1108.xml) + !Window.IsVisible(Custom_Hub_1105.xml) + !Window.IsVisible(Custom_Hub_1109.xml)</visible><!--ME-->
            </control>
        </control>   
       
    </include>
    <include name="Updateinfo2">
		<visible>!Skin.String(HomeStyle, HomeMenuVerticaliconlist)</visible>
        <control type="group">
            <posx>320r</posx>
			<posy>-10</posy>
            <visible>!Skin.HasSetting(disable.clockheader)</visible>          
            <visible>!Window.IsVisible(visualisation)</visible>
			<visible>!Skin.HasSetting(updateinfo)</visible>
            <animation effect="slide" start="0" end="0" condition="Skin.HasSetting(disable.weatherheader)">Conditional</animation>
            <control type="label"><!-- שם העדכון -->
                <posx>300</posx>
                <posy>15</posy>
                <width>900</width>
                <height>100</height>
                <aligny>top</aligny>
                <font>Font-Sublabel_2</font>
                <textcolor>$VAR[Furniture_TopBar_SubLabel_Color]</textcolor>
                <align>right</align>
                <label>עדכון מהיר אחרון:</label>
                <visible>!Control.HasFocus(9002) + ![Control.HasFocus(9000) + Window.IsVisible(DialogButtonMenu.xml)] + !Window.IsVisible(Custom_Password.xml) +  !Window.IsVisible(MyVideoNav.xml) + !Window.IsVisible(Custom_Hub_1102.xml) + !Window.IsVisible(Custom_Hub_1101.xml) + !Window.IsVisible(Custom_Hub_1103.xml) + !Window.IsVisible(Custom_Hub_1104.xml) + !Window.IsVisible(Custom_Hub_1106.xml) + !Window.IsVisible(Custom_Hub_1107.xml) + !Window.IsVisible(Custom_Hub_1108.xml) + !Window.IsVisible(Custom_Hub_1105.xml) + !Window.IsVisible(Custom_Hub_1109.xml)</visible><!--ME-->
            </control>
            <control type="label"><!-- Me - תאריך -->
                <posx>100</posx>
                <posy>17</posy>
                <width>900</width>
                <height>100</height>
                <aligny>top</aligny>
                <font>Font-Sublabel_2</font>
                <textcolor>orange</textcolor>
                <align>right</align>
                <label>14/12/2019</label>
                <visible>!Control.HasFocus(9002) + ![Control.HasFocus(9000) + Window.IsVisible(DialogButtonMenu.xml)] + !Window.IsVisible(Custom_Password.xml) +  !Window.IsVisible(MyVideoNav.xml) + !Window.IsVisible(Custom_Hub_1102.xml) + !Window.IsVisible(Custom_Hub_1101.xml) + !Window.IsVisible(Custom_Hub_1103.xml) + !Window.IsVisible(Custom_Hub_1104.xml) + !Window.IsVisible(Custom_Hub_1106.xml) + !Window.IsVisible(Custom_Hub_1107.xml) + !Window.IsVisible(Custom_Hub_1108.xml) + !Window.IsVisible(Custom_Hub_1105.xml) + !Window.IsVisible(Custom_Hub_1109.xml)</visible><!--ME-->
            </control>
        </control>   
       
    </include>

    <include name="Updateinfo4">
		<visible>!Skin.String(HomeStyle, HomeMenuVerticaliconlist)</visible>
        <control type="group">
			<posy>-15</posy>
            <posx>400r</posx>
            <visible>!Skin.HasSetting(disable.clockheader)</visible>          
            <visible>!Window.IsVisible(visualisation)</visible>
			<visible>!Skin.HasSetting(updateinfo)</visible>
            <animation effect="slide" start="0" end="0" condition="Skin.HasSetting(disable.weatherheader)">Conditional</animation>
            <control type="image">
			<visible>!Skin.String(HomeS,pellucid2)</visible>
                <top>5</top>
                <width>67</width>
                <height>67</height>
                <left>-1570</left>
                <texture>special://skin/extras/icons/11.png</texture>
            </control>
            <control type="label"><!-- שם העדכון -->
                <posx>-1208</posx>
                <posy>15</posy>
                <width>500</width>
                <height>100</height>
                <aligny>top</aligny>
                <font>Font-Sublabel_2</font>
                <textcolor>$VAR[Furniture_TopBar_SubLabel_Color]</textcolor>
                <align>right</align>
                <label>עדכון אחרון:</label>

            </control>
            <control type="label"><!-- Me - תאריך -->
                <posx>-1340</posx>
                <posy>17</posy>
                <width>700</width>
                <height>100</height>
                <aligny>top</aligny>
                <font>Font-Sublabel_2</font>
                <textcolor>orange</textcolor>
                <align>right</align>
                <label>14/12/2019</label>
            </control>
        </control>   
       
    </include>
    <include name="Updateinfo5">
		<visible>!Skin.String(HomeStyle, HomeMenuVerticaliconlist)</visible>
        <control type="group">
            <posx>340r</posx>
            <visible>!Skin.HasSetting(disable.clockheader)</visible>          
            <visible>!Window.IsVisible(visualisation)</visible>
			<visible>!Skin.HasSetting(updateinfo)</visible>
            <animation effect="slide" start="0" end="0" condition="Skin.HasSetting(disable.weatherheader)">Conditional</animation>
            <control type="image">
                <top>5</top>
                <width>67</width>
                <height>67</height>
                <left>-1570</left>
                <texture>special://skin/extras/icons/11.png</texture>
            </control>
            <control type="label"><!-- שם העדכון -->
                <posx>-1208</posx>
                <posy>15</posy>
                <width>500</width>
                <height>100</height>
                <aligny>top</aligny>
                <font>Font-Sublabel_2</font>
                <include>TextColor_AlternateColor</include>
                <align>right</align>
                <label>עדכון אחרון:</label>
                <visible>!Control.HasFocus(9002) + ![Control.HasFocus(9000) + Window.IsVisible(DialogButtonMenu.xml)] + !Window.IsVisible(Custom_Password.xml) +  !Window.IsVisible(MyVideoNav.xml) + !Window.IsVisible(Custom_Hub_1102.xml) + !Window.IsVisible(Custom_Hub_1101.xml) + !Window.IsVisible(Custom_Hub_1103.xml) + !Window.IsVisible(Custom_Hub_1104.xml) + !Window.IsVisible(Custom_Hub_1106.xml) + !Window.IsVisible(Custom_Hub_1107.xml) + !Window.IsVisible(Custom_Hub_1108.xml) + !Window.IsVisible(Custom_Hub_1105.xml) + !Window.IsVisible(Custom_Hub_1109.xml)</visible><!--ME-->
            </control>
            <control type="label"><!-- Me - תאריך -->
                <posx>-1340</posx>
                <posy>17</posy>
                <width>700</width>
                <height>100</height>
                <aligny>top</aligny>
                <font>Font-Sublabel_2</font>
                <textcolor>orange</textcolor>
                <align>right</align>
                <label>14/12/2019</label>
                <visible>!Control.HasFocus(9002) + ![Control.HasFocus(9000) + Window.IsVisible(DialogButtonMenu.xml)] + !Window.IsVisible(Custom_Password.xml) +  !Window.IsVisible(MyVideoNav.xml) + !Window.IsVisible(Custom_Hub_1102.xml) + !Window.IsVisible(Custom_Hub_1101.xml) + !Window.IsVisible(Custom_Hub_1103.xml) + !Window.IsVisible(Custom_Hub_1104.xml) + !Window.IsVisible(Custom_Hub_1106.xml) + !Window.IsVisible(Custom_Hub_1107.xml) + !Window.IsVisible(Custom_Hub_1108.xml) + !Window.IsVisible(Custom_Hub_1105.xml) + !Window.IsVisible(Custom_Hub_1109.xml)</visible><!--ME-->
            </control>
        </control>   
       
    </include>
	    <include name="Updateinfotitan">
		<visible>!Skin.String(HomeStyle, HomeMenuVerticaliconlist)</visible>
        <control type="group">
            <posx>340r</posx>
            <visible>!Skin.HasSetting(disable.clockheader)</visible>          
            <visible>!Window.IsVisible(visualisation)</visible>
			<visible>!Skin.HasSetting(updateinfo)</visible>
            <animation effect="slide" start="0" end="0" condition="Skin.HasSetting(disable.weatherheader)">Conditional</animation>
            <control type="image">
                <top>5</top>
                <width>67</width>
                <height>67</height>
                <left>-1570</left>
                <texture>special://skin/extras/icons/11.png</texture>
				<visible>!Skin.String(HomeS, netflix)</visible> 
            </control>
            <control type="label"><!-- שם העדכון -->
                <posx>-1208</posx>
                <posy>15</posy>
                <width>500</width>
                <height>100</height>
                <aligny>top</aligny>
                <font>Font-Sublabel_2</font>
                <textcolor>$VAR[Furniture_TopBar_SubLabel_Color]</textcolor>
                <align>right</align>
                <label>עדכון אחרון:</label>
                <visible>!Control.HasFocus(9002) + ![Control.HasFocus(9000) + Window.IsVisible(DialogButtonMenu.xml)] + !Window.IsVisible(Custom_Password.xml) +  !Window.IsVisible(MyVideoNav.xml) + !Window.IsVisible(Custom_Hub_1102.xml) + !Window.IsVisible(Custom_Hub_1101.xml) + !Window.IsVisible(Custom_Hub_1103.xml) + !Window.IsVisible(Custom_Hub_1104.xml) + !Window.IsVisible(Custom_Hub_1106.xml) + !Window.IsVisible(Custom_Hub_1107.xml) + !Window.IsVisible(Custom_Hub_1108.xml) + !Window.IsVisible(Custom_Hub_1105.xml) + !Window.IsVisible(Custom_Hub_1109.xml) + !Control.IsVisible(77551)</visible><!--ME-->
            </control>
            <control type="label"><!-- Me - תאריך -->
                <posx>-1340</posx>
                <posy>17</posy>
                <width>700</width>
                <height>100</height>
                <aligny>top</aligny>
                <font>Font-Sublabel_2</font>
                <textcolor>orange</textcolor>
                <align>right</align>
                <label>14/12/2019</label>
                <visible>!Control.HasFocus(9002) + ![Control.HasFocus(9000) + Window.IsVisible(DialogButtonMenu.xml)] + !Window.IsVisible(Custom_Password.xml) +  !Window.IsVisible(MyVideoNav.xml) + !Window.IsVisible(Custom_Hub_1102.xml) + !Window.IsVisible(Custom_Hub_1101.xml) + !Window.IsVisible(Custom_Hub_1103.xml) + !Window.IsVisible(Custom_Hub_1104.xml) + !Window.IsVisible(Custom_Hub_1106.xml) + !Window.IsVisible(Custom_Hub_1107.xml) + !Window.IsVisible(Custom_Hub_1108.xml) + !Window.IsVisible(Custom_Hub_1105.xml) + !Window.IsVisible(Custom_Hub_1109.xml) + !Control.IsVisible(77551)</visible><!--ME-->
            </control>
        </control>   
       
    </include>
</includes>