<?xml version="1.0" encoding="UTF-8"?>
<!-- Foundation -->
<window>
    <onload condition="!Player.PauseEnabled + String.IsEmpty(Window(Home).Property(OSDViewMode))">SetFocus(15)</onload>
    <onload condition="Player.PauseEnabled + String.IsEmpty(Window(Home).Property(OSDViewMode))">SetFocus(14)</onload>
    <onload condition="!String.IsEmpty(Window(Home).Property(OSDViewMode))">SetFocus(3112)</onload>
    <onload condition="!String.IsEmpty(Window(Home).Property(OSDViewMode))">ClearProperty(OSDViewMode,Home)</onload>
    <onunload>ClearProperty(OSDInfo,Home)</onunload>
    <onunload condition="!String.IsEmpty(Window(Home).Property(OSDExtendedInfo)) + Player.Paused">Play</onunload>
    <onunload condition="!String.IsEmpty(Window(Home).Property(OSDExtendedInfo))">ClearProperty(OSDExtendedInfo,Home)</onunload>

	
		<controls>
        <include condition="!Skin.HasSetting(netflixosd)">netflix</include>
		<include condition="Skin.HasSetting(eminosd)">eminence</include>
	</controls>


</window>
