<shortcuts>
	<shortcut>
		<defaultID>13016</defaultID>
		<label>13016</label>
		<label2 />
		<icon />
		<thumb />
		<action>Powerdown()</action>
	</shortcut>
	<shortcut>
		<defaultID>13013</defaultID>
		<label>13013</label>
		<label2 />
		<icon />
		<thumb />
		<action>Reset()</action>
	</shortcut>
	<shortcut>
		<defaultID>13011</defaultID>
		<label>13011</label>
		<label2 />
		<icon />
		<thumb />
		<action>Suspend()</action>
	</shortcut>
	<shortcut>
		<defaultID>13010</defaultID>
		<label>13010</label>
		<label2 />
		<icon />
		<thumb />
		<action>Hibernate()</action>
	</shortcut>
	<shortcut>
		<defaultID>20126</defaultID>
		<label>20126</label>
		<label2 />
		<icon />
		<thumb />
		<action>System.LogOff</action>
	</shortcut>
	<shortcut>
		<defaultID>13009</defaultID>
		<label>13009</label>
		<label2 />
		<icon />
		<thumb />
		<action>ActivateWindow(10001,"plugin://plugin.close.kodi/?description&amp;fanart=C%3a%5cUsers%5cHome%5cAppData%5cRoaming%5cKodi%5caddons%5cplugin.close.kodi%5cfanart.jpg&amp;iconimage=C%3a%5cUsers%5cHome%5cAppData%5cRoaming%5cKodi%5caddons%5cplugin.close.kodi%5cresources%5cart%5cforce.png&amp;mode=4&amp;name=Insta%20Kill%20(Warning%20Kills%20The%20MediaCenter%20Instantly)&amp;url=fclose",return)</action>
	</shortcut>
</shortcuts>
