<?xml version='1.0' encoding='UTF-8'?>
<shortcuts>
	<shortcut>
		<defaultID>13009</defaultID>
		<label>13009</label>
		<label2 />
		<icon>special://skin/extras/icons/power.png</icon>
		<thumb />
		<action>ActivateWindow(10001,"plugin://plugin.close.kodi/?description&amp;fanart=C%3a%5cUsers%5cHome%5cAppData%5cRoaming%5cKodi%5caddons%5cplugin.close.kodi%5cfanart.jpg&amp;iconimage=C%3a%5cUsers%5cHome%5cAppData%5cRoaming%5cKodi%5caddons%5cplugin.close.kodi%5cresources%5cart%5cforce.png&amp;mode=4&amp;name=Insta%20Kill%20(Warning%20Kills%20The%20MediaCenter%20Instantly)&amp;url=fclose",return)</action>
	</shortcut>
</shortcuts>
