<?xml version='1.0' encoding='UTF-8'?>
<shortcuts>
	<shortcut>
		<defaultID />
		<label>מעקב סדרות </label>
		<label2>הרחבת וידאו</label2>
		<icon>DefaultShortcut.png</icon>
		<thumb>special://skin/extras/icons/submenu/victory.png</thumb>
		<action>ActivateWindow(Videos,"plugin://plugin.video.allmoviesin/?url=tv&amp;mode=32&amp;name=[COLOR deeppink][I]מעקב סדרות[/I][/COLOR]&amp;iconimage=https%3A%2F%2Fpbs.twimg.com%2Fprofile_images%2F873323586622078976%2FZ0BfwrYm.jpg&amp;fanart=https%3A%2F%2Fimage.tmdb.org%2Ft%2Fp%2Foriginal%2F%2F18inwHlpKnK9mt02wFBJoIVKXI.jpg&amp;description=%D7%A4%D7%A8%D7%A7%D7%99%D7%9D+%D7%90%D7%97%D7%A8%D7%95%D7%A0%D7%99%D7%9D+%D7%A9%D7%A0%D7%A6%D7%A4%D7%95&amp;heb_name= &amp;dates= &amp;data= &amp;original_title= &amp;id= &amp;season= &amp;episode= &amp;tmdbid= &amp;eng_name= &amp;show_original_year= &amp;isr=0&amp;fav_status=false",return)</action>
	</shortcut>
	<shortcut>
		<defaultID>script.anonymous.pairwith</defaultID>
		<label>תפריט עזרים</label>
		<label2>תוכנה</label2>
		<icon>special://skin/extras/icons/DefaultAddon.png</icon>
		<thumb>special://skin/extras/icons/addons.png</thumb>
		<action>RunAddOn(script.anonymous.pairwith)</action>
	</shortcut>
	<shortcut>
		<defaultID />
		<label>הגדרת RD</label>
		<label2>פריטים מותאמים אישית</label2>
		<icon>DefaultShortcut.png</icon>
		<thumb>special://home/Graphics/setting/RD.jpg</thumb>
		<action>ActivateWindow(1108)</action>
	</shortcut>
</shortcuts>
