<?xml version='1.0' encoding='UTF-8'?>
<shortcuts>
	<shortcut>
		<defaultID />
		<label>מוסיקה - Jango</label>
		<label2>פריטים מותאמים אישית</label2>
		<icon>DefaultShortcut.png</icon>
		<thumb>special://home/Graphics/Music/jango.jpg</thumb>
		<action>ActivateWindow(Music,"plugin://plugin.audio.jango",return)</action>
	</shortcut>
	<shortcut>
		<defaultID>plugin.audio.eco99music</defaultID>
		<label>מוסיקה - Eco99</label>
		<label2>פריטים מותאמים אישית</label2>
		<icon>DefaultShortcut.png</icon>
		<thumb>special://home/Graphics/Music/99fm.jpg</thumb>
		<action>ActivateWindow(Videos,"plugin://plugin.video.idanplus/?moredata=&amp;name=%5BB%5D%D7%9E%D7%95%D7%96%D7%99%D7%A7%D7%94+-+eco99fm%5B%2FB%5D&amp;url=&amp;iconimage=C%253A%255CUsers%255CHome%255CAppData%255CRoaming%255CKodi%255Caddons%255Cplugin.video.idanplus%255Cresources%255Cimages%255C99fm.png&amp;module=99fm&amp;mode=0",return)</action>
	</shortcut>
	<shortcut>
		<defaultID />
		<label>שרים קריוקי</label>
		<label2>Custom item</label2>
		<icon>DefaultShortcut.png</icon>
		<thumb>special://home/Graphics/Music/karaoke1.jpg</thumb>
		<action>ActivateWindow(Videos,"plugin://plugin.video.karaoketv",return)</action>
	</shortcut>
	<shortcut>
		<defaultID>plugin.video.kmusictube</defaultID>
		<label>אוסף מוסיקה ישראלית</label>
		<label2>פריטים מותאמים אישית</label2>
		<icon>DefaultShortcut.png</icon>
		<thumb>special://home/Graphics/Music/musicvideos.jpg</thumb>
		<action>ActivateWindow(Videos,"plugin://plugin.video.youtube/kodion/search/query/?q=%D7%9E%D7%95%D7%96%D7%99%D7%A7%D7%94+%D7%A4%D7%95%D7%A4%D7%95%D7%9C%D7%A8%D7%99&amp;search_type=playlist",return)</action>
	</shortcut>
	<shortcut>
		<defaultID />
		<label>מוסיקה - 100FM</label>
		<label2>פריטים מותאמים אישית</label2>
		<icon>DefaultShortcut.png</icon>
		<thumb>special://home/Graphics/Music/Acestream.jpg</thumb>
		<action>ActivateWindow(Videos,"plugin://plugin.video.idanplus/?moredata=&amp;name=%5BB%5D%D7%9E%D7%95%D7%96%D7%99%D7%A7%D7%94+-+100fm%5B%2FB%5D&amp;url=&amp;iconimage=C%253A%255CUsers%255CHome%255CAppData%255CRoaming%255CKodi%255Caddons%255Cplugin.video.idanplus%255Cresources%255Cimages%255C100fm.jpg&amp;module=100fm&amp;mode=0",return)</action>
	</shortcut>
	<shortcut>
		<defaultID />
		<label>הופעות חיות</label>
		<label2>פריטים מותאמים אישית</label2>
		<icon>DefaultShortcut.png</icon>
		<thumb>special://home/Graphics/Music/liveshow.jpg</thumb>
		<action>ActivateWindow(Videos,"plugin://plugin.video.fdj.hd",return)</action>
	</shortcut>
	<shortcut>
		<defaultID />
		<label>רדיו - עידן פלוס</label>
		<label2>פריטים מותאמים אישית</label2>
		<icon>DefaultShortcut.png</icon>
		<thumb>special://home/Graphics/Music/radio.jpg</thumb>
		<action>ActivateWindow(Videos,"plugin://plugin.video.idanplus/?moredata=&amp;name=%5BB%5D%D7%A8%D7%93%D7%99%D7%95%5B%2FB%5D&amp;url=&amp;iconimage=C%253A%255CUsers%255CHome%255CAppData%255CRoaming%255CKodi%255Caddons%255Cplugin.video.idanplus%255Cicon.png&amp;module=&amp;mode=3",return)</action>
	</shortcut>
	<shortcut>
		<defaultID />
		<label>ערוצי רדיו</label>
		<label2>פריטים מותאמים אישית</label2>
		<icon>DefaultShortcut.png</icon>
		<thumb>special://home/Graphics/Music/radio.jpg</thumb>
		<action>ActivateWindow(Videos,"plugin://plugin.video.playlistLoader.a/?logos=&amp;move=0&amp;mode=2&amp;index=1&amp;url=https%3A%2F%2Farchive.org%2Fdownload%2FisrarelRadiofull%2FisrarelRadiofull.m3u&amp;iconimage=&amp;cache=0&amp;name=%5BCOLOR+blue%5D%5B%D7%A2%D7%A8%D7%95%D7%A6%D7%99+%D7%A8%D7%93%D7%99%D7%95%5D%5B%2FCOLOR%5D",return)</action>
	</shortcut>
	<shortcut>
		<defaultID>plugin.video.youtube</defaultID>
		<label>YouTube</label>
		<label2>פריטים מותאמים אישית</label2>
		<icon>DefaultShortcut.png</icon>
		<thumb>special://home/Graphics/Music/youtube1.jpg</thumb>
		<action>ActivateWindow(Videos,"plugin://plugin.video.youtube",return)</action>
	</shortcut>
	<shortcut>
		<defaultID>plugin.video.wildhitz</defaultID>
		<label>Now Music</label>
		<label2>פריטים מותאמים אישית</label2>
		<icon>DefaultShortcut.png</icon>
		<thumb>special://home/Graphics/Music/nowmusic.jpg</thumb>
		<action>ActivateWindow(Videos,"plugin://plugin.video.now_music_usa",return)</action>
	</shortcut>
</shortcuts>
