<?xml version='1.0' encoding='UTF-8'?>
<shortcuts>
	<shortcut>
		<defaultID />
		<label>סדרות - ויקטורי</label>
		<label2>פריטים מותאמים אישית</label2>
		<icon>DefaultShortcut.png</icon>
		<thumb>special://home/Graphics/addons/victory5.jpg</thumb>
		<action>ActivateWindow(Videos,"plugin://plugin.video.allmoviesin/?url=www&amp;mode=14&amp;name=סדרות&amp;iconimage=C%3A%5CUsers%5CHome%5CAppData%5CRoaming%5CKodi%5Caddons%5Cplugin.video.allmoviesin%5Cresources%5Clogos%2Ftvshow.jpg&amp;fanart=https%3A%2F%2Fi.imgur.com%2Fa174Ipu.jpg&amp;description=%D7%A1%D7%93%D7%A8%D7%95%D7%AA&amp;heb_name= &amp;dates= &amp;data= &amp;original_title= &amp;id= &amp;season= &amp;episode= &amp;tmdbid= &amp;eng_name= &amp;show_original_year= &amp;isr=0&amp;fav_status=false",return)</action>
	</shortcut>
	<shortcut>
		<defaultID />
		<label>סדרות בקליק</label>
		<label2>הרחבת וידאו</label2>
		<icon>DefaultShortcut.png</icon>
		<thumb>image://https%3a%2f%2foneclickeg.com%2fen%2fwp-content%2fuploads%2f2018%2f08%2flogo.png/</thumb>
		<action>ActivateWindow(Videos,"plugin://plugin.video.allmoviesin/?mode=155&amp;name=One Click&amp;heb_name= &amp;dates= &amp;data=1&amp;original_title= &amp;id= &amp;season= &amp;episode= &amp;tmdbid= &amp;eng_name= &amp;show_original_year= &amp;isr=0&amp;fanart=https%3A%2F%2Fimage.tmdb.org%2Ft%2Fp%2Foriginal%2F%2F7DE9KC9GyY2TUJMnSPgYJG3rafw.jpg&amp;url=tv&amp;iconimage=https%3A%2F%2Foneclickeg.com%2Fen%2Fwp-content%2Fuploads%2F2018%2F08%2Flogo.png&amp;description=Once+click+movies&amp;fav_status=false",return)</action>
	</shortcut>
	<shortcut>
		<defaultID>plugin.video.ghostshows</defaultID>
		<label>סדרות - הנוקם</label>
		<label2>פריטים מותאמים אישית</label2>
		<icon>DefaultShortcut.png</icon>
		<thumb>special://home/Graphics/addons/hamokem2.jpg</thumb>
		<action>ActivateWindow(10025,"plugin://plugin.video.TheFirstAvenger/?cat_level=%20&amp;count=0&amp;description=%d7%a1%d7%93%d7%a8%d7%95%d7%aa%20%d7%91%d7%aa%d7%a8%d7%92%d7%95%d7%9d%20%d7%9e%d7%95%d7%91%d7%a0%d7%94%20%d7%9e%d7%91%d7%99%d7%aa%20%d7%94%d7%a0%d7%95%d7%a7%d7%9d%20%d7%94%d7%a8%d7%90%d7%a9%d7%95%d7%9f&amp;fanart=http%3a%2f%2fwww.evoltechmalta.com%2fwp-content%2fuploads%2fmaxresdefault.jpg&amp;iconimage=https%3a%2f%2fcdn.appstorm.net%2fiphone.appstorm.net%2fiphone%2ffiles%2f2013%2f07%2fTVShowTime_Logo.jpg&amp;index_depth=0&amp;lang=eng&amp;mode=5&amp;name=%5bB%5d%5bCOLOR%20deepskyblue%5d%20%d7%94%d7%a0%d7%95%d7%a7%d7%9d%20%d7%94%d7%a8%d7%90%d7%a9%d7%95%d7%9f%20%d7%a1%d7%93%d7%a8%d7%95%d7%aa%20%d7%91%d7%aa%d7%a8%d7%92%d7%95%d7%9d%20%d7%9e%d7%95%d7%91%d7%a0%d7%94%20%5b%2fCOLOR%5d%5b%2fB%5d&amp;page&amp;selected_list=%20&amp;url=%5bB%5d%5bCOLOR%20deepskyblue%5d%20%d7%94%d7%a0%d7%95%d7%a7%d7%9d%20%d7%94%d7%a8%d7%90%d7%a9%d7%95%d7%9f%20%d7%a1%d7%93%d7%a8%d7%95%d7%aa%20%d7%91%d7%aa%d7%a8%d7%92%d7%95%d7%9d%20%d7%9e%d7%95%d7%91%d7%a0%d7%94%20%5b%2fCOLOR%5d%5b%2fB%5d",return)</action>
	</shortcut>
	<shortcut>
		<defaultID />
		<label>כתוביות אחרונות</label>
		<label2>פריטים מותאמים אישית</label2>
		<icon>DefaultShortcut.png</icon>
		<thumb>special://home/Graphics/addons/subs.jpg</thumb>
		<action>ActivateWindow(Videos,"plugin://plugin.video.allmoviesin/?url=https%3A%2F%2Fwww.screwzira.com%2FBrowseSeries.aspx%3FResultsPerPage%3D100%26Page%3D1&amp;mode=113&amp;name=[COLOR lightcoral]כתוביות אחרונות[/COLOR]&amp;iconimage=https%3A%2F%2Fpbs.twimg.com%2Fprofile_images%2F2736818426%2F19ad6a4048ab9836abc1c61a29bb2e1e.jpeg&amp;fanart=https%3A%2F%2Fcdn-images-1.medium.com%2Fmax%2F2000%2F1%2AdBJMknulIZSAC36tTmanVA.jpeg&amp;description=%D7%9B%D7%AA%D7%95%D7%91%D7%99%D7%95%D7%AA+%D7%90%D7%97%D7%A8%D7%95%D7%A0%D7%95%D7%AA&amp;heb_name= &amp;dates= &amp;data= &amp;original_title= &amp;id= &amp;season= &amp;episode= &amp;tmdbid= &amp;eng_name= &amp;show_original_year= &amp;isr=0&amp;fav_status=false",return)</action>
	</shortcut>
	<shortcut>
		<defaultID>colordeeppink-i-m-qbsdrvt-i-color</defaultID>
		<label>מעקב סדרות</label>
		<label2>מועדף</label2>
		<icon>special://skin/extras/icons/folder.png</icon>
		<thumb>special://home/Graphics/addons/trakt.png</thumb>
		<action>ActivateWindow(10025,"plugin://plugin.video.allmoviesin/?data=%20&amp;dates=%20&amp;description=%d7%a4%d7%a8%d7%a7%d7%99%d7%9d%20%d7%90%d7%97%d7%a8%d7%95%d7%a0%d7%99%d7%9d%20%d7%a9%d7%a0%d7%a6%d7%a4%d7%95&amp;eng_name=%20&amp;episode=%20&amp;fanart=https%3a%2f%2fimage.tmdb.org%2ft%2fp%2foriginal%2f%2fj4qqlIOCuoPkhgmjB0HMYirU0nc.jpg&amp;fav_status=false&amp;heb_name=%20&amp;iconimage=https%3a%2f%2fpbs.twimg.com%2fprofile_images%2f873323586622078976%2fZ0BfwrYm.jpg&amp;id=%20&amp;isr=0&amp;mode=32&amp;name=%5bCOLOR%20deeppink%5d%5bI%5d%d7%9e%d7%a2%d7%a7%d7%91%20%d7%a1%d7%93%d7%a8%d7%95%d7%aa%5b%2fI%5d%5b%2fCOLOR%5d&amp;original_title=%20&amp;season=%20&amp;show_original_year=%20&amp;tmdbid=%20&amp;url=tv",return)</action>
	</shortcut>
	<shortcut>
		<defaultID>rshymvttrakt</defaultID>
		<label>רשימות Trakt</label>
		<label2>מועדף</label2>
		<icon>special://skin/extras/icons/folder.png</icon>
		<thumb>special://home/Graphics/addons/trakt.jpg</thumb>
		<action>ActivateWindow(10025,"plugin://plugin.video.allmoviesin/?data=%20&amp;dates=%20&amp;description=%d7%a8%d7%a9%d7%99%d7%9e%d7%95%d7%aa%20Trakt&amp;eng_name=%20&amp;episode=%20&amp;fanart=https%3a%2f%2fwww.mjdtech.net%2fcontent%2fimages%2f2016%2f02%2ftraktfeat.jpg&amp;fav_status=false&amp;heb_name=%20&amp;iconimage=http%3a%2f%2fkoditips.com%2fwp-content%2fuploads%2ftrakt-api-key.png&amp;id=%20&amp;isr=0&amp;mode=29&amp;name=%d7%a8%d7%a9%d7%99%d7%9e%d7%95%d7%aa%20Trakt&amp;original_title=%20&amp;season=%20&amp;show_original_year=%20&amp;tmdbid=%20&amp;url=www",return)</action>
	</shortcut>
	<shortcut>
		<defaultID>31123</defaultID>
		<label>הרחבות נוספות</label>
		<label2>פריטים מותאמים אישית</label2>
		<icon>special://skin/extras/icons/addon.png</icon>
		<thumb>special://home/Graphics/addons/box2.jpg</thumb>
		<action>ActivateWindow(1123)</action>
	</shortcut>
	<shortcut>
		<defaultID>colorwhite-hgdrvtlvyqtvry-color</defaultID>
		<label>[COLOR white]הגדרות לויקטורי[/COLOR]</label>
		<label2>מועדף</label2>
		<icon>special://skin/extras/icons/folder.png</icon>
		<thumb>special://home/Graphics/addons/wall.jpg</thumb>
		<action>RunPlugin(plugin://plugin.program.Settingz-Anon/?url=plugin.&amp;mode=181&amp;name=%5BCOLOR+white%5D%D7%94%D7%92%D7%93%D7%A8%D7%95%D7%AA+%D7%9C%D7%95%D7%99%D7%A7%D7%98%D7%95%D7%A8%D7%99%5B%2FCOLOR%5D)</action>
	</shortcut>
</shortcuts>
