<?xml version='1.0' encoding='UTF-8'?>
<shortcuts>
	<shortcut>
		<defaultID>31093</defaultID>
		<label>קיר סרטים</label>
		<label2>פריטים מותאמים אישית</label2>
		<icon>special://skin/extras/icons/film.png</icon>
		<thumb>special://home/Graphics/addons/wall.jpg</thumb>
		<action>ActivateWindow(Videos,library://video/movies/titles.xml/,return)</action>
	</shortcut>
	<shortcut>
		<defaultID>"script.extendedinfo"</defaultID>
		<label>OpenInfo - קיר סרטים</label>
		<label2>מועדף</label2>
		<icon>special://skin/extras/icons/folder.png</icon>
		<thumb>special://home/Graphics/addons/premium.jpg</thumb>
		<action>RunScript("script.extendedinfo")</action>
	</shortcut>
	<shortcut>
		<defaultID />
		<label>סרטים - ויקטורי</label>
		<label2>פריטים מותאמים אישית</label2>
		<icon>DefaultShortcut.png</icon>
		<thumb>special://home/Graphics/addons/victory5.jpg</thumb>
		<action>ActivateWindow(Videos,"plugin://plugin.video.allmoviesin/?url=www&amp;mode=13&amp;name=סרטים&amp;iconimage=C%3A%5CUsers%5CHome%5CAppData%5CRoaming%5CKodi%5Caddons%5Cplugin.video.allmoviesin%5Cresources%5Clogos%2Fmovies.jpg&amp;fanart=http%3A%2F%2Fhdqwalls.com%2Fwallpapers%2Favengers-infinity-war-2018-poster-fan-made-62.jpg&amp;description=%D7%A1%D7%A8%D7%98%D7%99%D7%9D&amp;heb_name= &amp;dates= &amp;data= &amp;original_title= &amp;id= &amp;season= &amp;episode= &amp;tmdbid= &amp;eng_name= &amp;show_original_year= &amp;isr=0&amp;fav_status=false",return)</action>
	</shortcut>
	<shortcut>
		<defaultID>colororange-i-rshymvtjen-i-color</defaultID>
		<label>סרטים - 4K - 1080P</label>
		<label2>מועדף</label2>
		<icon>special://skin/extras/icons/folder.png</icon>
		<thumb>special://home/Graphics/addons/maxres77efault.jpg</thumb>
		<action>ActivateWindow(10025,"plugin://plugin.video.allmoviesin/?data=%20&amp;dates=%20&amp;description=%d7%97%d7%99%d7%a4%d7%95%d7%a9&amp;eng_name=%20&amp;episode=%20&amp;fanart=https%3a%2f%2fgeek-prime.com%2fwp-content%2fuploads%2f2014%2f02%2fVictory-2-4k-hd-wallpaper-invasion-ghaul.jpg&amp;fav_status=false&amp;heb_name=%20&amp;iconimage=C%3a%5cUsers%5cHome%5cAppData%5cRoaming%5cKodi%5caddons%5cplugin.video.allmoviesin%5cresources%5clogos%2fjen.png&amp;id=%20&amp;isr=0&amp;mode=42&amp;name=%5bCOLOR%20orange%5d%5bI%5d%d7%a8%d7%a9%d7%99%d7%9e%d7%95%d7%aa%20JEN%5b%2fI%5d%5b%2fCOLOR%5d&amp;original_title=%20&amp;season=%20&amp;show_original_year=%20&amp;tmdbid=%20&amp;url=www",return)</action>
	</shortcut>
	<shortcut>
		<defaultID />
		<label>סרטים בקליק</label>
		<label2>הרחבת וידאו</label2>
		<icon>DefaultShortcut.png</icon>
		<thumb>image://https%3a%2f%2foneclickeg.com%2fen%2fwp-content%2fuploads%2f2018%2f08%2flogo.png/</thumb>
		<action>ActivateWindow(Videos,"plugin://plugin.video.allmoviesin/?mode=155&amp;name=One Click&amp;heb_name= &amp;dates= &amp;data=1&amp;original_title= &amp;id= &amp;season= &amp;episode= &amp;tmdbid= &amp;eng_name= &amp;show_original_year= &amp;isr=0&amp;fanart=https%3A%2F%2Fimage.tmdb.org%2Ft%2Fp%2Foriginal%2F%2FkKTPv9LKKs5L3oO1y5FNObxAPWI.jpg&amp;url=movie&amp;iconimage=https%3A%2F%2Foneclickeg.com%2Fen%2Fwp-content%2Fuploads%2F2018%2F08%2Flogo.png&amp;description=Once+click+movies&amp;fav_status=false",return)</action>
	</shortcut>
	<shortcut>
		<defaultID />
		<label>אחרוני המאסטרים</label>
		<label2>פריטים מותאמים אישית</label2>
		<icon>DefaultShortcut.png</icon>
		<thumb>special://home/Graphics/addons/1080klick.jpg</thumb>
		<action>ActivateWindow(10025,"plugin://plugin.video.allmoviesin/?data=%20&amp;dates=%20&amp;description=%d7%a1%d7%a8%d7%98%d7%99%d7%9d%20%d7%90%d7%97%d7%a8%d7%95%d7%a0%d7%99%d7%9d%20%d7%a9%d7%94%d7%95%d7%a2%d7%9c%d7%95%20%d7%a2%22%d7%99%20%d7%94%d7%9e%d7%90%d7%a1%d7%98%d7%a8%d7%99%d7%9d&amp;eng_name=%20&amp;episode=%20&amp;fanart=https%3a%2f%2fimage.tmdb.org%2ft%2fp%2foriginal%2f%2fn6bUvigpRFqSwmPp1m2YADdbRBc.jpg&amp;fav_status=false&amp;heb_name=%20&amp;iconimage=https%3a%2f%2fwww.discshop.se%2fimg%2fomslag%2ffront_large%2f3%2f78583.jpg&amp;id=%20&amp;isr=0&amp;mode=147&amp;name=%d7%90%d7%97%d7%a8%d7%95%d7%a0%d7%99%20%d7%94%d7%9e%d7%90%d7%a1%d7%98%d7%a8%d7%99%d7%9d&amp;original_title=%20&amp;season=%20&amp;show_original_year=%20&amp;tmdbid=%20&amp;url=0",return)</action>
	</shortcut>
	<shortcut>
		<defaultID>klvspyhsrtym</defaultID>
		<label>מארזי סרטים</label>
		<label2>מועדף</label2>
		<icon>special://skin/extras/icons/folder.png</icon>
		<thumb>special://home/Graphics/addons/maxresdefault.jpg</thumb>
		<action>ActivateWindow(10025,"plugin://plugin.video.allmoviesin/?data=%20&amp;dates=%20&amp;description=%d7%9e%d7%90%d7%a8%d7%96%d7%99%20%d7%a1%d7%a8%d7%98%d7%99%d7%9d&amp;eng_name=%20&amp;episode=%20&amp;fanart=https%3a%2f%2fimage.tmdb.org%2ft%2fp%2foriginal%2f%2fk2WyDw2NTUIWnuEs5gT7wgrCQg6.jpg&amp;fav_status=false&amp;heb_name=%20&amp;iconimage=https%3a%2f%2fimg.creativemark.co.uk%2fuploads%2fimages%2f353%2f12353%2flargeImg.png&amp;id=%20&amp;isr=0&amp;mode=149&amp;name=%d7%9b%d7%9c%20%d7%90%d7%95%d7%a1%d7%a4%d7%99%20%d7%94%d7%a1%d7%a8%d7%98%d7%99%d7%9d&amp;original_title=%20&amp;season=%20&amp;show_original_year=%20&amp;tmdbid=%20&amp;url=0",return)</action>
	</shortcut>
	<shortcut>
		<defaultID />
		<label>סרטים עם תרגום מובנה</label>
		<label2>הרחבת וידאו</label2>
		<icon>DefaultShortcut.png</icon>
		<thumb>special://home/Graphics/addons/4k.jpg</thumb>
		<action>ActivateWindow(Videos,"plugin://plugin.video.allmoviesin/?url=http%3A%2F%2Fapi.themoviedb.org%2F3%2Fmovie%2Fpopular%3Fapi_key%3D34142515d9d23817496eeb4ff1d223d0%26language%3Dhe%26page%3D1&amp;mode=144&amp;name=כתוביות מובנות בקליק&amp;iconimage=https%3A%2F%2Fi0.wp.com%2Feverydayelectronics.com%2Fwp-content%2Fuploads%2F2018%2F12%2FPhotoGrid_1544751030857.png%3Ffit%3D1400%252C787%26ssl%3D1&amp;fanart=https%3A%2F%2Fimage.tmdb.org%2Ft%2Fp%2Foriginal%2F%2FwcAqndL2MkIjPrCrYeuE794weNE.jpg&amp;description=%D7%9B%D7%AA%D7%95%D7%91%D7%99%D7%95%D7%AA+%D7%9E%D7%95%D7%91%D7%A0%D7%95%D7%AA+%D7%91%D7%A7%D7%9C%D7%99%D7%A7&amp;heb_name= &amp;dates= &amp;data= &amp;original_title= &amp;id= &amp;season= &amp;episode= &amp;tmdbid= &amp;eng_name= &amp;show_original_year= &amp;isr=0&amp;fav_status=false",return)</action>
	</shortcut>
	<shortcut>
		<defaultID />
		<label>סרטים - הנוקם</label>
		<label2>פריטים מותאמים אישית</label2>
		<icon>DefaultShortcut.png</icon>
		<thumb>special://home/Graphics/addons/hamokem2.jpg</thumb>
		<action>ActivateWindow(10025,"plugin://plugin.video.TheFirstAvenger/?cat_level=%20&amp;count=0&amp;description=%20&amp;fanart=http%3a%2f%2fimg.auctiva.com%2fimgdata%2f1%2f3%2f2%2f7%2f9%2f7%2f4%2fwebimg%2f553329002_o.jpg&amp;iconimage=https%3a%2f%2fmedia.cdnandroid.com%2f5b%2f40%2f73%2f61%2f6f%2fimagen-hd-movies-free-2018-full-online-movie-0thumb.jpg&amp;index_depth=0&amp;lang=eng&amp;mode=5&amp;name=%5bB%5d%5bCOLOR%20deepskyblue%5d%20%d7%94%d7%a0%d7%95%d7%a7%d7%9d%20%d7%94%d7%a8%d7%90%d7%a9%d7%95%d7%9f%20%d7%a1%d7%a8%d7%98%d7%99%d7%9d%20%d7%91%d7%aa%d7%a8%d7%92%d7%95%d7%9d%20%d7%9e%d7%95%d7%91%d7%a0%d7%94%20%5b%2fCOLOR%5d%5b%2fB%5d&amp;page&amp;selected_list=%20&amp;url=%5bB%5d%5bCOLOR%20deepskyblue%5d%20%d7%94%d7%a0%d7%95%d7%a7%d7%9d%20%d7%94%d7%a8%d7%90%d7%a9%d7%95%d7%9f%20%d7%a1%d7%a8%d7%98%d7%99%d7%9d%20%d7%91%d7%aa%d7%a8%d7%92%d7%95%d7%9d%20%d7%9e%d7%95%d7%91%d7%a0%d7%94%20%5b%2fCOLOR%5d%5b%2fB%5d",return)</action>
	</shortcut>
	<shortcut>
		<defaultID />
		<label>סרטים - ישראלים</label>
		<label2>פריטים מותאמים אישית</label2>
		<icon>DefaultShortcut.png</icon>
		<thumb>special://home/Graphics/addons/israel.jpg</thumb>
		<action>ActivateWindow(Videos,"plugin://plugin.video.allmoviesin/?url=www&amp;mode=57&amp;name=[COLOR aqua]סרטים ישראלים[/COLOR]&amp;iconimage=https%3A%2F%2Fs-media-cache-ak0.pinimg.com%2F236x%2Fda%2Fb0%2F9e%2Fdab09e9a53a39abf8ef1246b3fd605e6--israel-youth.jpg&amp;fanart=https%3A%2F%2Fwww.israelhayom.co.il%2Fsites%2Fdefault%2Ffiles%2Fstyles%2F566x349%2Fpublic%2Fimages%2Farticles%2F2017%2F08%2F22%2F15034285934653_b.jpg&amp;description=%D7%A1%D7%A8%D7%98%D7%99%D7%9D+%D7%99%D7%A9%D7%A8%D7%90%D7%9C%D7%99%D7%9D&amp;heb_name= &amp;dates= &amp;data= &amp;original_title= &amp;id= &amp;season= &amp;episode= &amp;tmdbid= &amp;eng_name= &amp;show_original_year= &amp;isr=1&amp;fav_status=false",return)</action>
	</shortcut>
	<shortcut>
		<defaultID>31123</defaultID>
		<label>הרחבות נוספות</label>
		<label2>Hub 03</label2>
		<icon>special://skin/extras/icons/addon.png</icon>
		<thumb>special://home/Graphics/addons/box2.jpg</thumb>
		<action>ActivateWindow(1103)</action>
	</shortcut>
	<shortcut>
		<defaultID>colorwhite-hgdrvtlvyqtvry-color</defaultID>
		<label>[COLOR white]הגדרות לויקטורי[/COLOR]</label>
		<label2>מועדף</label2>
		<icon>special://skin/extras/icons/folder.png</icon>
		<thumb>special://home/Graphics/addons/wall.jpg</thumb>
		<action>RunPlugin(plugin://plugin.program.Settingz-Anon/?url=plugin.&amp;mode=181&amp;name=%5BCOLOR+white%5D%D7%94%D7%92%D7%93%D7%A8%D7%95%D7%AA+%D7%9C%D7%95%D7%99%D7%A7%D7%98%D7%95%D7%A8%D7%99%5B%2FCOLOR%5D)</action>
	</shortcut>
	<shortcut>
		<defaultID />
		<label>סרטים - 18+</label>
		<label2>פריטים מותאמים אישית</label2>
		<icon>DefaultShortcut.png</icon>
		<thumb>special://skin/extras/icons/sex.png</thumb>
		<action>ActivateWindow(1113)</action>
	</shortcut>
	<shortcut>
		<defaultID />
		<label>קבצים</label>
		<label2>פריטים מותאמים אישית</label2>
		<icon>DefaultShortcut.png</icon>
		<thumb>special://skin/extras/icons/hd.png</thumb>
		<action>ActivateWindow(Videos,sources://video/,return)</action>
	</shortcut>
</shortcuts>
