<?xml version='1.0' encoding='UTF-8'?>
<shortcuts>
	<shortcut>
		<defaultID />
		<label>הגדרות</label>
		<label2>פריטים מותאמים אישית</label2>
		<icon>DefaultShortcut.png</icon>
		<thumb>special://skin/extras/icons/kodi.png</thumb>
		<action>ActivateWindow(Settings)</action>
	</shortcut>
	<shortcut>
		<defaultID>plugin.program.CTVP</defaultID>
		<label>עדכון גירסה</label>
		<label2>פריטים מותאמים אישית</label2>
		<icon>DefaultShortcut.png</icon>
		<thumb>special://skin/extras/icons/download.png</thumb>
		<action>ActivateWindow(Programs,"plugin://plugin.program.Anonymous",return)</action>
	</shortcut>
	<shortcut>
		<defaultID />
		<label>עדכון מהיר </label>
		<label2>פריטים מותאמים אישית</label2>
		<icon>DefaultShortcut.png</icon>
		<thumb>special://skin/extras/icons/download_repo.png</thumb>
		<action>ActivateWindow(10001,"plugin://plugin.program.Anonymous/?mode=fastupdate",return)</action>
	</shortcut>
	<shortcut>
		<defaultID>plugin.program.CTVP</defaultID>
		<label>שמירת נתונים</label>
		<label2>פריטים מותאמים אישית</label2>
		<icon>DefaultShortcut.png</icon>
		<thumb>special://skin/extras/icons/files.png</thumb>
		<action>ActivateWindow(10001,plugin://plugin.program.Anonymous/?mode=savedata,return)</action>
	</shortcut>
	<shortcut>
		<defaultID>31123</defaultID>
		<label>אימות חשבון Rd ו Trakt</label>
		<label2>פריטים מותאמים אישית</label2>
		<icon>DefaultShortcut.png</icon>
		<thumb>special://skin/extras/icons/Premium.png</thumb>
		<action>ActivateWindow(1108)</action>
	</shortcut>
	<shortcut>
		<defaultID>script.anonymous.pairwith</defaultID>
		<label>תפריט עזרים </label>
		<label2>תוכנה</label2>
		<icon>special://skin/extras/icons/DefaultAddon.png</icon>
		<thumb>image://C%3a%5cUsers%5cHome%5cAppData%5cRoaming%5cKodi%5caddons%5cscript.anonymous.pairwith%5cicon.png/</thumb>
		<action>RunAddOn(script.anonymous.pairwith)</action>
	</shortcut>
	<shortcut>
		<defaultID>24001</defaultID>
		<label>התקנה מקובץ ZIP</label>
		<label2>הגדרות</label2>
		<icon>special://skin/extras/icons/addons.png</icon>
		<thumb>special://home/Graphics/icons/chrome.png</thumb>
		<action>ActivateWindow(AddonBrowser)</action>
	</shortcut>
	<shortcut>
		<defaultID>1037</defaultID>
		<label>1037</label>
		<label2>וידאו</label2>
		<icon>special://skin/extras/icons/video-addons.png</icon>
		<thumb>special://home/Graphics/icons/recordings.png</thumb>
		<action>ActivateWindow(Videos,Addons,return)</action>
	</shortcut>
	<shortcut>
		<defaultID>programs</defaultID>
		<label>הרחבת תוכנות</label>
		<label2>פריט תפריט נפוץ</label2>
		<icon>special://skin/extras/icons/addons.png</icon>
		<thumb>special://home/Graphics/icons/playlist.png</thumb>
		<action>ActivateWindow(Programs,Addons,return)</action>
	</shortcut>
	<shortcut>
		<defaultID>script.merlinmaintenance</defaultID>
		<label>ניקוי קאש וחבילות</label>
		<label2>תוכנה</label2>
		<icon>DefaultShortcut.png</icon>
		<thumb>special://skin/extras/icons/Clear.png</thumb>
		<action>RunPlugin(plugin://plugin.program.Anonymous/?mode=clearcache)</action>
	</shortcut>
	<shortcut>
		<defaultID />
		<label>ניקוי קאש מלא</label>
		<label2>פריטים מותאמים אישית</label2>
		<icon>DefaultShortcut.png</icon>
		<thumb>special://skin/extras/icons/battery.png</thumb>
		<action>RunPlugin(plugin://plugin.program.Anonymous/?mode=fullclean)</action>
	</shortcut>
	<shortcut>
		<defaultID />
		<label>אפשרויות נוספות</label>
		<label2>פריטים מותאמים אישית</label2>
		<icon>DefaultShortcut.png</icon>
		<thumb>special://skin/extras/icons/db.png</thumb>
		<action>ActivateWindow(Programs,"plugin://plugin.program.Settingz-Anon",return)</action>
	</shortcut>
	<shortcut>
		<defaultID />
		<label>אפליקציות לאנדראויד</label>
		<label2>פריטים מותאמים אישית</label2>
		<icon>DefaultShortcut.png</icon>
		<thumb>special://skin/extras/icons/channels.png</thumb>
		<action>ActivateWindow(10001,"plugin://plugin.program.Anonymous/?mode=apk",return)</action>
	</shortcut>
	<shortcut>
		<defaultID />
		<label>מנהל הקבצים</label>
		<label2>Custom item</label2>
		<icon>DefaultShortcut.png</icon>
		<thumb>special://skin/extras/icons/files.png</thumb>
		<action>ActivateWindow(FileManager)</action>
	</shortcut>
	<shortcut>
		<defaultID>plugin.program.logviewer</defaultID>
		<label>הצג לוג מערכת</label>
		<label2>תוכנה</label2>
		<icon>DefaultShortcut.png</icon>
		<thumb>special://skin/extras/icons/dvd.png</thumb>
		<action>RunPlugin(plugin://plugin.program.Anonymous/?mode=viewerrorlog)</action>
		<disabled>True</disabled>
	</shortcut>
	<shortcut>
		<defaultID>colorwhite-shlkhlvg-color</defaultID>
		<label>[COLOR white]שלח לוג[/COLOR]</label>
		<label2>מועדף</label2>
		<icon>special://skin/extras/icons/folder.png</icon>
		<thumb>special://skin/extras/icons/cd.png</thumb>
		<action>RunPlugin(plugin://plugin.program.Anonymous/?mode=logsend)</action>
	</shortcut>
	<shortcut>
		<defaultID>colorwhite-tyqvnttsvgtsqyn-color</defaultID>
		<label>תיקון תצוגת סקין</label>
		<label2>מועדף</label2>
		<icon>special://skin/extras/icons/folder.png</icon>
		<thumb>special://skin/extras/icons/configure.png</thumb>
		<action>ActivateWindow(10001,"plugin://plugin.program.Settingz-Anon/?description=%d7%aa%d7%99%d7%a7%d7%95%d7%9f%20%d7%aa%d7%a6%d7%95%d7%92%d7%aa%20%d7%a1%d7%a7%d7%99%d7%9f&amp;fanart=C%3a%5cUsers%5cHome%5cAppData%5cRoaming%5cKodi%5caddons%5cplugin.program.Settingz-Anon%2fresources%2fbuffer.jpg&amp;iconimage=C%3a%5cUsers%5cHome%5cAppData%5cRoaming%5cKodi%5caddons%5cplugin.program.Settingz-Anon%2fresources%2fbuffer.jpg&amp;mode=23&amp;name=%5bCOLOR%20white%5d%d7%aa%d7%99%d7%a7%d7%95%d7%9f%20%d7%aa%d7%a6%d7%95%d7%92%d7%aa%20%d7%a1%d7%a7%d7%99%d7%9f%5b%2fCOLOR%5d&amp;url=plugin.",return)</action>
	</shortcut>
	<shortcut>
		<defaultID>colorblue-hgdrmshtmshymbqvdybsgnvnntplyqs-color</defaultID>
		<label>שינוי תצוגה ראשית</label>
		<label2>מועדף</label2>
		<icon>special://skin/extras/icons/DefaultFolder.png</icon>
		<thumb>special://skin/extras/icons/profiles.png</thumb>
		<action>ActivateWindow(1190)</action>
	</shortcut>
</shortcuts>
