<?xml version='1.0' encoding='UTF-8'?>
<shortcuts>
	<shortcut>
		<defaultID>script.hebivueguide</defaultID>
		<label>לוח שידורים</label>
		<label2>תוכנה</label2>
		<icon>special://skin/extras/icons/DefaultAddon.png</icon>
		<thumb>special://home/Graphics/Vodtv/tvwall.jpg</thumb>
		<action>RunAddOn(script.hebivueguide)</action>
	</shortcut>
	<shortcut>
		<defaultID>plugin.video.PomelaTV</defaultID>
		<label>רשימת ערוצים</label>
		<label2>הרחבת וידאו</label2>
		<icon>DefaultShortcut.png</icon>
		<thumb>special://home/Graphics/Vodtv/chanellist.jpg</thumb>
		<action>ActivateWindow(1136)</action>
	</shortcut>
	<shortcut>
		<defaultID>31123</defaultID>
		<label>ערוצים עידן פלוס</label>
		<label2>Hub 04</label2>
		<icon>special://skin/extras/icons/addon.png</icon>
		<thumb>special://home/Graphics/Vodtv/idan1.jpg</thumb>
		<action>ActivateWindow(10025,"plugin://plugin.video.idanplus/?iconimage=C%253A%255CUsers%255CHome%255CAppData%255CRoaming%255CKodi%255Caddons%255Cplugin.video.idanplus%255Cicon.png&amp;mode=1&amp;module&amp;moredata&amp;name=%5bB%5d%d7%a9%d7%99%d7%93%d7%95%d7%a8%d7%99%d7%9d%20%d7%97%d7%99%d7%99%d7%9d%5b%2fB%5d&amp;url",return)</action>
	</shortcut>
	<shortcut>
		<defaultID>19019</defaultID>
		<label>טלוייזיה חיה</label>
		<label2>טלוויזיה חיה</label2>
		<icon>special://skin/extras/icons/tv.png</icon>
		<thumb>special://home/Graphics/Vodtv/livetv1.jpg</thumb>
		<action>ActivateWindow(TVChannels)</action>
	</shortcut>
	<shortcut>
		<defaultID />
		<label>ערוצים מהעולם</label>
		<label2>פריטים מותאמים אישית</label2>
		<icon>DefaultShortcut.png</icon>
		<thumb>special://home/Graphics/Vodtv/usachannels1.jpg</thumb>
		<action>ActivateWindow(Videos,"plugin://plugin.video.allmoviesin/?url=www&amp;mode=143&amp;name=[COLOR orange][I]ערוצים מהעולם[/I][/COLOR]&amp;iconimage=https%3A%2F%2Fupload.wikimedia.org%2Fwikipedia%2Fen%2F7%2F76%2FChannels_TV.jpg&amp;fanart=http%3A%2F%2Fsmart-living-technology.com%2Fwp-content%2Fuploads%2F2018%2F07%2FHD-Antenna-Channels-modal_03.jpg&amp;description=Live&amp;heb_name= &amp;dates= &amp;data= &amp;original_title= &amp;id= &amp;season= &amp;episode= &amp;tmdbid= &amp;eng_name= &amp;show_original_year= &amp;isr=0&amp;fav_status=false",return)</action>
	</shortcut>
	<shortcut>
		<defaultID>31123</defaultID>
		<label>ערוצים שפות זרות</label>
		<label2>Hub 20</label2>
		<icon>special://skin/extras/icons/addon.png</icon>
		<thumb>special://home/Graphics/Vodtv/usachannels1.jpg</thumb>
		<action>ActivateWindow(1120)</action>
	</shortcut>
</shortcuts>
