<?xml version='1.0' encoding='UTF-8'?>
<shortcuts>
	<shortcut>
		<defaultID>plugin.video.sdarot.tv</defaultID>
		<label>Sdarot.TV</label>
		<label2>הרחבת וידאו</label2>
		<icon>DefaultShortcut.png</icon>
		<thumb>special://skin/extras/icons/sdarottv.png</thumb>
		<action>ActivateWindow(Videos,"plugin://plugin.video.sdarot.tv",return)</action>
	</shortcut>
	<shortcut>
		<defaultID />
		<label>קשת</label>
		<label2>פריטים מותאמים אישית</label2>
		<icon>DefaultShortcut.png</icon>
		<thumb>special://skin/extras/icons/12.png</thumb>
		<action>ActivateWindow(Videos,"plugin://plugin.video.idanplus/?moredata=&amp;name=%D7%9E%D7%90%D7%A7%D7%95+VOD&amp;url=&amp;iconimage=C%253A%255CUsers%255CHome%255CAppData%255CRoaming%255CKodi%255Caddons%255Cplugin.video.idanplus%255Cresources%255Cimages%255Cmako.png&amp;module=keshet&amp;mode=0",return)</action>
	</shortcut>
	<shortcut>
		<defaultID />
		<label>רשת</label>
		<label2>פריטים מותאמים אישית</label2>
		<icon>DefaultShortcut.png</icon>
		<thumb>special://skin/extras/icons/1333.png</thumb>
		<action>ActivateWindow(10025,"plugin://plugin.video.idanplus/?iconimage=C%253A%255CUsers%255CHome%255CAppData%255CRoaming%255CKodi%255Caddons%255Cplugin.video.idanplus%255Cresources%255Cimages%255C13.png&amp;mode=-1&amp;module=reshet&amp;moredata&amp;name=%5bB%5d%d7%a8%d7%a9%d7%aa%2013%5b%2fB%5d&amp;url",return)</action>
	</shortcut>
	<shortcut>
		<defaultID />
		<label>עשר</label>
		<label2>פריטים מותאמים אישית</label2>
		<icon>DefaultShortcut.png</icon>
		<thumb>special://skin/extras/icons/111131.png</thumb>
		<action>ActivateWindow(Videos,"plugin://plugin.video.idanplus/?moredata=&amp;name=%D7%A2%D7%A9%D7%A8+VOD&amp;url=&amp;iconimage=C%253A%255CUsers%255CHome%255CAppData%255CRoaming%255CKodi%255Caddons%255Cplugin.video.idanplus%255Cresources%255Cimages%255Cten.png&amp;module=ten&amp;mode=0",return)</action>
	</shortcut>
	<shortcut>
		<defaultID>plugin.video.kan</defaultID>
		<label>VOD - כאן</label>
		<label2>פריטים מותאמים אישית</label2>
		<icon>DefaultShortcut.png</icon>
		<thumb>special://home/Graphics/Vodtv/kan111.jpg</thumb>
		<action>ActivateWindow(Videos,"plugin://plugin.video.idanplus/?moredata=&amp;name=%D7%9B%D7%90%D7%9F+11&amp;url=&amp;iconimage=C%253A%255CUsers%255CHome%255CAppData%255CRoaming%255CKodi%255Caddons%255Cplugin.video.idanplus%255Cresources%255Cimages%255Ckan.jpg&amp;module=kan&amp;mode=0",return)</action>
	</shortcut>
	<shortcut>
		<defaultID />
		<label>20 מורשת</label>
		<label2>פריטים מותאמים אישית</label2>
		<icon>DefaultShortcut.png</icon>
		<thumb>special://skin/extras/icons/20.png</thumb>
		<action>ActivateWindow(10025,"plugin://plugin.video.idanplus/?iconimage=C%253A%255CUsers%255CHome%255CAppData%255CRoaming%255CKodi%255Caddons%255Cplugin.video.idanplus%255Cresources%255Cimages%255C20.png&amp;mode=0&amp;module=twenty&amp;moredata&amp;name=%5bB%5d%d7%9b%d7%9c%20%d7%94%d7%aa%d7%9b%d7%a0%d7%99%d7%95%d7%aa%5b%2fB%5d&amp;url",return)</action>
	</shortcut>
	<shortcut>
		<defaultID />
		<label>חינוכית 23</label>
		<label2>פריטים מותאמים אישית</label2>
		<icon>DefaultShortcut.png</icon>
		<thumb>special://home/Graphics/Vodtv/23.jpg</thumb>
		<action>ActivateWindow(Videos,"plugin://plugin.video.idanplus/?moredata=&amp;name=%5BB%5D%D7%9B%D7%90%D7%9F+%D7%97%D7%99%D7%A0%D7%95%D7%9B%D7%99%D7%AA+23%5B%2FB%5D&amp;url=https%253A%252F%252Fwww.kan.org.il%252Fpage.aspx%253FlandingPageId%253D1083&amp;iconimage=C%253A%255CUsers%255CHome%255CAppData%255CRoaming%255CKodi%255Caddons%255Cplugin.video.idanplus%255Cresources%255Cimages%255C23tv.jpg&amp;module=kan&amp;mode=1",return)</action>
	</shortcut>
	<shortcut>
		<defaultID>b-rvts9-b</defaultID>
		<label>ערוץ 9 - VOD</label>
		<label2>מועדף</label2>
		<icon>special://skin/extras/icons/folder.png</icon>
		<thumb>special://skin/extras/icons/9.png</thumb>
		<action>ActivateWindow(10025,"plugin://plugin.video.idanplus/?iconimage=C%253A%255CUsers%255CHome%255CAppData%255CRoaming%255CKodi%255Caddons%255Cplugin.video.idanplus%255Cresources%255Cimages%255C9tv.png&amp;mode=-1&amp;module=9tv&amp;moredata&amp;name=%5bB%5d%d7%a2%d7%a8%d7%95%d7%a5%209%5b%2fB%5d&amp;url",return)</action>
	</shortcut>
	<shortcut>
		<defaultID />
		<label>וואלה</label>
		<label2>Custom shortcut</label2>
		<icon>DefaultShortcut.png</icon>
		<thumb>special://home/Graphics/Vodtv/wallavod.jpg</thumb>
		<action>ActivateWindow(10025,"plugin://plugin.video.wallaNew.video",return)</action>
	</shortcut>
	<shortcut>
		<defaultID />
		<label>סטנד אפ ישראלי</label>
		<label2>Custom item</label2>
		<icon>DefaultShortcut.png</icon>
		<thumb>special://home/Graphics/Vodtv/Stand-Up2.jpg</thumb>
		<action>ActivateWindow(VideoLibrary,"plugin://plugin.video.kodisraelstandup",return)</action>
	</shortcut>
</shortcuts>
