<?xml version='1.0' encoding='UTF-8'?>
<shortcuts>
	<shortcut>
		<defaultID />
		<label>עולם הילדים - ויקטורי</label>
		<label2>פריטים מותאמים אישית</label2>
		<icon>DefaultShortcut.png</icon>
		<thumb>special://home/Graphics/Kids/kids12.png</thumb>
		<action>ActivateWindow(Videos,"plugin://plugin.video.allmoviesin/?url=www&amp;mode=44&amp;name=[COLOR pink][I]פינת הילדים[/I][/COLOR]&amp;iconimage=C%3A%5CUsers%5CHome%5CAppData%5CRoaming%5CKodi%5Caddons%5Cplugin.video.allmoviesin%5Cresources%5Clogos%2Fkids.jpg&amp;fanart=https%3A%2F%2Fwww.desktopbackground.org%2Fdownload%2Fo%2F2013%2F09%2F27%2F645377_kids-kung-fu-panda-3-movie-4k-wallpapers_3840x2160_h.jpg&amp;description=%D7%99%D7%9C%D7%93%D7%99%D7%9D&amp;heb_name= &amp;dates= &amp;data= &amp;original_title= &amp;id= &amp;season= &amp;episode= &amp;tmdbid= &amp;eng_name= &amp;show_original_year= &amp;isr=0",return)</action>
	</shortcut>
	<shortcut>
		<defaultID />
		<label>עולם הילדים - הנוקם</label>
		<label2>פריטים מותאמים אישית</label2>
		<icon>DefaultShortcut.png</icon>
		<thumb>special://home/Graphics/Kids/nokem1.jpg</thumb>
		<action>ActivateWindow(Videos,"plugin://plugin.video.TheFirstAvenger/?url=%5BB%5D%5BCOLOR+deepskyblue%5D+%D7%94%D7%A0%D7%95%D7%A7%D7%9D+%D7%94%D7%A8%D7%90%D7%A9%D7%95%D7%9F+%D7%A1%D7%A8%D7%98%D7%99%D7%9D+%D7%91%D7%AA%D7%A8%D7%92%D7%95%D7%9D+%D7%9E%D7%95%D7%91%D7%A0%D7%94+%5B%2FCOLOR%5D%5B%2FB%5D%5BB%5D%5BCOLOR+deepskyblue%5D+%D7%A2%D7%95%D7%9C%D7%9D+%D7%94%D7%99%D7%9C%D7%93%D7%99%D7%9D+%5B%2FCOLOR%5D%5B%2FB%5D&amp;mode=5&amp;name=%5BB%5D%5BCOLOR+deepskyblue%5D+%D7%A2%D7%95%D7%9C%D7%9D+%D7%94%D7%99%D7%9C%D7%93%D7%99%D7%9D+%5B%2FCOLOR%5D%5B%2FB%5D&amp;iconimage=https%3A%2F%2Fmedia.groo.co.il%2F_media%2Fmedia%2F2471%2F156368_229_217.jpg&amp;fanart=http%3A%2F%2Fwww.hll.co.il%2Fweb%2F8888%2Fnsf%2Fweb%2F8017%2F8156ImageFile3.jpg&amp;description=+%D7%A1%D7%A8%D7%98%D7%99+%D7%90%D7%A0%D7%99%D7%9E%D7%A6%D7%99%D7%94+%D7%91%D7%AA%D7%A8%D7%92%D7%95%D7%9D+%D7%9E%D7%95%D7%91%D7%A0%D7%94+%2B%D7%9E%D7%93%D7%95%D7%91%D7%91+%D7%9C%D7%99%D7%9C%D7%93%D7%99%D7%9D&amp;count=0&amp;page=&amp;cat_level= &amp;index_depth=0&amp;selected_list= &amp;lang=eng",return)</action>
	</shortcut>
	<shortcut>
		<defaultID />
		<label>סדרות מדובבות לילדים</label>
		<label2>הרחבת וידאו</label2>
		<icon>DefaultShortcut.png</icon>
		<thumb>special://home/Graphics/Kids/seretnoekids1.jpg</thumb>
		<action>ActivateWindow(Videos,"plugin://plugin.video.TheFirstAvenger/?url=%5BB%5D%5BCOLOR+deepskyblue%5D+%D7%94%D7%A0%D7%95%D7%A7%D7%9D+%D7%94%D7%A8%D7%90%D7%A9%D7%95%D7%9F+%D7%A1%D7%93%D7%A8%D7%95%D7%AA+%D7%91%D7%AA%D7%A8%D7%92%D7%95%D7%9D+%D7%9E%D7%95%D7%91%D7%A0%D7%94+%5B%2FCOLOR%5D%5B%2FB%5D%D7%A1%D7%93%D7%A8%D7%95%D7%AA+%D7%9E%D7%93%D7%95%D7%91%D7%91%D7%95%D7%AA+%D7%9C%D7%99%D7%9C%D7%93%D7%99%D7%9D&amp;mode=5&amp;name=%D7%A1%D7%93%D7%A8%D7%95%D7%AA+%D7%9E%D7%93%D7%95%D7%91%D7%91%D7%95%D7%AA+%D7%9C%D7%99%D7%9C%D7%93%D7%99%D7%9D&amp;iconimage=https%3A%2F%2Fhe.vpnmentor.com%2Fwp-content%2Fuploads%2F2018%2F03%2FHebrew-Netflixcover.png&amp;fanart=https%3A%2F%2Fhe.vpnmentor.com%2Fwp-content%2Fuploads%2F2018%2F03%2FHebrew-Netflixcover.png&amp;description=%D7%A1%D7%93%D7%A8%D7%95%D7%AA+%D7%9E%D7%93%D7%95%D7%91%D7%91%D7%99%D7%9D+%D7%9C%D7%99%D7%9C%D7%93%D7%99%D7%9D&amp;count=0&amp;page=&amp;cat_level= &amp;index_depth=0&amp;selected_list= &amp;lang=eng",return)</action>
	</shortcut>
	<shortcut>
		<defaultID />
		<label>סדרות אנימה</label>
		<label2>פריטים מותאמים אישית</label2>
		<icon>DefaultShortcut.png</icon>
		<thumb>special://home/Graphics/Kids/nostalgia.jpg</thumb>
		<action>ActivateWindow(Videos,"plugin://plugin.video.allmoviesin/?url=www&amp;mode=52&amp;name=אנימה&amp;iconimage=http%3A%2F%2Fk07.kn3.net%2F4B4EFECF0.png&amp;fanart=https%3A%2F%2Fwww.anime-spin.net%2Fuploads%2Feditor%2Fkg81rxz.jpg&amp;description=%D7%90%D7%A0%D7%99%D7%9E%D7%94+%D7%99%D7%A4%D7%A0%D7%99%D7%9D+%D7%A2%D7%9D+%D7%9B%D7%AA%D7%95%D7%91%D7%99%D7%95%D7%AA+%D7%91%D7%A2%D7%91%D7%A8%D7%99%D7%AA&amp;heb_name= &amp;dates= &amp;data= &amp;original_title= &amp;id= &amp;season= &amp;episode= &amp;tmdbid= &amp;eng_name= &amp;show_original_year= &amp;isr=0&amp;fav_status=false",return)</action>
	</shortcut>
	<shortcut>
		<defaultID />
		<label>סדרות לקטנטנים</label>
		<label2>פריטים מותאמים אישית</label2>
		<icon>DefaultShortcut.png</icon>
		<thumb>special://home/Graphics/Kids/hubdeb.jpg</thumb>
		<action>ActivateWindow(Videos,"plugin://plugin.video.allmoviesin/?url=www&amp;mode=48&amp;name=סדרות לקטנטנים&amp;iconimage=http%3A%2F%2Fshiny4kwallpapers.com%2FUploads%2F25-1-2017%2F328%2Fthumb2-kids-snoopy-3d-animation-characters-the-peanuts.jpg&amp;fanart=https%3A%2F%2Fwww.scienceabc.com%2Fwp-content%2Fuploads%2F2017%2F09%2FChildrans-watching-tv.jpg&amp;description=%D7%A7%D7%98%D7%A0%D7%98%D7%A0%D7%99%D7%9D&amp;heb_name= &amp;dates= &amp;data= &amp;original_title= &amp;id= &amp;season= &amp;episode= &amp;tmdbid= &amp;eng_name= &amp;show_original_year= &amp;isr=0&amp;fav_status=false",return)</action>
	</shortcut>
	<shortcut>
		<defaultID />
		<label>הכל לילדים</label>
		<label2>פריטים מותאמים אישית</label2>
		<icon>DefaultShortcut.png</icon>
		<thumb>special://home/Graphics/Kids/kidsil1.jpg</thumb>
		<action>ActivateWindow(Videos,"plugin://plugin.video.wallaNew.video/?url=englishName%3Dkids&amp;mode=1&amp;name=ילדים&amp;module=wallavod",return)</action>
	</shortcut>
	<shortcut>
		<defaultID />
		<label>קלטות ילדים</label>
		<label2>פריטים מותאמים אישית</label2>
		<icon>DefaultShortcut.png</icon>
		<thumb>special://home/Graphics/Kids/Childrens-programs1.jpg</thumb>
		<action>ActivateWindow(Videos,"plugin://plugin.video.idanplus/?moredata=&amp;name=%D7%A7%D7%9C%D7%98%D7%95%D7%AA+%D7%99%D7%9C%D7%93%D7%99%D7%9D&amp;url=http%253A%252F%252Fwww.mako.co.il%252Fmako-vod-kids&amp;iconimage=C%253A%255CUsers%255CHome%255CAppData%255CRoaming%255CKodi%255Caddons%255Cplugin.video.idanplus%255Cresources%255Cimages%255Ckids.jpg&amp;module=keshet&amp;mode=1",return)</action>
	</shortcut>
</shortcuts>
