<?xml version='1.0' encoding='UTF-8'?>
<shortcuts>
	<shortcut>
		<defaultID>movies</defaultID>
		<label>[B] סרטים [/B]</label>
		<label2>Hub 1101</label2>
		<icon>special://skin/extras/icons/film.png</icon>
		<thumb>special://home/Graphics/addons/tvshownow1.jpg</thumb>
		<action>ActivateWindow(1101)</action>
	</shortcut>
	<shortcut>
		<defaultID>tvshows</defaultID>
		<label>[B] סדרות [/B]</label>
		<label2>Hub 1102</label2>
		<icon>special://skin/extras/icons/tv.png</icon>
		<thumb>special://skin/extras/icons/tile/tvshowpopo.jpg</thumb>
		<action>ActivateWindow(1102)</action>
	</shortcut>
	<shortcut>
		<defaultID />
		<label>[B] תוכן ישראלי [/B]</label>
		<label2>Custom item</label2>
		<icon>DefaultShortcut.png</icon>
		<thumb>special://home/Graphics/Vodtv/channel-10-Vod.jpg</thumb>
		<action>ActivateWindow(1111)</action>
	</shortcut>
	<shortcut>
		<defaultID>livetv</defaultID>
		<label>[B] טלוויזיה [/B]</label>
		<label2>Custom item</label2>
		<icon>special://skin/extras/icons/livetv.png</icon>
		<thumb>special://home/Graphics/Vodtv/usachannels1.jpg</thumb>
		<action>ActivateWindow(1112)</action>
	</shortcut>
	<shortcut>
		<defaultID>31123</defaultID>
		<label>[B] ספורט [/B]</label>
		<label2>Hub 22</label2>
		<icon>special://skin/extras/icons/addon.png</icon>
		<thumb>special://home/Graphics/sport/imonim.jpg</thumb>
		<action>ActivateWindow(1122)</action>
	</shortcut>
	<shortcut>
		<defaultID />
		<label>[B] ילדים [/B]</label>
		<label2>Custom item</label2>
		<icon>DefaultShortcut.png</icon>
		<thumb>special://home/Graphics/Kids/kidsil1.jpg</thumb>
		<action>ActivateWindow(1110)</action>
	</shortcut>
	<shortcut>
		<defaultID>music</defaultID>
		<label>[B] מוזיקה [/B]</label>
		<label2>פריטים מותאמים אישית</label2>
		<icon>special://skin/extras/icons/songs.png</icon>
		<thumb>special://home/Graphics/Music/liveshow.jpg</thumb>
		<action>ActivateWindow(1114)</action>
	</shortcut>
	<shortcut>
		<defaultID />
		<label>[B] מועדפים  [/B]</label>
		<label2>Custom item</label2>
		<icon>DefaultShortcut.png</icon>
		<thumb>special://skin/extras/icons/tile/default.jpg</thumb>
		<action>ActivateWindow(Favourites)</action>
	</shortcut>
	<shortcut>
		<defaultID />
		<label>[B] תחזוקה [/B]</label>
		<label2>פריטים מותאמים אישית</label2>
		<icon>DefaultShortcut.png</icon>
		<thumb>special://skin/extras/icons/tile/steel.jpg</thumb>
		<action>ActivateWindow(1106)</action>
	</shortcut>
	<shortcut>
		<defaultID>power</defaultID>
		<label>[B] כיבוי [/B]</label>
		<label2>Common Shortcut</label2>
		<icon>special://skin/extras/icons/power.png</icon>
		<thumb>special://home/Graphics/setting/backup1.jpg</thumb>
		<action>ActivateWindow(shutdownmenu)</action>
		<disabled>True</disabled>
	</shortcut>
</shortcuts>
