<?xml version='1.0' encoding='UTF-8'?>
<shortcuts>
	<shortcut>
		<defaultID>script.hebivueguide</defaultID>
		<label>לוח שידורים</label>
		<label2>תוכנה</label2>
		<icon>special://skin/extras/icons/DefaultAddon.png</icon>
		<thumb>image://C%3a%5cUsers%5cHome%5cAppData%5cRoaming%5cKodi%5caddons%5cscript.hebivueguide%5cicon.png/</thumb>
		<action>RunAddOn(script.hebivueguide)</action>
	</shortcut>
	<shortcut>
		<defaultID>plugin.video.ember</defaultID>
		<label>ערוץ - כאן</label>
		<label2>הרחבת וידאו</label2>
		<icon>DefaultShortcut.png</icon>
		<thumb>special://skin/media/idan/kan.jpg</thumb>
		<action>PlayMedia("plugin://plugin.video.idanplus/?moredata=best&amp;name=%5BCOLOR+yellow%5D%5BB%5D%D7%9B%D7%90%D7%9F+11%5B%2FB%5D%5B%2FCOLOR%5D&amp;url=11&amp;iconimage=C%253A%255CUsers%255CHome%255CAppData%255CRoaming%255CKodi%255Caddons%255Cplugin.video.idanplus%255Cresources%255Cimages%255Ckan.jpg&amp;module=kan&amp;mode=10")</action>
	</shortcut>
	<shortcut>
		<defaultID>plugin.video.ember</defaultID>
		<label>ערוץ - 12</label>
		<label2>הרחבת וידאו</label2>
		<icon>DefaultShortcut.png</icon>
		<thumb>special://skin/media/idan/keshet.jpg</thumb>
		<action>PlayMedia("plugin://plugin.video.idanplus/?moredata=best&amp;name=+%5BCOLOR+burlywood%5D%5B10%3A45-11%3A45%5D%5B%2FCOLOR%5D+%5BCOLOR+orange%5D%5BB%5D%D7%9B%D7%9E%D7%A2%D7%98+%D7%A9%D7%91%D7%AA+%D7%A9%D7%9C%D7%95%D7%9D%5B%2FB%5D%5B%2FCOLOR%5D+-+%5BCOLOR+yellow%5D%5BB%5D%D7%A7%D7%A9%D7%AA+12%5B%2FB%5D%5B%2FCOLOR%5D+&amp;url=12&amp;iconimage=C%253A%255CUsers%255CHome%255CAppData%255CRoaming%255CKodi%255Caddons%255Cplugin.video.idanplus%255Cresources%255Cimages%255Ckeshet.jpg&amp;module=keshet&amp;mode=10")</action>
	</shortcut>
	<shortcut>
		<defaultID>plugin.video.ember</defaultID>
		<label>ערוץ - 13</label>
		<label2>הרחבת וידאו</label2>
		<icon>DefaultShortcut.png</icon>
		<thumb>special://skin/media/idan/13.png</thumb>
		<action>PlayMedia("plugin://plugin.video.idanplus/?moredata=best&amp;name=+%5BCOLOR+burlywood%5D%5B11%3A00-12%3A00%5D%5B%2FCOLOR%5D+%5BCOLOR+orange%5D%5BB%5D%D7%94%D7%99%D7%9B%D7%95%D7%9F+%D7%94%D7%9B%D7%9F+%D7%A9%D7%A3%21%5B%2FB%5D%5B%2FCOLOR%5D+-+%5BCOLOR+yellow%5D%5BB%5D%D7%A8%D7%A9%D7%AA+13%5B%2FB%5D%5B%2FCOLOR%5D+&amp;url=13&amp;iconimage=C%253A%255CUsers%255CHome%255CAppData%255CRoaming%255CKodi%255Caddons%255Cplugin.video.idanplus%255Cresources%255Cimages%255C13.png&amp;module=reshet&amp;mode=4")</action>
	</shortcut>
	<shortcut>
		<defaultID>colorburlywood-19-23-19-57-color-colororange-b-brqvd-b-color-coloryellow-b-rsht13-gybvy-b-color</defaultID>
		<label>ערוץ - 13 - גיבוי</label>
		<label2>מועדף</label2>
		<icon>special://skin/extras/icons/folder.png</icon>
		<thumb>C:\Users\Home\AppData\Roaming\Kodi\addons\plugin.video.idanplus\resources\images\13.png</thumb>
		<action>PlayMedia("plugin://plugin.video.idanplus/?moredata=best&amp;name=+%5BCOLOR+burlywood%5D%5B19%3A23-19%3A57%5D%5B%2FCOLOR%5D+%5BCOLOR+orange%5D%5BB%5D%D7%91%D7%A8%D7%A7%D7%95%D7%93%5B%2FB%5D%5B%2FCOLOR%5D+-+%5BCOLOR+yellow%5D%5BB%5D%D7%A8%D7%A9%D7%AA+13+-+%D7%92%D7%99%D7%91%D7%95%D7%99%5B%2FB%5D%5B%2FCOLOR%5D+&amp;url=13b&amp;iconimage=C%253A%255CUsers%255CHome%255CAppData%255CRoaming%255CKodi%255Caddons%255Cplugin.video.idanplus%255Cresources%255Cimages%255C13.png&amp;module=tv&amp;mode=10",return)</action>
	</shortcut>
	<shortcut>
		<defaultID>colorburlywood-22-40-23-40-color-colororange-b-gbrymbtyyts-nyrqpln-lqslvgr-b-color-coloryellow-b-spvrt5tr-b-color</defaultID>
		<label>ערוץ - ספורט 5</label>
		<label2>מועדף</label2>
		<icon>special://skin/extras/icons/folder.png</icon>
		<thumb>C:\Users\Home\AppData\Roaming\Kodi\addons\plugin.video.idanplus\resources\images\Sport5.png</thumb>
		<action>PlayMedia("plugin://plugin.video.idanplus/?moredata=best&amp;name=+%5BCOLOR+burlywood%5D%5B22%3A40-23%3A40%5D%5B%2FCOLOR%5D+%5BCOLOR+orange%5D%5BB%5D%D7%92%D7%91%D7%A8%D7%99%D7%9D+%D7%91%D7%98%D7%99%D7%99%D7%A5-%D7%A0%D7%99%D7%A8+%D7%A7%D7%A4%D7%9C%D7%9F-%D7%9C%D7%A7%D7%A1+%D7%9C%D7%95%D7%92%D7%A8%5B%2FB%5D%5B%2FCOLOR%5D+-+%5BCOLOR+yellow%5D%5BB%5D%D7%A1%D7%A4%D7%95%D7%A8%D7%98+5+%D7%90%D7%AA%D7%A8%5B%2FB%5D%5B%2FCOLOR%5D+&amp;url=5studio&amp;iconimage=C%253A%255CUsers%255CHome%255CAppData%255CRoaming%255CKodi%255Caddons%255Cplugin.video.idanplus%255Cresources%255Cimages%255CSport5.png&amp;module=sport5&amp;mode=10",return)</action>
	</shortcut>
	<shortcut>
		<defaultID>plugin.video.ember</defaultID>
		<label>ערוץ - מורשת 20</label>
		<label2>הרחבת וידאו</label2>
		<icon>DefaultShortcut.png</icon>
		<thumb>special://skin/media/idan/20.png</thumb>
		<action>PlayMedia("plugin://plugin.video.idanplus/?moredata=best&amp;name=+%5BCOLOR+burlywood%5D%5B10%3A35-11%3A17%5D%5B%2FCOLOR%5D+%5BCOLOR+orange%5D%5BB%5D%D7%9B%D7%9B%D7%94+%D7%90%D7%95%D7%A4%D7%99%D7%9D+%D7%90%D7%AA+%D7%96%D7%94%5B%2FB%5D%5B%2FCOLOR%5D+-+%5BCOLOR+yellow%5D%5BB%5D%D7%9E%D7%95%D7%A8%D7%A9%D7%AA+20%5B%2FB%5D%5B%2FCOLOR%5D+&amp;url=20&amp;iconimage=C%253A%255CUsers%255CHome%255CAppData%255CRoaming%255CKodi%255Caddons%255Cplugin.video.idanplus%255Cresources%255Cimages%255C20.png&amp;module=twenty&amp;mode=10")</action>
	</shortcut>
	<shortcut>
		<defaultID>plugin.video.ember</defaultID>
		<label>כאן חינוכית 23</label>
		<label2>הרחבת וידאו</label2>
		<icon>DefaultShortcut.png</icon>
		<thumb>special://skin/media/idan/23tv.jpg</thumb>
		<action>PlayMedia("plugin://plugin.video.idanplus/?moredata=best&amp;name=+%5BCOLOR+burlywood%5D%5B11%3A11-11%3A24%5D%5B%2FCOLOR%5D+%5BCOLOR+orange%5D%5BB%5D%D7%94%D7%A4%D7%9C%D7%A0%D7%98%D7%95%D7%A0%D7%99%D7%9D+-+8.+%D7%94%D7%A1%D7%A4%D7%99%D7%A0%D7%94+%D7%94%D7%90%D7%91%D7%95%D7%93%D7%94%28%D7%A9.%D7%97%29%5B%2FB%5D%5B%2FCOLOR%5D+-+%5BCOLOR+yellow%5D%5BB%5D%D7%9B%D7%90%D7%9F+%D7%97%D7%99%D7%A0%D7%95%D7%9B%D7%99%D7%AA+23%5B%2FB%5D%5B%2FCOLOR%5D+&amp;url=23&amp;iconimage=C%253A%255CUsers%255CHome%255CAppData%255CRoaming%255CKodi%255Caddons%255Cplugin.video.idanplus%255Cresources%255Cimages%255C23tv.jpg&amp;module=kan&amp;mode=10")</action>
	</shortcut>
	<shortcut>
		<defaultID>plugin.video.ember</defaultID>
		<label>מוזיקה 24</label>
		<label2>הרחבת וידאו</label2>
		<icon>DefaultShortcut.png</icon>
		<thumb>special://skin/media/idan/24.jpg</thumb>
		<action>PlayMedia("plugin://plugin.video.idanplus/?moredata=best&amp;name=+%5BCOLOR+burlywood%5D%5B11%3A00-15%3A00%5D%5B%2FCOLOR%5D+%5BCOLOR+orange%5D%5BB%5D%D7%A9%D7%99%D7%A9%D7%99+%D7%A9%D7%9E%D7%97+%D7%A2%D7%9D+%D7%99%D7%A8%D7%95%D7%9F+%D7%90%D7%99%D7%9C%D7%9F%5B%2FB%5D%5B%2FCOLOR%5D+-+%5BCOLOR+yellow%5D%5BB%5D%D7%9E%D7%95%D7%96%D7%99%D7%A7%D7%94+24%5B%2FB%5D%5B%2FCOLOR%5D+&amp;url=24&amp;iconimage=C%253A%255CUsers%255CHome%255CAppData%255CRoaming%255CKodi%255Caddons%255Cplugin.video.idanplus%255Cresources%255Cimages%255C24.jpg&amp;module=keshet&amp;mode=10")</action>
	</shortcut>
	<shortcut>
		<defaultID>plugin.video.ember</defaultID>
		<label>האח הגדול 26</label>
		<label2>הרחבת וידאו</label2>
		<icon>DefaultShortcut.png</icon>
		<thumb>special://skin/media/idan/bb.jpg</thumb>
		<action>PlayMedia("plugin://plugin.video.idanplus/?moredata=best&amp;name=%5BCOLOR+yellow%5D%5BB%5D%D7%94%D7%90%D7%97+%D7%94%D7%92%D7%93%D7%95%D7%9C+26%5B%2FB%5D%5B%2FCOLOR%5D&amp;url=bb&amp;iconimage=C%253A%255CUsers%255CHome%255CAppData%255CRoaming%255CKodi%255Caddons%255Cplugin.video.idanplus%255Cresources%255Cimages%255Cbb.jpg&amp;module=reshet&amp;mode=4")</action>
	</shortcut>
	<shortcut>
		<defaultID>plugin.video.ember</defaultID>
		<label>מכאן 33</label>
		<label2>הרחבת וידאו</label2>
		<icon>DefaultShortcut.png</icon>
		<thumb>special://skin/media/idan/makan.png</thumb>
		<action>PlayMedia("plugin://plugin.video.idanplus/?moredata=best&amp;name=+%5BCOLOR+burlywood%5D%5B11%3A00-11%3A50%5D%5B%2FCOLOR%5D+%5BCOLOR+orange%5D%5BB%5D%D7%A1%D7%9C%D7%9E%D7%94+-+%D7%A4%D7%A8%D7%A7+11%5B%2FB%5D%5B%2FCOLOR%5D+-+%5BCOLOR+yellow%5D%5BB%5D%D7%9E%D7%9B%D7%90%D7%9F+33%5B%2FB%5D%5B%2FCOLOR%5D+&amp;url=33&amp;iconimage=C%253A%255CUsers%255CHome%255CAppData%255CRoaming%255CKodi%255Caddons%255Cplugin.video.idanplus%255Cresources%255Cimages%255Cmakan.png&amp;module=kan&amp;mode=10")</action>
	</shortcut>
	<shortcut>
		<defaultID />
		<label>קשת- המיטב</label>
		<label2>פריטים מותאמים אישית</label2>
		<icon>DefaultShortcut.png</icon>
		<thumb>special://skin/extras/icons/122.png</thumb>
		<action>PlayMedia("plugin://plugin.video.idanplus/?moredata=best&amp;name=%5BCOLOR+yellow%5D%5BB%5D%D7%A7%D7%A9%D7%AA+%D7%94%D7%9E%D7%99%D7%98%D7%91%5B%2FB%5D%5B%2FCOLOR%5D&amp;url=keshetBest&amp;iconimage=C%253A%255CUsers%255CSimon%255CAppData%255CRoaming%255CKodi%255Caddons%255Cplugin.video.idanplus%255Cresources%255Cimages%255Ckeshet_best.jpg&amp;module=keshet&amp;mode=10",return)</action>
	</shortcut>
	<shortcut>
		<defaultID>plugin.video.ember</defaultID>
		<label>הידברות 97</label>
		<label2>הרחבת וידאו</label2>
		<icon>DefaultShortcut.png</icon>
		<thumb>special://skin/media/idan/hidabroot.jpg</thumb>
		<action>PlayMedia("plugin://plugin.video.idanplus/?moredata=best&amp;name=+%5BCOLOR+burlywood%5D%5B11%3A10-12%3A20%5D%5B%2FCOLOR%5D+%5BCOLOR+orange%5D%5BB%5D%D7%94%D7%A8%D7%91+%D7%94%D7%A8%D7%A6%D7%9C+%D7%97%D7%95%D7%93%D7%A8%5B%2FB%5D%5B%2FCOLOR%5D+-+%5BCOLOR+yellow%5D%5BB%5D%D7%94%D7%99%D7%93%D7%91%D7%A8%D7%95%D7%AA+97%5B%2FB%5D%5B%2FCOLOR%5D+&amp;url=97&amp;iconimage=C%253A%255CUsers%255CHome%255CAppData%255CRoaming%255CKodi%255Caddons%255Cplugin.video.idanplus%255Cresources%255Cimages%255Chidabroot.jpg&amp;module=hidabroot&amp;mode=10")</action>
	</shortcut>
	<shortcut>
		<defaultID>plugin.video.ember</defaultID>
		<label>קבלה 66</label>
		<label2>הרחבת וידאו</label2>
		<icon>DefaultShortcut.png</icon>
		<thumb>special://skin/media/idan/kabbalah.jpg</thumb>
		<action>PlayMedia("plugin://plugin.video.idanplus/?moredata=best&amp;name=+%5BCOLOR+burlywood%5D%5B11%3A00-12%3A00%5D%5B%2FCOLOR%5D+%5BCOLOR+orange%5D%5BB%5D%D7%97%D7%99%D7%99%D7%9D+%D7%97%D7%93%D7%A9%D7%99%D7%9D%5B%2FB%5D%5B%2FCOLOR%5D+-+%5BCOLOR+yellow%5D%5BB%5D%D7%A7%D7%91%D7%9C%D7%94+66%5B%2FB%5D%5B%2FCOLOR%5D+&amp;url=66&amp;iconimage=C%253A%255CUsers%255CHome%255CAppData%255CRoaming%255CKodi%255Caddons%255Cplugin.video.idanplus%255Cresources%255Cimages%255Ckabbalah.jpg&amp;module=kabbalah&amp;mode=10")</action>
	</shortcut>
	<shortcut>
		<defaultID>plugin.video.ember</defaultID>
		<label>כנסת 99</label>
		<label2>הרחבת וידאו</label2>
		<icon>DefaultShortcut.png</icon>
		<thumb>special://skin/media/idan/knesset.png</thumb>
		<action>PlayMedia("plugin://plugin.video.idanplus/?moredata=best&amp;name=+%5BCOLOR+burlywood%5D%5B11%3A00-11%3A30%5D%5B%2FCOLOR%5D+%5BCOLOR+orange%5D%5BB%5D%D7%97%D7%99%D7%99%D7%93%D7%A7+%D7%A4%D7%95%D7%9C%D7%99%D7%98%D7%99%5B%2FB%5D%5B%2FCOLOR%5D+-+%5BCOLOR+yellow%5D%5BB%5D%D7%9B%D7%A0%D7%A1%D7%AA+99%5B%2FB%5D%5B%2FCOLOR%5D+&amp;url=99&amp;iconimage=C%253A%255CUsers%255CHome%255CAppData%255CRoaming%255CKodi%255Caddons%255Cplugin.video.idanplus%255Cresources%255Cimages%255Cknesset.png&amp;module=knesset&amp;mode=10")</action>
	</shortcut>
	<shortcut>
		<defaultID>plugin.video.ember</defaultID>
		<label>ערוץ - הקניות</label>
		<label2>הרחבת וידאו</label2>
		<icon>DefaultShortcut.png</icon>
		<thumb>special://skin/media/idan/21tv.jpg</thumb>
		<action>PlayMedia("plugin://plugin.video.idanplus/?moredata=best&amp;name=+%5BCOLOR+burlywood%5D%5B11%3A00-11%3A30%5D%5B%2FCOLOR%5D+%5BCOLOR+orange%5D%5BB%5D%D7%94%D7%9E%D7%95%D7%91%D7%97%D7%A8%D7%99%D7%9D%5B%2FB%5D%5B%2FCOLOR%5D+-+%5BCOLOR+yellow%5D%5BB%5D%D7%A2%D7%A8%D7%95%D7%A5+%D7%94%D7%A7%D7%A0%D7%99%D7%95%D7%AA+21%5B%2FB%5D%5B%2FCOLOR%5D+&amp;url=21&amp;iconimage=C%253A%255CUsers%255CHome%255CAppData%255CRoaming%255CKodi%255Caddons%255Cplugin.video.idanplus%255Cresources%255Cimages%255C21tv.jpg&amp;module=21tv&amp;mode=10")</action>
	</shortcut>
	<shortcut>
		<defaultID />
		<label>ערוצים מהעולם</label>
		<label2>פריטים מותאמים אישית</label2>
		<icon>DefaultShortcut.png</icon>
		<thumb>special://skin/extras/icons/antenna.png</thumb>
		<action>ActivateWindow(Videos,"plugin://plugin.video.allmoviesin/?url=www&amp;mode=143&amp;name=[COLOR orange][I]ערוצים מהעולם[/I][/COLOR]&amp;iconimage=https%3A%2F%2Fupload.wikimedia.org%2Fwikipedia%2Fen%2F7%2F76%2FChannels_TV.jpg&amp;fanart=http%3A%2F%2Fsmart-living-technology.com%2Fwp-content%2Fuploads%2F2018%2F07%2FHD-Antenna-Channels-modal_03.jpg&amp;description=Live&amp;heb_name= &amp;dates= &amp;data= &amp;original_title= &amp;id= &amp;season= &amp;episode= &amp;tmdbid= &amp;eng_name= &amp;show_original_year= &amp;isr=0&amp;fav_status=false",return)</action>
	</shortcut>
	<shortcut>
		<defaultID>31093</defaultID>
		<label>ערוצים - חדשות</label>
		<label2>פריטים מותאמים אישית</label2>
		<icon>special://skin/extras/icons/film.png</icon>
		<thumb>special://skin/extras/tv/Sky-News.png</thumb>
		<action>ActivateWindow(1121)</action>
	</shortcut>
	<shortcut>
		<defaultID>31093</defaultID>
		<label>ערוצים - סרטים</label>
		<label2>פריטים מותאמים אישית</label2>
		<icon>special://skin/extras/icons/film.png</icon>
		<thumb>special://skin/extras/tv/MGM-HD-Channel-300x200.jpg</thumb>
		<action>ActivateWindow(1116)</action>
	</shortcut>
	<shortcut>
		<defaultID>31093</defaultID>
		<label>ערוצים - סדרות</label>
		<label2>פריטים מותאמים אישית</label2>
		<icon>special://skin/extras/icons/film.png</icon>
		<thumb>special://skin/extras/tv/images (1).png</thumb>
		<action>ActivateWindow(1117)</action>
	</shortcut>
	<shortcut>
		<defaultID>31093</defaultID>
		<label>ערוצים - ספורט</label>
		<label2>פריטים מותאמים אישית</label2>
		<icon>special://skin/extras/icons/film.png</icon>
		<thumb>special://skin/extras/tv/soccer.png</thumb>
		<action>ActivateWindow(1107)</action>
	</shortcut>
	<shortcut>
		<defaultID>31093</defaultID>
		<label>ערוצים - דקומנטרים</label>
		<label2>פריטים מותאמים אישית</label2>
		<icon>special://skin/extras/icons/film.png</icon>
		<thumb>special://skin/extras/tv/DocuBox_HD.jpg</thumb>
		<action>ActivateWindow(1109)</action>
	</shortcut>
	<shortcut>
		<defaultID>31093</defaultID>
		<label>ערוצים - ילדים</label>
		<label2>פריטים מותאמים אישית</label2>
		<icon>special://skin/extras/icons/film.png</icon>
		<thumb>special://skin/extras/tv/ultimate_cartoon_network_25th_anniverary_by_orangesyum88-dbpkl5m.png</thumb>
		<action>ActivateWindow(1115)</action>
	</shortcut>
	<shortcut>
		<defaultID>31093</defaultID>
		<label>ערוצים - מוסיקה</label>
		<label2>פריטים מותאמים אישית</label2>
		<icon>special://skin/extras/icons/film.png</icon>
		<thumb>special://skin/extras/tv/mtv-dance1.jpg</thumb>
		<action>ActivateWindow(1104)</action>
	</shortcut>
	<shortcut>
		<defaultID>31123</defaultID>
		<label>ערוצים - שפות זרות</label>
		<label2>Hub 18</label2>
		<icon>special://skin/extras/icons/addon.png</icon>
		<thumb>special://home/Graphics/Vodtv/usachannels1.jpg</thumb>
		<action>ActivateWindow(1120)</action>
	</shortcut>
</shortcuts>
