<?xml version='1.0' encoding='UTF-8'?>
<shortcuts>
	<shortcut>
		<defaultID />
		<label>mtv-LIVE</label>
		<label2>פריטים מותאמים אישית</label2>
		<icon>DefaultShortcut.png</icon>
		<thumb>special://skin/extras/tv/001.jpg</thumb>
		<action>PlayMedia("plugin://plugin.video.playlistLoader.a/?logos=&amp;move=0&amp;mode=3&amp;index=-1&amp;url=http%3A%2F%2F127.0.0.1%3A6878%2Face%2Fgetstream%3Furl%3Dhttp%253A%252F%252F91.92.66.82%252Ftrash%252Fttv-list%252Facelive%252Fttv_cid_8ea984.acelive%26amp%3B.mp4&amp;iconimage=&amp;cache=0&amp;name=MTV+Live+HD",return)</action>
	</shortcut>
	<shortcut>
		<defaultID />
		<label>MTV- רוק</label>
		<label2>פריטים מותאמים אישית</label2>
		<icon>DefaultShortcut.png</icon>
		<thumb>special://skin/extras/tv/001.jpg</thumb>
		<action>PlayMedia("plugin://plugin.video.playlistLoader.a/?logos=&amp;move=0&amp;mode=3&amp;index=-1&amp;url=http%3A%2F%2Fpersik.by%2Fstream%2F6431%2F299492%2F10227.m3u8&amp;iconimage=&amp;cache=0&amp;name=MTV+Rocks-1+",return)</action>
	</shortcut>
	<shortcut>
		<defaultID>mtvdance</defaultID>
		<label>MTV Dance</label>
		<label2>מועדף</label2>
		<icon>special://skin/extras/tv/DefaultFolder.png</icon>
		<thumb>special://skin/extras/tv/mtv-dance1.jpg</thumb>
		<action>PlayMedia("plugin://plugin.video.allmoviesin/?url=aceplay&amp;mode=5&amp;name=MTV Dance&amp;data=&amp;iconimage=https%3A%2F%2Flh3.googleusercontent.com%2F0m0JeYjdEbLUVYCn_4vQjgaybPzyZB9z1fazy07JFkKyF6dK1gboo7_N9cz0GADxJw4%3Ds180&amp;fanart=https%3A%2F%2Fi.pinimg.com%2Foriginals%2F6b%2F18%2F31%2F6b1831503dc0e0470b2bf1e1b5df978f.jpg&amp;description=MTV Dance&amp;original_title= &amp;id= &amp;season= &amp;episode= &amp;saved_name= &amp;prev_name= &amp;eng_name= &amp;heb_name= &amp;show_original_year= ",return)</action>
	</shortcut>
	<shortcut>
		<defaultID />
		<label>ONE</label>
		<label2>פריטים מותאמים אישית</label2>
		<icon>DefaultShortcut.png</icon>
		<thumb>special://skin/extras/tv/001.jpg</thumb>
		<action>PlayMedia("plugin://plugin.video.playlistLoader.a/?logos=&amp;move=0&amp;mode=3&amp;index=-1&amp;url=http%3A%2F%2F127.0.0.1%3A6878%2Face%2Fgetstream%3Furl%3Dhttp%253A%252F%252F91.92.66.82%252Ftrash%252Fttv-list%252Facelive%252Fas_cid_eceab5.acelive%26amp%3B.mp4&amp;iconimage=&amp;cache=0&amp;name=+ONE+HD+",return)</action>
	</shortcut>
	<shortcut>
		<defaultID />
		<label>1HD</label>
		<label2>פריטים מותאמים אישית</label2>
		<icon>DefaultShortcut.png</icon>
		<thumb>special://skin/extras/tv/001.jpg</thumb>
		<action>PlayMedia("plugin://plugin.video.playlistLoader.a/?logos=&amp;move=0&amp;mode=3&amp;index=-1&amp;url=http%3A%2F%2F127.0.0.1%3A6878%2Face%2Fgetstream%3Furl%3Dhttp%253A%252F%252F91.92.66.82%252Ftrash%252Fttv-list%252Facelive%252Fttv_cid_a95a5d.acelive%26amp%3B.mp4&amp;iconimage=&amp;cache=0&amp;name=1+HD+",return)</action>
	</shortcut>
	<shortcut>
		<defaultID>s-2-portalfoxmixhd</defaultID>
		<label>PortalFoxMix HD</label>
		<label2>מועדף</label2>
		<icon>special://skin/extras/icons/DefaultFolder.png</icon>
		<thumb>special://skin/extras/tv/unnamed.jpg</thumb>
		<action>PlayMedia("plugin://plugin.video.allmoviesin/?url=http%3A%2F%2F127.0.0.1%3A6878%2Face%2Fgetstream%3Fid%3D8ef6389cbc8792268fd0c00d61012d4a55203c87&amp;mode=5&amp;name=[S-2] PortalFoxMix HD&amp;data=&amp;iconimage=https%3A%2F%2Flh3.googleusercontent.com%2F0m0JeYjdEbLUVYCn_4vQjgaybPzyZB9z1fazy07JFkKyF6dK1gboo7_N9cz0GADxJw4%3Ds180&amp;fanart=https%3A%2F%2Fi.pinimg.com%2Foriginals%2F6b%2F18%2F31%2F6b1831503dc0e0470b2bf1e1b5df978f.jpg&amp;description=PortalFoxMix HD&amp;original_title= &amp;id= &amp;season= &amp;episode= &amp;saved_name= &amp;prev_name= &amp;eng_name= &amp;heb_name= &amp;show_original_year= ",return)</action>
	</shortcut>
	<shortcut>
		<defaultID />
		<label>קורונה- היט</label>
		<label2>פריטים מותאמים אישית</label2>
		<icon>DefaultShortcut.png</icon>
		<thumb>special://skin/extras/tv/001.jpg</thumb>
		<action>PlayMedia("plugin://plugin.video.playlistLoader.a/?logos=&amp;move=0&amp;mode=3&amp;index=-1&amp;url=http%3A%2F%2F127.0.0.1%3A6878%2Face%2Fgetstream%3Furl%3Dhttp%253A%252F%252F91.92.66.82%252Ftrash%252Fttv-list%252Facelive%252Fas_cid_74aae3.acelive%26amp%3B.mp4&amp;iconimage=&amp;cache=0&amp;name=KroneHIT+TV+HD+%28music%29",return)</action>
	</shortcut>
	<shortcut>
		<defaultID />
		<label>NR1</label>
		<label2>פריטים מותאמים אישית</label2>
		<icon>DefaultShortcut.png</icon>
		<thumb>special://skin/extras/tv/001.jpg</thumb>
		<action>PlayMedia("plugin://plugin.video.playlistLoader.a/?logos=&amp;move=0&amp;mode=3&amp;index=-1&amp;url=http%3A%2F%2Fnr1hls.radyotvonline.com%2Fnr14k%2Fnr14k_hd%2Fplaylist.m3u8&amp;iconimage=&amp;cache=0&amp;name=NR1+4K+%D7%9C%D7%93%D7%A2%D7%AA%D7%99+%D7%91720",return)</action>
	</shortcut>
	<shortcut>
		<defaultID />
		<label>קלב- בינג</label>
		<label2>פריטים מותאמים אישית</label2>
		<icon>DefaultShortcut.png</icon>
		<thumb>special://skin/extras/tv/001.jpg</thumb>
		<action>PlayMedia("plugin://plugin.video.playlistLoader.a/?logos=&amp;move=0&amp;mode=3&amp;index=-1&amp;url=http%3A%2F%2F127.0.0.1%3A6878%2Face%2Fgetstream%3Fid%3D20b171e794221809c44e10b9fdf83c33d0edb801%26amp%3B.mp4&amp;iconimage=&amp;cache=0&amp;name=Clubbing+TV+HD",return)</action>
	</shortcut>
	<shortcut>
		<defaultID />
		<label>הופעות- חיות</label>
		<label2>פריטים מותאמים אישית</label2>
		<icon>DefaultShortcut.png</icon>
		<thumb>special://skin/extras/tv/001.jpg</thumb>
		<action>PlayMedia("plugin://plugin.video.playlistLoader.a/?logos=&amp;move=0&amp;mode=3&amp;index=-1&amp;url=http%3A%2F%2F127.0.0.1%3A6878%2Face%2Fgetstream%3Furl%3Dhttp%253A%252F%252F91.92.66.82%252Ftrash%252Fttv-list%252Facelive%252Fttv_cid_c87076.acelive%26amp%3B.mp4&amp;iconimage=&amp;cache=0&amp;name=Stingray+iConcerts+Europe+HD+",return)</action>
	</shortcut>
	<shortcut>
		<defaultID />
		<label>תיבת- הטון</label>
		<label2>פריטים מותאמים אישית</label2>
		<icon>DefaultShortcut.png</icon>
		<thumb>special://skin/extras/tv/001.jpg</thumb>
		<action>PlayMedia("plugin://plugin.video.playlistLoader.a/?logos=&amp;move=0&amp;mode=3&amp;index=-1&amp;url=http%3A%2F%2F127.0.0.1%3A6878%2Face%2Fgetstream%3Furl%3Dhttp%253A%252F%252F91.92.66.82%252Ftrash%252Fttv-list%252Facelive%252Fas_cid_e3c3d1.acelive%26amp%3B.mp4&amp;iconimage=&amp;cache=0&amp;name=360+Tune+Box+HD+%28music%29",return)</action>
	</shortcut>
	<shortcut>
		<defaultID />
		<label>אורבני</label>
		<label2>פריטים מותאמים אישית</label2>
		<icon>DefaultShortcut.png</icon>
		<thumb>special://skin/extras/tv/001.jpg</thumb>
		<action>PlayMedia("plugin://plugin.video.playlistLoader.a/?logos=&amp;move=0&amp;mode=3&amp;index=-1&amp;url=http%3A%2F%2F127.0.0.1%3A6878%2Face%2Fgetstream%3Furl%3Dhttp%253A%252F%252F91.92.66.82%252Ftrash%252Fttv-list%252Facelive%252Fas_cid_30b096.acelive%26amp%3B.mp4&amp;iconimage=&amp;cache=0&amp;name=Trace+Urban+HD+%28music%29",return)</action>
	</shortcut>
	<shortcut>
		<defaultID />
		<label>BEATEZ</label>
		<label2>פריטים מותאמים אישית</label2>
		<icon>DefaultShortcut.png</icon>
		<thumb>special://skin/extras/tv/001.jpg</thumb>
		<action>PlayMedia("plugin://plugin.video.playlistLoader.a/?logos=&amp;move=0&amp;mode=3&amp;index=-1&amp;url=http%3A%2F%2Fbeats.vedge.infomaniak.com%2Flivecast%2Fbeats_1%2Fplaylist.m3u8&amp;iconimage=&amp;cache=0&amp;name=Beatz+HD",return)</action>
	</shortcut>
	<shortcut>
		<defaultID />
		<label>ADM</label>
		<label2>פריטים מותאמים אישית</label2>
		<icon>DefaultShortcut.png</icon>
		<thumb>special://skin/extras/tv/001.jpg</thumb>
		<action>PlayMedia("plugin://plugin.video.chanandmusic/?url=https%3A%2F%2Fwww.youtube.com%2Fwatch%3Fv%3DmHlaRJvNjsA&amp;mode=3&amp;name=1080%5BCOLOR++aqua%5DEDM+2018+Live+Radio+%5B%2FCOLOR%5D&amp;description= &amp;data=%7B%22title%22%3A%22EDM+2018%22%2C%22Season%22%3A+%22+%22%2C%22Episode%22%3A+%22+%22%2C%22originaltitle%22%3A+%22EDM+2018%22%2C%22year%22%3A+%22+%22%2C%22dateadded%22%3A+%222018-07-13+01%3A37%3A24%22%2C%22plot%22%3A+%22+%22%2C%22heb+title%22%3A+%22EDM+2018%22%2C%22mediatype%22%3A+%22+%22%2C%22genre%22%3A+%22+%22%2C%22rating%22%3A+%220%22%2C%22director%22%3A+%22+%22%2C%22studios%22%3A+%22+%22%2C%22writer%22%3A+%22+%22%2C%22code%22%3A+%22+%22%2C%22imdbnumber%22%3A+%22+%22%2C%22imdb%22%3A+%22+%22%2C%22tmdb%22%3A+%22+%22%2C%22votes%22%3A+%22+%22%2C%22trailer%22%3A+%22+%22%2C%22poster%22%3A+%22https%3A%2F%2Fimages.wallpaperscraft.com%2Fimage%2Fpink_floyd_bird_graphics_spray_colors_3725_1920x1080.jpg%22%2C%22icon%22%3A+%22https%3A%2F%2Fimages.wallpaperscraft.com%2Fimage%2Fpink_floyd_bird_graphics_spray_colors_3725_1920x1080.jpg%22%7D&amp;index_depth=0&amp;lang=heb",return)</action>
	</shortcut>
	<shortcut>
		<defaultID />
		<label>ריטס</label>
		<label2>פריטים מותאמים אישית</label2>
		<icon>DefaultShortcut.png</icon>
		<thumb>special://skin/extras/tv/001.jpg</thumb>
		<action>PlayMedia("plugin://plugin.video.chanandmusic/?url=http%3A%2F%2Fhls.goodgame.ru%2Fhls%2F122431.m3u8&amp;mode=3&amp;name=1080%5BCOLOR++aqua%5DRitsa+TV+++%5B%2FCOLOR%5D&amp;description= &amp;data=%7B%22title%22%3A%22RITTSA+TV%22%2C%22Season%22%3A+%22+%22%2C%22Episode%22%3A+%22+%22%2C%22originaltitle%22%3A+%22RITTSA+TV%22%2C%22year%22%3A+%22+%22%2C%22dateadded%22%3A+%222018-07-13+02%3A52%3A50%22%2C%22plot%22%3A+%22+%22%2C%22heb+title%22%3A+%22RITTSA+TV%22%2C%22mediatype%22%3A+%22+%22%2C%22genre%22%3A+%22+%22%2C%22rating%22%3A+%220%22%2C%22director%22%3A+%22+%22%2C%22studios%22%3A+%22+%22%2C%22writer%22%3A+%22+%22%2C%22code%22%3A+%22+%22%2C%22imdbnumber%22%3A+%22+%22%2C%22imdb%22%3A+%22+%22%2C%22tmdb%22%3A+%22+%22%2C%22votes%22%3A+%22+%22%2C%22trailer%22%3A+%22+%22%2C%22poster%22%3A+%22https%3A%2F%2Fimages.faysbook.gr%2F2018%2F02%2Frita-hayworth.jpg%22%2C%22icon%22%3A+%22https%3A%2F%2Fimages.faysbook.gr%2F2018%2F02%2Frita-hayworth.jpg%22%7D&amp;index_depth=0&amp;lang=heb",return)</action>
	</shortcut>
	<shortcut>
		<defaultID />
		<label>קלב- טולס</label>
		<label2>פריטים מותאמים אישית</label2>
		<icon>DefaultShortcut.png</icon>
		<thumb>special://skin/extras/tv/001.jpg</thumb>
		<action>PlayMedia("plugin://plugin.video.chanandmusic/?url=https%3A%2F%2Fwww.youtube.com%2Fwatch%3Fv%3Dc2TNz4TPoh4&amp;mode=3&amp;name=1080%5BCOLOR+aqua%5DCLUB+TOOLS++%5B%2FCOLOR%5D&amp;description= &amp;data=%7B%22title%22%3A%22CLUB+TOOLS%22%2C%22Season%22%3A+%22+%22%2C%22Episode%22%3A+%22+%22%2C%22originaltitle%22%3A+%22CLUB+TOOLS%22%2C%22year%22%3A+%22+%22%2C%22dateadded%22%3A+%222018-07-13+01%3A54%3A54%22%2C%22plot%22%3A+%22+%22%2C%22heb+title%22%3A+%22CLUB+TOOLS%22%2C%22mediatype%22%3A+%22+%22%2C%22genre%22%3A+%22+%22%2C%22rating%22%3A+%220%22%2C%22director%22%3A+%22+%22%2C%22studios%22%3A+%22+%22%2C%22writer%22%3A+%22+%22%2C%22code%22%3A+%22+%22%2C%22imdbnumber%22%3A+%22+%22%2C%22imdb%22%3A+%22+%22%2C%22tmdb%22%3A+%22+%22%2C%22votes%22%3A+%22+%22%2C%22trailer%22%3A+%22+%22%2C%22poster%22%3A+%22https%3A%2F%2Fimages.wallpaperscraft.com%2Fimage%2Fpink_floyd_bird_graphics_spray_colors_3725_1920x1080.jpg%22%2C%22icon%22%3A+%22https%3A%2F%2Fimages.wallpaperscraft.com%2Fimage%2Fpink_floyd_bird_graphics_spray_colors_3725_1920x1080.jpg%22%7D&amp;index_depth=0&amp;lang=heb",return)</action>
	</shortcut>
	<shortcut>
		<defaultID />
		<label>NRG-91</label>
		<label2>פריטים מותאמים אישית</label2>
		<icon>DefaultShortcut.png</icon>
		<thumb>special://skin/extras/tv/001.jpg</thumb>
		<action>PlayMedia("plugin://plugin.video.playlistLoader.a/?logos=&amp;move=0&amp;mode=3&amp;index=-1&amp;url=http%3A%2F%2Ftv.nrg91.gr%3A1935%2Fonweb%2Flive%2Fplaylist.m3u8&amp;iconimage=&amp;cache=0&amp;name=NRG+91+TV",return)</action>
	</shortcut>
	<shortcut>
		<defaultID />
		<label>NRJ</label>
		<label2>פריטים מותאמים אישית</label2>
		<icon>DefaultShortcut.png</icon>
		<thumb>special://skin/extras/tv/001.jpg</thumb>
		<action>PlayMedia("plugin://plugin.video.playlistLoader.a/?logos=&amp;move=0&amp;mode=3&amp;index=-1&amp;url=http%3A%2F%2F127.0.0.1%3A6878%2Face%2Fgetstream%3Furl%3Dhttp%253A%252F%252F91.92.66.82%252Ftrash%252Fttv-list%252Facelive%252Fttv_cid_660718.acelive%26amp%3B.mp4&amp;iconimage=&amp;cache=0&amp;name=NRJ+Hits+TV+",return)</action>
	</shortcut>
	<shortcut>
		<defaultID />
		<label>טרופיקל</label>
		<label2>פריטים מותאמים אישית</label2>
		<icon>DefaultShortcut.png</icon>
		<thumb>special://skin/extras/tv/001.jpg</thumb>
		<action>PlayMedia("plugin://plugin.video.playlistLoader.a/?logos=&amp;move=0&amp;mode=3&amp;index=-1&amp;url=https%3A%2F%2Fd2ktlibtvvj8vp.cloudfront.net%2Ftrace_tropical%2F6%2Fprog_index.m3u8&amp;iconimage=&amp;cache=0&amp;name=Trace+Tropical",return)</action>
	</shortcut>
	<shortcut>
		<defaultID />
		<label>קפיטל</label>
		<label2>פריטים מותאמים אישית</label2>
		<icon>DefaultShortcut.png</icon>
		<thumb>special://skin/extras/tv/001.jpg</thumb>
		<action>PlayMedia("plugin://plugin.video.playlistLoader.a/?logos=&amp;move=0&amp;mode=3&amp;index=-1&amp;url=http%3A%2F%2Fooyalahd2-f.akamaihd.net%2Fi%2Fglobalradio01_delivery%40156521%2Fmaster.m3u8&amp;iconimage=&amp;cache=0&amp;name=+Capital+HD",return)</action>
	</shortcut>
	<shortcut>
		<defaultID />
		<label>קומפני</label>
		<label2>פריטים מותאמים אישית</label2>
		<icon>DefaultShortcut.png</icon>
		<thumb>special://skin/extras/tv/001.jpg</thumb>
		<action>PlayMedia("plugin://plugin.video.playlistLoader.a/?logos=&amp;move=0&amp;mode=3&amp;index=-1&amp;url=rtmp%3A%2F%2Fwma10.fluidstream.net%2FCompanyTV%2F_definst_%2Fmp4%3Alivestream_720p&amp;iconimage=&amp;cache=0&amp;name=Company+Tv",return)</action>
	</shortcut>
	<shortcut>
		<defaultID />
		<label>לב</label>
		<label2>פריטים מותאמים אישית</label2>
		<icon>DefaultShortcut.png</icon>
		<thumb>special://skin/extras/tv/001.jpg</thumb>
		<action>PlayMedia("plugin://plugin.video.playlistLoader.a/?logos=&amp;move=0&amp;mode=3&amp;index=-1&amp;url=http%3A%2F%2Fooyalahd2-f.akamaihd.net%2Fi%2Fglobalradio02_delivery%40156522%2Fmaster.m3u8&amp;iconimage=&amp;cache=0&amp;name=Heart+Tv",return)</action>
	</shortcut>
	<shortcut>
		<defaultID />
		<label>CMC-קנטרי</label>
		<label2>פריטים מותאמים אישית</label2>
		<icon>DefaultShortcut.png</icon>
		<thumb>special://skin/extras/tv/001.jpg</thumb>
		<action>PlayMedia("plugin://plugin.video.playlistLoader.a/?logos=&amp;move=0&amp;mode=3&amp;index=-1&amp;url=http%3A%2F%2Fcmctv.ios.internapcdn.net%2Fcmctv_vitalstream_com%2Flive_1%2FCMCUSA%2FCCURstream0.m3u8&amp;iconimage=&amp;cache=0&amp;name=CMC+TV",return)</action>
	</shortcut>
	<shortcut>
		<defaultID />
		<label>קליפרניה-מיוזיק</label>
		<label2>פריטים מותאמים אישית</label2>
		<icon>DefaultShortcut.png</icon>
		<thumb>special://skin/extras/tv/001.jpg</thumb>
		<action>PlayMedia("plugin://plugin.video.playlistLoader.a/?logos=&amp;move=0&amp;mode=3&amp;index=-1&amp;url=https%3A%2F%2Fcmctv.ios.internapcdn.net%2Fcmctv_vitalstream_com%2Flive_1%2FCMC-TV%2FCMC-TV.m3u8&amp;iconimage=&amp;cache=0&amp;name=California+Music+Channel",return)</action>
	</shortcut>
	<shortcut>
		<defaultID />
		<label>M-MUSIC</label>
		<label2>פריטים מותאמים אישית</label2>
		<icon>DefaultShortcut.png</icon>
		<thumb>special://skin/extras/tv/001.jpg</thumb>
		<action>PlayMedia("plugin://plugin.video.playlistLoader.a/?logos=&amp;move=0&amp;mode=3&amp;index=-1&amp;url=rtmp%3A%2F%2Findimusic.tulix.tv%3A1935%2Flivemulti%2FStream1.stream+swfUrl%3Dhttp%3A%2F%2Fswf.tulix.tv%2Fjwplayer%2Fjwplayer.flash.swf+pageUrl%3Dhttp%3A%2F%2Fwww.tulix.com%2Fiframe%2Findimusictv%2Findex-multi2.php&amp;iconimage=https%3A%2F%2Fbit.ly%2F2pBXrYA&amp;cache=0&amp;name=Indimusic+Tv",return)</action>
	</shortcut>
	<shortcut>
		<defaultID />
		<label>רוק-TV</label>
		<label2>פריטים מותאמים אישית</label2>
		<icon>DefaultShortcut.png</icon>
		<thumb>special://skin/extras/tv/001.jpg</thumb>
		<action>PlayMedia("plugin://plugin.video.playlistLoader.a/?logos=&amp;move=0&amp;mode=3&amp;index=-1&amp;url=http%3A%2F%2F46.20.136.59%2Flive3%2F_definst_%2Frocktv%2Fplaylist.m3u8&amp;iconimage=&amp;cache=0&amp;name=Rock+TV",return)</action>
	</shortcut>
	<shortcut>
		<defaultID />
		<label>מטאל-TV</label>
		<label2>פריטים מותאמים אישית</label2>
		<icon>DefaultShortcut.png</icon>
		<thumb>special://skin/extras/tv/001.jpg</thumb>
		<action>PlayMedia("plugin://plugin.video.playlistLoader.a/?logos=&amp;move=0&amp;mode=3&amp;index=-1&amp;url=http%3A%2F%2Fautopilot.myowntv.org%2Fcontent%2F33816%2Findex.m3u8&amp;iconimage=&amp;cache=0&amp;name=Metal+TV++%D7%9E%D7%AA%D7%97%D7%9C%D7%A3+720+480",return)</action>
	</shortcut>
	<shortcut>
		<defaultID />
		<label>U TV</label>
		<label2>פריטים מותאמים אישית</label2>
		<icon>DefaultShortcut.png</icon>
		<thumb>special://skin/extras/tv/001.jpg</thumb>
		<action>PlayMedia("plugin://plugin.video.playlistLoader.a/?logos=&amp;move=0&amp;mode=3&amp;index=-1&amp;url=http%3A%2F%2Fcdn-live-egress.rbmtv.com%2Frightbrainmedia-live-109%2Fmp4%3Aradioutv_all%2Frightbrainmedia-live-109%2Fradioutv1%2Fplaylist.m3u8&amp;iconimage=&amp;cache=0&amp;name=RADIO+U+TV",return)</action>
	</shortcut>
	<shortcut>
		<defaultID />
		<label>Vibee</label>
		<label2>פריטים מותאמים אישית</label2>
		<icon>DefaultShortcut.png</icon>
		<thumb>special://skin/extras/tv/001.jpg</thumb>
		<action>PlayMedia("plugin://plugin.video.playlistLoader.a/?logos=&amp;move=0&amp;mode=3&amp;index=-1&amp;url=http%3A%2F%2F139.59.166.48%3A8081%2Flive%2Flive3%2Fplaylist.m3u8&amp;iconimage=&amp;cache=0&amp;name=Vibee+TV",return)</action>
	</shortcut>
	<shortcut>
		<defaultID />
		<label>Hit-TV</label>
		<label2>פריטים מותאמים אישית</label2>
		<icon>DefaultShortcut.png</icon>
		<thumb>special://skin/extras/tv/001.jpg</thumb>
		<action>PlayMedia("plugin://plugin.video.playlistLoader.a/?logos=&amp;move=0&amp;mode=3&amp;index=-1&amp;url=http%3A%2F%2Fkissfm-cires21-video.secure.footprint.net%2Fhittv%2Fbitrate_4.m3u8&amp;iconimage=&amp;cache=0&amp;name=Hit+TV+HD",return)</action>
	</shortcut>
	<shortcut>
		<defaultID />
		<label>nago</label>
		<label2>פריטים מותאמים אישית</label2>
		<icon>DefaultShortcut.png</icon>
		<thumb>special://skin/extras/tv/001.jpg</thumb>
		<action>PlayMedia("plugin://plugin.video.playlistLoader.a/?logos=&amp;move=0&amp;mode=3&amp;index=-1&amp;url=http%3A%2F%2Fhaititivi.com%3A8088%2Fhaititv%2Ftele6NY%2Ftracks-v1a1%2Findex.m3u8&amp;iconimage=&amp;cache=0&amp;name=Nago+TV+Live",return)</action>
	</shortcut>
	<shortcut>
		<defaultID />
		<label>מוזיקה- יוונית</label>
		<label2>פריטים מותאמים אישית</label2>
		<icon>DefaultShortcut.png</icon>
		<thumb>special://skin/extras/tv/001.jpg</thumb>
		<action>PlayMedia("plugin://plugin.video.playlistLoader.a/?logos=&amp;move=0&amp;mode=3&amp;index=-1&amp;url=http%3A%2F%2Flive.streams.ovh%3A1935%2Fcannali%2Fcannali%2Fplaylist.m3u8&amp;iconimage=https%3A%2F%2Fulango.tv%2Fuploads%2Fchannels%2F3585927%2Flogo_cannali%2520tv1.png&amp;cache=0&amp;name=Cannali+TV+%D7%99%D7%95%D7%95%D7%A0%D7%99",return)</action>
	</shortcut>
	<shortcut>
		<defaultID />
		<label>פלנטה</label>
		<label2>פריטים מותאמים אישית</label2>
		<icon>DefaultShortcut.png</icon>
		<thumb>special://skin/extras/tv/001.jpg</thumb>
		<action>PlayMedia("plugin://plugin.video.playlistLoader.a/?logos=&amp;move=0&amp;mode=3&amp;index=-1&amp;url=http%3A%2F%2F84.43.207.130%2Fplanetahd%2Fplanetahd.m3u8&amp;iconimage=&amp;cache=0&amp;name=Planeta+Hd+Music+Tv",return)</action>
	</shortcut>
	<shortcut>
		<defaultID />
		<label>טורקי 1</label>
		<label2>פריטים מותאמים אישית</label2>
		<icon>DefaultShortcut.png</icon>
		<thumb>special://skin/extras/tv/001.jpg</thumb>
		<action>PlayMedia("plugin://plugin.video.playlistLoader.a/?logos=&amp;move=0&amp;mode=3&amp;index=-1&amp;url=http%3A%2F%2Fmid5dg6m.rocketcdn.com%2Fkraltv_720%2Fchunklist.m3u8&amp;iconimage=&amp;cache=0&amp;name=KRAL+TV",return)</action>
	</shortcut>
	<shortcut>
		<defaultID />
		<label>טורקי-2</label>
		<label2>פריטים מותאמים אישית</label2>
		<icon>DefaultShortcut.png</icon>
		<thumb>special://skin/extras/tv/001.jpg</thumb>
		<action>PlayMedia("plugin://plugin.video.playlistLoader.a/?logos=&amp;move=0&amp;mode=3&amp;index=-1&amp;url=http%3A%2F%2F0ajuu84p.rocketcdn.com%2Fkraldijital-popkonsertv.smil%2Fchunklist.m3u8&amp;iconimage=&amp;cache=0&amp;name=KRAL+POP+KONSER",return)</action>
	</shortcut>
	<shortcut>
		<defaultID />
		<label>טורקי-3</label>
		<label2>פריטים מותאמים אישית</label2>
		<icon>DefaultShortcut.png</icon>
		<thumb>special://skin/extras/tv/001.jpg</thumb>
		<action>PlayMedia("plugin://plugin.video.playlistLoader.a/?logos=&amp;move=0&amp;mode=3&amp;index=-1&amp;url=http%3A%2F%2Fpsbj5i5c.rocketcdn.com%2Fkraldijital-nonametv.smil%2Fchunklist.m3u8&amp;iconimage=&amp;cache=0&amp;name=Kral+Noname+HD",return)</action>
	</shortcut>
	<shortcut>
		<defaultID />
		<label>טורקי-4</label>
		<label2>פריטים מותאמים אישית</label2>
		<icon>DefaultShortcut.png</icon>
		<thumb>special://skin/extras/tv/001.jpg</thumb>
		<action>PlayMedia("plugin://plugin.video.playlistLoader.a/?logos=&amp;move=0&amp;mode=3&amp;index=-1&amp;url=http%3A%2F%2Fbqgsd19q.rocketcdn.com%2Fkralpop_720%2Fchunklist.m3u8&amp;iconimage=&amp;cache=0&amp;name=KRAL+POP",return)</action>
	</shortcut>
	<shortcut>
		<defaultID />
		<label>VH1</label>
		<label2>פריטים מותאמים אישית</label2>
		<icon>DefaultShortcut.png</icon>
		<thumb>special://skin/extras/tv/001.jpg</thumb>
		<action>PlayMedia("plugin://plugin.video.playlistLoader.a/?logos=&amp;move=0&amp;mode=3&amp;index=-1&amp;url=http%3A%2F%2F127.0.0.1%3A6878%2Face%2Fgetstream%3Furl%3Dhttp%253A%252F%252F91.92.66.82%252Ftrash%252Fttv-list%252Facelive%252Fttv_cid_ffd70c.acelive%26amp%3B.mp4&amp;iconimage=&amp;cache=0&amp;name=VH1",return)</action>
	</shortcut>
	<shortcut>
		<defaultID />
		<label>VH1-Classic</label>
		<label2>פריטים מותאמים אישית</label2>
		<icon>DefaultShortcut.png</icon>
		<thumb>special://skin/extras/tv/001.jpg</thumb>
		<action>PlayMedia("plugin://plugin.video.playlistLoader.a/?logos=&amp;move=0&amp;mode=3&amp;index=-1&amp;url=http%3A%2F%2F127.0.0.1%3A6878%2Face%2Fgetstream%3Furl%3Dhttp%253A%252F%252F91.92.66.82%252Ftrash%252Fttv-list%252Facelive%252Fttv_cid_96679f.acelive%26amp%3B.mp4&amp;iconimage=&amp;cache=0&amp;name=VH1+Classic+",return)</action>
	</shortcut>
	<shortcut>
		<defaultID>worldfashionchannelhd-rossiia</defaultID>
		<label>World Fashion Channel HD (Россия)</label>
		<label2>פריטים מותאמים אישית</label2>
		<icon>special://skin/extras/tv/DefaultFolder.png</icon>
		<thumb>special://skin/extras/tv/200px-World_Fashion_logo.jpg</thumb>
		<action>PlayMedia("plugin://plugin.video.allmoviesin/?url=http%3A%2F%2F127.0.0.1%3A6878%2Face%2Fgetstream%3Fid%3Dc4bd38121f9c7739e0692113240bb333434012d1&amp;mode=5&amp;name=[S-2] World Fashion&amp;data=&amp;iconimage=https%3A%2F%2Flh3.googleusercontent.com%2F0m0JeYjdEbLUVYCn_4vQjgaybPzyZB9z1fazy07JFkKyF6dK1gboo7_N9cz0GADxJw4%3Ds180&amp;fanart=https%3A%2F%2Fi.pinimg.com%2Foriginals%2F6b%2F18%2F31%2F6b1831503dc0e0470b2bf1e1b5df978f.jpg&amp;description=World Fashion&amp;original_title= &amp;id= &amp;season= &amp;episode= &amp;saved_name= &amp;prev_name= &amp;eng_name= &amp;heb_name= &amp;show_original_year= ",return)</action>
	</shortcut>
	<shortcut>
		<defaultID>s-2-fashiontvhd</defaultID>
		<label>Fashion TV HD</label>
		<label2>מועדף</label2>
		<icon>special://skin/extras/icons/DefaultFolder.png</icon>
		<thumb>special://skin/extras/tv/FashionTV.png</thumb>
		<action>PlayMedia("plugin://plugin.video.allmoviesin/?url=http%3A%2F%2F127.0.0.1%3A6878%2Face%2Fgetstream%3Fid%3Dacd8de756435504c73cc64e2041635525e281232&amp;mode=5&amp;name=[S-2] Fashion TV HD&amp;data=&amp;iconimage=https%3A%2F%2Flh3.googleusercontent.com%2F0m0JeYjdEbLUVYCn_4vQjgaybPzyZB9z1fazy07JFkKyF6dK1gboo7_N9cz0GADxJw4%3Ds180&amp;fanart=https%3A%2F%2Fi.pinimg.com%2Foriginals%2F6b%2F18%2F31%2F6b1831503dc0e0470b2bf1e1b5df978f.jpg&amp;description=Fashion TV HD&amp;original_title= &amp;id= &amp;season= &amp;episode= &amp;saved_name= &amp;prev_name= &amp;eng_name= &amp;heb_name= &amp;show_original_year= ",return)</action>
	</shortcut>
</shortcuts>
