<?xml version='1.0' encoding='UTF-8'?>
<shortcuts>
	<shortcut>
		<defaultID>movies</defaultID>
		<label>סרטים - Exodus</label>
		<label2>מועדף</label2>
		<icon>special://skin/extras/icons/folder.png</icon>
		<thumb>special://home/Graphics/addons/box2.jpg</thumb>
		<action>ActivateWindow(10025,"plugin://plugin.video.exodusredux/?action=movieNavigator",return)</action>
	</shortcut>
	<shortcut>
		<defaultID />
		<label>סרטים - Seren</label>
		<label2>פריטים מותאמים אישית</label2>
		<icon>DefaultShortcut.png</icon>
		<thumb>special://home/Graphics/addons/box2.jpg</thumb>
		<action>ActivateWindow(Videos,"plugin://plugin.video.seren/?action=moviesHome",return)</action>
	</shortcut>
	<shortcut>
		<defaultID />
		<label>סרטים - Gaia</label>
		<label2>פריטים מותאמים אישית</label2>
		<icon>DefaultShortcut.png</icon>
		<thumb>special://home/Graphics/addons/box2.jpg</thumb>
		<action>ActivateWindow(Videos,"plugin://plugin.video.gaia/?action=movies&amp;type=movie&amp;kids=0",return)</action>
	</shortcut>
	<shortcut>
		<defaultID>movies</defaultID>
		<label>סרטים - Fen</label>
		<label2>מועדף</label2>
		<icon>special://skin/extras/icons/folder.png</icon>
		<thumb>special://home/Graphics/addons/box2.jpg</thumb>
		<action>ActivateWindow(10025,"plugin://plugin.video.fen/?action=MovieList&amp;foldername=Movies&amp;iconImage=movies.png&amp;info=Access%20Fen%20Movie%20Menus.&amp;mode=navigator.main&amp;name=Movies",return)</action>
	</shortcut>
	<shortcut>
		<defaultID>plugin.video.thecrew/</defaultID>
		<label>סרטים - The Crew</label>
		<label2>מועדף</label2>
		<icon>special://skin/extras/icons/folder.png</icon>
		<thumb>special://home/Graphics/addons/box2.jpg</thumb>
		<action>ActivateWindow(10025,"plugin://plugin.video.thecrew/",return)</action>
	</shortcut>
</shortcuts>
