<?xml version='1.0' encoding='UTF-8'?>
<shortcuts>
	<shortcut>
		<defaultID>natgeowildhd</defaultID>
		<label>Nat Geo Wild HD </label>
		<label2>פריטים מותאמים אישית</label2>
		<icon>DefaultFolder.png</icon>
		<thumb>special://skin/extras/icons/NATGEOWILD.png</thumb>
		<action>PlayMedia("plugin://plugin.video.playlistLoader.a/?logos=&amp;move=0&amp;mode=3&amp;index=-1&amp;url=http%3A%2F%2F127.0.0.1%3A6878%2Face%2Fgetstream%3Furl%3Dhttp%253A%252F%252F91.92.66.82%252Ftrash%252Fttv-list%252Facelive%252Fttv_547_reg.acelive%26amp%3B.mp4&amp;iconimage=&amp;cache=0&amp;name=Nat+Geo+Wild+HD",return)</action>
	</shortcut>
	<shortcut>
		<defaultID />
		<label>אנימל פלנט</label>
		<label2>פריטים מותאמים אישית</label2>
		<icon>DefaultShortcut.png</icon>
		<thumb>special://skin/extras/icons/animal_planet.png</thumb>
		<action>PlayMedia("plugin://plugin.video.playlistLoader.a/?logos=&amp;move=0&amp;mode=3&amp;index=-1&amp;url=http%3A%2F%2F127.0.0.1%3A6878%2Face%2Fgetstream%3Furl%3Dhttp%253A%252F%252F91.92.66.82%252Ftrash%252Fttv-list%252Facelive%252Fttv_612_reg.acelive%26amp%3B.mp4&amp;iconimage=&amp;cache=0&amp;name=Animal+Planet+HD+",return)</action>
	</shortcut>
	<shortcut>
		<defaultID />
		<label>נשיונל גאוגרפיק</label>
		<label2>פריטים מותאמים אישית</label2>
		<icon>DefaultShortcut.png</icon>
		<thumb>special://skin/extras/icons/national_geographic.png</thumb>
		<action>PlayMedia("plugin://plugin.video.playlistLoader.a/?logos=&amp;move=0&amp;mode=3&amp;index=-1&amp;url=http%3A%2F%2F127.0.0.1%3A6878%2Face%2Fgetstream%3Furl%3Dhttp%253A%252F%252F91.92.66.82%252Ftrash%252Fttv-list%252Facelive%252Fttv_169_reg.acelive%26amp%3B.mp4&amp;iconimage=&amp;cache=0&amp;name=National+Geographic+HD+",return)</action>
	</shortcut>
	<shortcut>
		<defaultID />
		<label>דיסקברי</label>
		<label2>פריטים מותאמים אישית</label2>
		<icon>DefaultShortcut.png</icon>
		<thumb>special://skin/extras/icons/discovery.png</thumb>
		<action>PlayMedia("plugin://plugin.video.playlistLoader.a/?logos=&amp;move=0&amp;mode=3&amp;index=-1&amp;url=http%3A%2F%2F127.0.0.1%3A6878%2Face%2Fgetstream%3Furl%3Dhttp%253A%252F%252F91.92.66.82%252Ftrash%252Fttv-list%252Facelive%252Fas_cid_15990c.acelive%26amp%3B.mp4&amp;iconimage=&amp;cache=0&amp;name=Discovery+Channel+HD+",return)</action>
	</shortcut>
	<shortcut>
		<defaultID />
		<label>דיסקברי-בחקירה</label>
		<label2>פריטים מותאמים אישית</label2>
		<icon>DefaultShortcut.png</icon>
		<thumb>special://skin/extras/icons/discovery.png</thumb>
		<action>PlayMedia("plugin://plugin.video.playlistLoader.a/?logos=&amp;move=0&amp;mode=3&amp;index=-1&amp;url=http%3A%2F%2F127.0.0.1%3A6878%2Face%2Fgetstream%3Furl%3Dhttp%253A%252F%252F91.92.66.82%252Ftrash%252Fttv-list%252Facelive%252Fttv_21429.acelive%26amp%3B.mp4&amp;iconimage=&amp;cache=0&amp;name=ID%3AInvestigation+Discovery+HD+",return)</action>
	</shortcut>
	<shortcut>
		<defaultID />
		<label>דיסקברי-המדעי</label>
		<label2>פריטים מותאמים אישית</label2>
		<icon>DefaultShortcut.png</icon>
		<thumb>special://skin/extras/tv/0;10.jpg</thumb>
		<action>PlayMedia("plugin://plugin.video.playlistLoader.a/?logos=&amp;move=0&amp;mode=3&amp;index=-1&amp;url=http%3A%2F%2F127.0.0.1%3A6878%2Face%2Fgetstream%3Furl%3Dhttp%253A%252F%252F91.92.66.82%252Ftrash%252Fttv-list%252Facelive%252Fas_cid_1b2f2a.acelive%26amp%3B.mp4&amp;iconimage=&amp;cache=0&amp;name=Discovery+Science+",return)</action>
	</shortcut>
	<shortcut>
		<defaultID>s-2-viasatnatureeast</defaultID>
		<label>Viasat Nature</label>
		<label2>מועדף</label2>
		<icon>special://skin/extras/icons/DefaultFolder.png</icon>
		<thumb>special://skin/extras/tv/Polsat_Viasat_Nature_logo.png</thumb>
		<action>PlayMedia("plugin://plugin.video.allmoviesin/?url=http%3A%2F%2F127.0.0.1%3A6878%2Face%2Fgetstream%3Fid%3De456f7d182635fc7fccff0b8f5ad4ea890180fc1&amp;mode=5&amp;name=[S-2] Viasat Nature East&amp;data=&amp;iconimage=https%3A%2F%2Flh3.googleusercontent.com%2F0m0JeYjdEbLUVYCn_4vQjgaybPzyZB9z1fazy07JFkKyF6dK1gboo7_N9cz0GADxJw4%3Ds180&amp;fanart=https%3A%2F%2Fi.pinimg.com%2Foriginals%2F6b%2F18%2F31%2F6b1831503dc0e0470b2bf1e1b5df978f.jpg&amp;description=Viasat Nature East&amp;original_title= &amp;id= &amp;season= &amp;episode= &amp;saved_name= &amp;prev_name= &amp;eng_name= &amp;heb_name= &amp;show_original_year= ",return)</action>
	</shortcut>
	<shortcut>
		<defaultID>s-2-viasathistory</defaultID>
		<label>Viasat History</label>
		<label2>מועדף</label2>
		<icon>special://skin/extras/icons/DefaultFolder.png</icon>
		<thumb>special://skin/extras/tv/Viasat_History-2014.png</thumb>
		<action>PlayMedia("plugin://plugin.video.allmoviesin/?url=http%3A%2F%2F127.0.0.1%3A6878%2Face%2Fgetstream%3Fid%3Df08ac53b13b6b8767817104fe2c1b4d4d19a586d&amp;mode=5&amp;name=[S-2] Viasat History&amp;data=&amp;iconimage=https%3A%2F%2Flh3.googleusercontent.com%2F0m0JeYjdEbLUVYCn_4vQjgaybPzyZB9z1fazy07JFkKyF6dK1gboo7_N9cz0GADxJw4%3Ds180&amp;fanart=https%3A%2F%2Fi.pinimg.com%2Foriginals%2F6b%2F18%2F31%2F6b1831503dc0e0470b2bf1e1b5df978f.jpg&amp;description=Viasat History&amp;original_title= &amp;id= &amp;season= &amp;episode= &amp;saved_name= &amp;prev_name= &amp;eng_name= &amp;heb_name= &amp;show_original_year= ",return)</action>
	</shortcut>
	<shortcut>
		<defaultID />
		<label>היסטוריה</label>
		<label2>פריטים מותאמים אישית</label2>
		<icon>DefaultShortcut.png</icon>
		<thumb>special://skin/extras/icons/History.png</thumb>
		<action>PlayMedia("plugin://plugin.video.playlistLoader.a/?logos=&amp;move=0&amp;mode=3&amp;index=-1&amp;url=http%3A%2F%2F127.0.0.1%3A6878%2Face%2Fgetstream%3Furl%3Dhttp%253A%252F%252F91.92.66.82%252Ftrash%252Fttv-list%252Facelive%252Fttv_cid_6acd16.acelive%26amp%3B.mp4&amp;iconimage=&amp;cache=0&amp;name=History+Channel+HD+",return)</action>
	</shortcut>
	<shortcut>
		<defaultID />
		<label>H2</label>
		<label2>פריטים מותאמים אישית</label2>
		<icon>DefaultShortcut.png</icon>
		<thumb>special://skin/extras/icons/History.png</thumb>
		<action>PlayMedia("plugin://plugin.video.playlistLoader.a/?logos=&amp;move=0&amp;mode=3&amp;index=-1&amp;url=http%3A%2F%2F127.0.0.1%3A6878%2Face%2Fgetstream%3Furl%3Dhttp%253A%252F%252F91.92.66.82%252Ftrash%252Fttv-list%252Facelive%252Fttv_cid_85de94.acelive%26amp%3B.mp4&amp;iconimage=&amp;cache=0&amp;name=History+2+HD+Stryo+2+%D7%90%D7%A4%D7%A9%D7%A8+%D7%9C%D7%A9%D7%A0%D7%95%D7%AA+%D7%90%D7%AA+%D7%94%D7%A9%D7%A4%D7%94+%D7%9C%D7%90%D7%A0%D7%92%D7%9C%D7%99%D7%AA+%D7%91%D7%A1%D7%9E%D7%9F+%D7%A9%D7%9C+%D7%94%D7%A9%D7%9E%D7%A2+%D7%9C",return)</action>
	</shortcut>
	<shortcut>
		<defaultID />
		<label>ערוץ- ביקור טבע היסטרי</label>
		<label2>פריטים מותאמים אישית</label2>
		<icon>DefaultShortcut.png</icon>
		<thumb>special://skin/extras/tv/014.jpg</thumb>
		<action>PlayMedia("plugin://plugin.video.playlistLoader.a/?logos=&amp;move=0&amp;mode=3&amp;index=-1&amp;url=http%3A%2F%2F127.0.0.1%3A6878%2Face%2Fgetstream%3Furl%3Dhttp%253A%252F%252F91.92.66.82%252Ftrash%252Fttv-list%252Facelive%252Fas_cid_1f9448.acelive%26amp%3B.mp4&amp;iconimage=&amp;cache=0&amp;name=Viasat+Nature%2FHistory+HD+",return)</action>
		<disabled>True</disabled>
	</shortcut>
	<shortcut>
		<defaultID>viasatnature-historyhd</defaultID>
		<label>Viasat Nature-History HD</label>
		<label2>מועדף</label2>
		<icon>special://skin/extras/tv/DefaultFolder.png</icon>
		<thumb>special://skin/extras/tv/Polsat_Viasat_Nature_logo.png</thumb>
		<action>PlayMedia("plugin://plugin.video.allmoviesin/?url=aceplay&amp;mode=5&amp;name=Viasat Nature-History HD&amp;data=&amp;iconimage=https%3A%2F%2Flh3.googleusercontent.com%2F0m0JeYjdEbLUVYCn_4vQjgaybPzyZB9z1fazy07JFkKyF6dK1gboo7_N9cz0GADxJw4%3Ds180&amp;fanart=https%3A%2F%2Fi.pinimg.com%2Foriginals%2F6b%2F18%2F31%2F6b1831503dc0e0470b2bf1e1b5df978f.jpg&amp;description=Viasat Nature-History HD&amp;original_title= &amp;id= &amp;season= &amp;episode= &amp;saved_name= &amp;prev_name= &amp;eng_name= &amp;heb_name= &amp;show_original_year= ",return)</action>
	</shortcut>
	<shortcut>
		<defaultID>docuboxhd</defaultID>
		<label>DocuBox HD</label>
		<label2>מועדף</label2>
		<icon>special://skin/extras/tv/DefaultFolder.png</icon>
		<thumb>special://skin/extras/tv/DocuBox_HD.jpg</thumb>
		<action>PlayMedia("plugin://plugin.video.allmoviesin/?url=aceplay&amp;mode=5&amp;name=DocuBox HD&amp;data=&amp;iconimage=https%3A%2F%2Flh3.googleusercontent.com%2F0m0JeYjdEbLUVYCn_4vQjgaybPzyZB9z1fazy07JFkKyF6dK1gboo7_N9cz0GADxJw4%3Ds180&amp;fanart=https%3A%2F%2Fi.pinimg.com%2Foriginals%2F6b%2F18%2F31%2F6b1831503dc0e0470b2bf1e1b5df978f.jpg&amp;description=DocuBox HD&amp;original_title= &amp;id= &amp;season= &amp;episode= &amp;saved_name= &amp;prev_name= &amp;eng_name= &amp;heb_name= &amp;show_original_year= ",return)</action>
	</shortcut>
	<shortcut>
		<defaultID>aljazeeradocumentary</defaultID>
		<label>Al Jazeera Documentary</label>
		<label2>מועדף</label2>
		<icon>special://skin/extras/tv/DefaultFolder.png</icon>
		<thumb>special://skin/extras/tv/Al_Jazeera_Doc.png</thumb>
		<action>PlayMedia("plugin://plugin.video.allmoviesin/?url=aceplay&amp;mode=5&amp;name=Al Jazeera Documentary&amp;data=&amp;iconimage=https%3A%2F%2Flh3.googleusercontent.com%2F0m0JeYjdEbLUVYCn_4vQjgaybPzyZB9z1fazy07JFkKyF6dK1gboo7_N9cz0GADxJw4%3Ds180&amp;fanart=https%3A%2F%2Fi.pinimg.com%2Foriginals%2F6b%2F18%2F31%2F6b1831503dc0e0470b2bf1e1b5df978f.jpg&amp;description=Al Jazeera Documentary&amp;original_title= &amp;id= &amp;season= &amp;episode= &amp;saved_name= &amp;prev_name= &amp;eng_name= &amp;heb_name= &amp;show_original_year= ",return)</action>
	</shortcut>
	<shortcut>
		<defaultID />
		<label>BBC- ארץ</label>
		<label2>פריטים מותאמים אישית</label2>
		<icon>DefaultShortcut.png</icon>
		<thumb>special://skin/extras/tv/0;10.jpg</thumb>
		<action>PlayMedia("plugin://plugin.video.playlistLoader.a/?logos=&amp;move=0&amp;mode=3&amp;index=-1&amp;url=http%3A%2F%2F127.0.0.1%3A6878%2Face%2Fgetstream%3Furl%3Dhttp%253A%252F%252F91.92.66.82%252Ftrash%252Fttv-list%252Facelive%252Fas_cid_e660a7.acelive%26amp%3B.mp4&amp;iconimage=&amp;cache=0&amp;name=BBC+Earth+HD+Polska+",return)</action>
	</shortcut>
	<shortcut>
		<defaultID />
		<label>ערוץ-ההרפתקאות</label>
		<label2>פריטים מותאמים אישית</label2>
		<icon>DefaultShortcut.png</icon>
		<thumb>special://skin/extras/tv/013.jpg</thumb>
		<action>PlayMedia("plugin://plugin.video.playlistLoader.a/?logos=&amp;move=0&amp;mode=3&amp;index=-1&amp;url=http%3A%2F%2F127.0.0.1%3A6878%2Face%2Fgetstream%3Furl%3Dhttp%253A%252F%252F91.92.66.82%252Ftrash%252Fttv-list%252Facelive%252Fttv_cid_b0f2b3.acelive%26amp%3B.mp4&amp;iconimage=&amp;cache=0&amp;name=Travel+%2B+adventure+HD+",return)</action>
	</shortcut>
	<shortcut>
		<defaultID />
		<label>ערוץ- הטיולים</label>
		<label2>פריטים מותאמים אישית</label2>
		<icon>DefaultShortcut.png</icon>
		<thumb>special://skin/extras/tv/016.jpg</thumb>
		<action>PlayMedia("plugin://plugin.video.playlistLoader.a/?logos=&amp;move=0&amp;mode=3&amp;index=-1&amp;url=http%3A%2F%2F127.0.0.1%3A6878%2Face%2Fgetstream%3Furl%3Dhttp%253A%252F%252F91.92.66.82%252Ftrash%252Fttv-list%252Facelive%252Fttv_cid_7fdd49.acelive%26amp%3B.mp4&amp;iconimage=&amp;cache=0&amp;name=Travel+Channel+HD+",return)</action>
	</shortcut>
</shortcuts>
