<?xml version='1.0' encoding='UTF-8'?>
<shortcuts>
	<shortcut>
		<defaultID />
		<label>אימות חשבון RD</label>
		<label2>פריטים מותאמים אישית</label2>
		<icon>DefaultShortcut.png</icon>
		<thumb>special://skin/extras/icons/Premium.png</thumb>
		<action>RunPlugin(plugin://plugin.program.Anonymous/?mode=setrd)</action>
	</shortcut>
	<shortcut>
		<defaultID />
		<label>ביטול חשבון RD</label>
		<label2>פריטים מותאמים אישית</label2>
		<icon>DefaultShortcut.png</icon>
		<thumb>special://skin/extras/icons/Premium.png</thumb>
		<action>RunPlugin(plugin://plugin.program.Anonymous/?mode=rdoff)</action>
	</shortcut>
	<shortcut>
		<defaultID />
		<label>אימות חשבון Trakt</label>
		<label2>פריטים מותאמים אישית</label2>
		<icon>DefaultShortcut.png</icon>
		<thumb>special://skin/extras/icons/Premium.png</thumb>
		<action>RunPlugin(plugin://plugin.program.Anonymous/?mode=traktsync)</action>
	</shortcut>
</shortcuts>
