<?xml version='1.0' encoding='UTF-8'?>
<shortcuts>
	<shortcut>
		<defaultID>s-2-viasatsporthd</defaultID>
		<label>Viasat Sport HD</label>
		<label2>פריטים מותאמים אישית</label2>
		<icon>special://skin/extras/icons/DefaultFolder.png</icon>
		<thumb>special://skin/extras/tv/ca0848e67b578790c03ffc5772616042.jpg</thumb>
		<action>PlayMedia("plugin://plugin.video.allmoviesin/?url=http%3A%2F%2F127.0.0.1%3A6878%2Face%2Fgetstream%3Fid%3D6ee3890f485a4bf8d702d759ee7b532c8097bd93&amp;mode=5&amp;name=[S-2] Viasat Sport HD&amp;data=&amp;iconimage=https%3A%2F%2Flh3.googleusercontent.com%2F0m0JeYjdEbLUVYCn_4vQjgaybPzyZB9z1fazy07JFkKyF6dK1gboo7_N9cz0GADxJw4%3Ds180&amp;fanart=https%3A%2F%2Fi.pinimg.com%2Foriginals%2F6b%2F18%2F31%2F6b1831503dc0e0470b2bf1e1b5df978f.jpg&amp;description=Viasat Sport HD&amp;original_title= &amp;id= &amp;season= &amp;episode= &amp;saved_name= &amp;prev_name= &amp;eng_name= &amp;heb_name= &amp;show_original_year= ",return)</action>
	</shortcut>
	<shortcut>
		<defaultID>s-2-viasatgolf</defaultID>
		<label>Viasat Golf</label>
		<label2>מועדף</label2>
		<icon>special://skin/extras/icons/DefaultFolder.png</icon>
		<thumb>special://skin/extras/tv/hA5p2n9S_400x400.png</thumb>
		<action>PlayMedia("plugin://plugin.video.allmoviesin/?url=http%3A%2F%2F127.0.0.1%3A6878%2Face%2Fgetstream%3Fid%3D6550140f8659becbb497f387341db8e45333c45e&amp;mode=5&amp;name=[S-2] Viasat Golf&amp;data=&amp;iconimage=https%3A%2F%2Flh3.googleusercontent.com%2F0m0JeYjdEbLUVYCn_4vQjgaybPzyZB9z1fazy07JFkKyF6dK1gboo7_N9cz0GADxJw4%3Ds180&amp;fanart=https%3A%2F%2Fi.pinimg.com%2Foriginals%2F6b%2F18%2F31%2F6b1831503dc0e0470b2bf1e1b5df978f.jpg&amp;description=Viasat Golf&amp;original_title= &amp;id= &amp;season= &amp;episode= &amp;saved_name= &amp;prev_name= &amp;eng_name= &amp;heb_name= &amp;show_original_year= ",return)</action>
	</shortcut>
	<shortcut>
		<defaultID>s-2-canalmotorhd</defaultID>
		<label>Motor HD</label>
		<label2>מועדף</label2>
		<icon>special://skin/extras/icons/DefaultFolder.png</icon>
		<thumb>special://skin/extras/tv/CANALMOTOR.png</thumb>
		<action>PlayMedia("plugin://plugin.video.allmoviesin/?url=http%3A%2F%2F127.0.0.1%3A6878%2Face%2Fgetstream%3Fid%3D1bc3cf4befb0443e1303ad0be0d51faa522a000f&amp;mode=5&amp;name=[S-2] Canal Motor HD&amp;data=&amp;iconimage=https%3A%2F%2Flh3.googleusercontent.com%2F0m0JeYjdEbLUVYCn_4vQjgaybPzyZB9z1fazy07JFkKyF6dK1gboo7_N9cz0GADxJw4%3Ds180&amp;fanart=https%3A%2F%2Fi.pinimg.com%2Foriginals%2F6b%2F18%2F31%2F6b1831503dc0e0470b2bf1e1b5df978f.jpg&amp;description=Canal Motor HD&amp;original_title= &amp;id= &amp;season= &amp;episode= &amp;saved_name= &amp;prev_name= &amp;eng_name= &amp;heb_name= &amp;show_original_year= ",return)</action>
	</shortcut>
	<shortcut>
		<defaultID>s-2-motorsport</defaultID>
		<label>MotorSport</label>
		<label2>מועדף</label2>
		<icon>special://skin/extras/icons/DefaultFolder.png</icon>
		<thumb>special://skin/extras/tv/motorsportchannel.png</thumb>
		<action>PlayMedia("plugin://plugin.video.allmoviesin/?url=http%3A%2F%2F127.0.0.1%3A6878%2Face%2Fgetstream%3Fid%3D1d70eceeb7578897ab48889e7fb1c078facd1a32&amp;mode=5&amp;name=[S-2] MotorSport&amp;data=&amp;iconimage=https%3A%2F%2Flh3.googleusercontent.com%2F0m0JeYjdEbLUVYCn_4vQjgaybPzyZB9z1fazy07JFkKyF6dK1gboo7_N9cz0GADxJw4%3Ds180&amp;fanart=https%3A%2F%2Fi.pinimg.com%2Foriginals%2F6b%2F18%2F31%2F6b1831503dc0e0470b2bf1e1b5df978f.jpg&amp;description=MotorSport&amp;original_title= &amp;id= &amp;season= &amp;episode= &amp;saved_name= &amp;prev_name= &amp;eng_name= &amp;heb_name= &amp;show_original_year= ",return)</action>
	</shortcut>
	<shortcut>
		<defaultID>fightboxhd</defaultID>
		<label>FightBox HD</label>
		<label2>מועדף</label2>
		<icon>special://skin/extras/tv/DefaultFolder.png</icon>
		<thumb>special://skin/extras/tv/FIGHTBOX_HD-400.png</thumb>
		<action>PlayMedia("plugin://plugin.video.allmoviesin/?url=aceplay&amp;mode=5&amp;name=FightBox HD&amp;data=&amp;iconimage=https%3A%2F%2Flh3.googleusercontent.com%2F0m0JeYjdEbLUVYCn_4vQjgaybPzyZB9z1fazy07JFkKyF6dK1gboo7_N9cz0GADxJw4%3Ds180&amp;fanart=https%3A%2F%2Fi.pinimg.com%2Foriginals%2F6b%2F18%2F31%2F6b1831503dc0e0470b2bf1e1b5df978f.jpg&amp;description=FightBox HD&amp;original_title= &amp;id= &amp;season= &amp;episode= &amp;saved_name= &amp;prev_name= &amp;eng_name= &amp;heb_name= &amp;show_original_year= ",return)</action>
	</shortcut>
	<shortcut>
		<defaultID>fastandfunbox</defaultID>
		<label>Fast and FunBox</label>
		<label2>פריטים מותאמים אישית</label2>
		<icon>special://skin/extras/icons/DefaultFolder.png</icon>
		<thumb>special://skin/extras/tv/1412.jpg</thumb>
		<action>PlayMedia("plugin://plugin.video.allmoviesin/?url=http%3A%2F%2F127.0.0.1%3A6878%2Face%2Fgetstream%3Fid%3D381bc61de554c2d2cfcbca5d38e8538bd1da29f3&amp;mode=5&amp;name=[S-2] Fast and FunBox&amp;data=&amp;iconimage=https%3A%2F%2Flh3.googleusercontent.com%2F0m0JeYjdEbLUVYCn_4vQjgaybPzyZB9z1fazy07JFkKyF6dK1gboo7_N9cz0GADxJw4%3Ds180&amp;fanart=https%3A%2F%2Fi.pinimg.com%2Foriginals%2F6b%2F18%2F31%2F6b1831503dc0e0470b2bf1e1b5df978f.jpg&amp;description=Fast and FunBox&amp;original_title= &amp;id= &amp;season= &amp;episode= &amp;saved_name= &amp;prev_name= &amp;eng_name= &amp;heb_name= &amp;show_original_year= ",return)</action>
	</shortcut>
</shortcuts>
