<?xml version='1.0' encoding='UTF-8'?>
<shortcuts>
	<shortcut>
		<defaultID />
		<label>ספורט איגרוף</label>
		<label2>הרחבת וידאו</label2>
		<icon>DefaultShortcut.png</icon>
		<thumb>special://skin/extras/icons/wwe.png</thumb>
		<action>ActivateWindow(10025,"plugin://plugin.video.suprabox/?description&amp;fanart=http%3a%2f%2fi.imgur.com%2f2DmTNUP.jpg&amp;mode=1&amp;name=%5bB%5d%5bCOLOR%20white%5dBOXING%20REWIND%5b%2fCOLOR%5d%20%5bCOLOR%20silver%5d%5b%2fB%5d%5b%2fCOLOR%5d&amp;url=http%3a%2f%2flookingglass.rocks%2fjay77%2fboxingworld.xml",return)</action>
	</shortcut>
	<shortcut>
		<defaultID>plugin.video.bennu</defaultID>
		<label>ספורט - UFC</label>
		<label2>הרחבת וידאו</label2>
		<icon>DefaultShortcut.png</icon>
		<thumb>special://skin/extras/icons/ufc.png</thumb>
		<action>ActivateWindow(10025,"plugin://plugin.video.ufc-finest/",return)</action>
	</shortcut>
	<shortcut>
		<defaultID>plugin.video.wwe-on-demand</defaultID>
		<label>ספורט - WWE</label>
		<label2>הרחבת וידאו</label2>
		<icon>DefaultShortcut.png</icon>
		<thumb>special://skin/extras/icons/Fitness.png</thumb>
		<action>ActivateWindow(Videos,"plugin://plugin.video.wwe-on-demand",return)</action>
	</shortcut>
	<shortcut>
		<defaultID />
		<label>ספורט ישראל</label>
		<label2>פריטים מותאמים אישית</label2>
		<icon>DefaultShortcut.png</icon>
		<thumb>special://skin/extras/icons/soccer.png</thumb>
		<action>ActivateWindow(Videos,"plugin://plugin.video.israelsports",return)</action>
	</shortcut>
	<shortcut>
		<defaultID>plugin.video.SportsDevil</defaultID>
		<label>SportsDevil</label>
		<label2>הרחבת וידאו</label2>
		<icon>DefaultShortcut.png</icon>
		<thumb>special://skin/extras/icons/soccer.png</thumb>
		<action>ActivateWindow(Videos,"plugin://plugin.video.SportsDevil",return)</action>
	</shortcut>
</shortcuts>
