<?xml version='1.0' encoding='UTF-8'?>
<shortcuts>
	<shortcut>
		<defaultID>rvtssrtyhqshnshlhnvqmhrshvn</defaultID>
		<label>ערוץ האקשן - הנוקם</label>
		<label2>פריטים מותאמים אישית</label2>
		<icon>special://skin/extras/tv/DefaultFolder.png</icon>
		<thumb>https://lh3.googleusercontent.com/-NPvqGXwLGiw/U-UvFFl1FMI/AAAAAAAAABU/kpjsyR9T4ck/w700-h703/The-Empire-Symbo-l-2013-action-hollywood-movies-new-action-movies-20141.jpg</thumb>
		<action>PlayMedia("plugin://plugin.video.TheFirstAvenger/?url=%D7%A2%D7%A8%D7%95%D7%A5+%D7%A1%D7%A8%D7%98%D7%99+%D7%94%D7%90%D7%A7%D7%A9%D7%9F+%D7%A9%D7%9C+%D7%94%D7%A0%D7%95%D7%A7%D7%9D+%D7%94%D7%A8%D7%90%D7%A9%D7%95%D7%9F&amp;mode=14&amp;name=%D7%A2%D7%A8%D7%95%D7%A5+%D7%A1%D7%A8%D7%98%D7%99+%D7%94%D7%90%D7%A7%D7%A9%D7%9F+%D7%A9%D7%9C+%D7%94%D7%A0%D7%95%D7%A7%D7%9D+%D7%94%D7%A8%D7%90%D7%A9%D7%95%D7%9F&amp;description= &amp;data=+&amp;index_depth=0&amp;lang=eng",return)</action>
	</shortcut>
	<shortcut>
		<defaultID>rvtssrtyhymhshlhnvqmhrshvn</defaultID>
		<label>ערוץ האימה - הנוקם</label>
		<label2>פריטים מותאמים אישית</label2>
		<icon>special://skin/extras/tv/DefaultFolder.png</icon>
		<thumb>https://static2.timeout.co.il/media/2015/10/sizes/freddy-krueger_H_wo_680_382.jpg</thumb>
		<action>PlayMedia("plugin://plugin.video.TheFirstAvenger/?url=%D7%A2%D7%A8%D7%95%D7%A5+%D7%A1%D7%A8%D7%98%D7%99+%D7%94%D7%90%D7%99%D7%9E%D7%94+%D7%A9%D7%9C+%D7%94%D7%A0%D7%95%D7%A7%D7%9D+%D7%94%D7%A8%D7%90%D7%A9%D7%95%D7%9F&amp;mode=14&amp;name=%D7%A2%D7%A8%D7%95%D7%A5+%D7%A1%D7%A8%D7%98%D7%99+%D7%94%D7%90%D7%99%D7%9E%D7%94+%D7%A9%D7%9C+%D7%94%D7%A0%D7%95%D7%A7%D7%9D+%D7%94%D7%A8%D7%90%D7%A9%D7%95%D7%9F&amp;description= &amp;data=+&amp;index_depth=0&amp;lang=eng",return)</action>
	</shortcut>
	<shortcut>
		<defaultID>rvtssrtyhdrmhshlhnvqmhrshvn</defaultID>
		<label>ערוץ הדרמה - הנוקם</label>
		<label2>פריטים מותאמים אישית</label2>
		<icon>special://skin/extras/tv/DefaultFolder.png</icon>
		<thumb>https://www.pitria.com/wp-content/uploads/2018/01/%D7%A1%D7%A8%D7%98%D7%99%D7%9D-%D7%9E%D7%95%D7%9E%D7%9C%D7%A6%D7%99%D7%9D-2018.jpg</thumb>
		<action>PlayMedia("plugin://plugin.video.TheFirstAvenger/?url=%D7%A2%D7%A8%D7%95%D7%A5+%D7%A1%D7%A8%D7%98%D7%99+%D7%94%D7%93%D7%A8%D7%9E%D7%94+%D7%A9%D7%9C+%D7%94%D7%A0%D7%95%D7%A7%D7%9D+%D7%94%D7%A8%D7%90%D7%A9%D7%95%D7%9F&amp;mode=14&amp;name=%D7%A2%D7%A8%D7%95%D7%A5+%D7%A1%D7%A8%D7%98%D7%99+%D7%94%D7%93%D7%A8%D7%9E%D7%94+%D7%A9%D7%9C+%D7%94%D7%A0%D7%95%D7%A7%D7%9D+%D7%94%D7%A8%D7%90%D7%A9%D7%95%D7%9F&amp;description= &amp;data=+&amp;index_depth=0&amp;lang=eng",return)</action>
	</shortcut>
	<shortcut>
		<defaultID>rvtssrtyhmshpkhhshlhnvqmhrshvn</defaultID>
		<label>ערוץ המשפחה - הנוקם</label>
		<label2>פריטים מותאמים אישית</label2>
		<icon>special://skin/extras/tv/DefaultFolder.png</icon>
		<thumb>http://www.seret.co.il/images/movies/TheHollars/TheHollars1.jpg</thumb>
		<action>PlayMedia("plugin://plugin.video.TheFirstAvenger/?url=%D7%A2%D7%A8%D7%95%D7%A5+%D7%A1%D7%A8%D7%98%D7%99+%D7%94%D7%9E%D7%A9%D7%A4%D7%97%D7%94+%D7%A9%D7%9C+%D7%94%D7%A0%D7%95%D7%A7%D7%9D+%D7%94%D7%A8%D7%90%D7%A9%D7%95%D7%9F&amp;mode=14&amp;name=%D7%A2%D7%A8%D7%95%D7%A5+%D7%A1%D7%A8%D7%98%D7%99+%D7%94%D7%9E%D7%A9%D7%A4%D7%97%D7%94+%D7%A9%D7%9C+%D7%94%D7%A0%D7%95%D7%A7%D7%9D+%D7%94%D7%A8%D7%90%D7%A9%D7%95%D7%9F&amp;description= &amp;data=+&amp;index_depth=0&amp;lang=eng",return)</action>
	</shortcut>
	<shortcut>
		<defaultID>rvtssrtyhqvmdyhshlhnvqmhrshvn</defaultID>
		<label>ערוץ הקומדיה - הנוקם</label>
		<label2>פריטים מותאמים אישית</label2>
		<icon>special://skin/extras/tv/DefaultFolder.png</icon>
		<thumb>special://skin/extras/tv/DefaultGenre.png</thumb>
		<action>PlayMedia("plugin://plugin.video.TheFirstAvenger/?url=%D7%A2%D7%A8%D7%95%D7%A5+%D7%A1%D7%A8%D7%98%D7%99+%D7%94%D7%A7%D7%95%D7%9E%D7%93%D7%99%D7%94+%D7%A9%D7%9C+%D7%94%D7%A0%D7%95%D7%A7%D7%9D+%D7%94%D7%A8%D7%90%D7%A9%D7%95%D7%9F&amp;mode=14&amp;name=%D7%A2%D7%A8%D7%95%D7%A5+%D7%A1%D7%A8%D7%98%D7%99+%D7%94%D7%A7%D7%95%D7%9E%D7%93%D7%99%D7%94+%D7%A9%D7%9C+%D7%94%D7%A0%D7%95%D7%A7%D7%9D+%D7%94%D7%A8%D7%90%D7%A9%D7%95%D7%9F&amp;description= &amp;data=+&amp;index_depth=0&amp;lang=eng",return)</action>
	</shortcut>
	<shortcut>
		<defaultID>rvtssrtyhrptqvtshlhnvqmhrshvn</defaultID>
		<label>ערוץ הרפתקאות - הנוקם</label>
		<label2>פריטים מותאמים אישית</label2>
		<icon>special://skin/extras/tv/DefaultFolder.png</icon>
		<thumb>https://3.bp.blogspot.com/-mWI1YCokjGk/WywIK00sV2I/AAAAAAAAH0I/IlLV2RDE94kRWHyqjxZfwd5_c0_DRpEkgCLcBGAs/s1600/movie%2Bposters%2B2018.jpeg</thumb>
		<action>PlayMedia("plugin://plugin.video.TheFirstAvenger/?url=%D7%A2%D7%A8%D7%95%D7%A5+%D7%A1%D7%A8%D7%98%D7%99+%D7%94%D7%A8%D7%A4%D7%AA%D7%A7%D7%90%D7%95%D7%AA+%D7%A9%D7%9C+%D7%94%D7%A0%D7%95%D7%A7%D7%9D+%D7%94%D7%A8%D7%90%D7%A9%D7%95%D7%9F&amp;mode=14&amp;name=%D7%A2%D7%A8%D7%95%D7%A5+%D7%A1%D7%A8%D7%98%D7%99+%D7%94%D7%A8%D7%A4%D7%AA%D7%A7%D7%90%D7%95%D7%AA+%D7%A9%D7%9C+%D7%94%D7%A0%D7%95%D7%A7%D7%9D+%D7%94%D7%A8%D7%90%D7%A9%D7%95%D7%9F&amp;description= &amp;data=+&amp;index_depth=0&amp;lang=eng",return)</action>
	</shortcut>
	<shortcut>
		<defaultID>rvtssrtymrvvlngddysyshlhnvqmhrshvn</defaultID>
		<label>ערוץ מארוול - הנוקם</label>
		<label2>פריטים מותאמים אישית</label2>
		<icon>special://skin/extras/tv/DefaultFolder.png</icon>
		<thumb>https://img.mako.co.il/2017/03/16/universe_EX55.jpg</thumb>
		<action>PlayMedia("plugin://plugin.video.TheFirstAvenger/?url=%D7%A2%D7%A8%D7%95%D7%A5+%D7%A1%D7%A8%D7%98%D7%99+%D7%9E%D7%90%D7%A8%D7%95%D7%95%D7%9C+%D7%A0%D7%92%D7%93+%D7%93%D7%99+%D7%A1%D7%99+%D7%A9%D7%9C+%D7%94%D7%A0%D7%95%D7%A7%D7%9D+%D7%94%D7%A8%D7%90%D7%A9%D7%95%D7%9F&amp;mode=14&amp;name=%D7%A2%D7%A8%D7%95%D7%A5+%D7%A1%D7%A8%D7%98%D7%99+%D7%9E%D7%90%D7%A8%D7%95%D7%95%D7%9C+%D7%A0%D7%92%D7%93+%D7%93%D7%99+%D7%A1%D7%99+%D7%A9%D7%9C+%D7%94%D7%A0%D7%95%D7%A7%D7%9D+%D7%94%D7%A8%D7%90%D7%A9%D7%95%D7%9F&amp;description= &amp;data=+&amp;index_depth=0&amp;lang=eng",return)</action>
	</shortcut>
	<shortcut>
		<defaultID>rvtssrtyhpntzyhshlhnvqmhrshvn</defaultID>
		<label>ערוץ הפנטזיה - הנוקם</label>
		<label2>פריטים מותאמים אישית</label2>
		<icon>special://skin/extras/tv/DefaultFolder.png</icon>
		<thumb>https://1.bp.blogspot.com/-g3PtNoZAGx8/WlDfJgga6_I/AAAAAAAAHmI/_U-11wjDbqAvTnJNsWiOR99cah8xGyj2wCLcBGAs/s1600/Photo%2B06-01-2018%252C%2B16%2B36%2B13.jpg</thumb>
		<action>PlayMedia("plugin://plugin.video.TheFirstAvenger/?url=%D7%A2%D7%A8%D7%95%D7%A5+%D7%A1%D7%A8%D7%98%D7%99+%D7%94%D7%A4%D7%A0%D7%98%D7%96%D7%99%D7%94+%D7%A9%D7%9C+%D7%94%D7%A0%D7%95%D7%A7%D7%9D+%D7%94%D7%A8%D7%90%D7%A9%D7%95%D7%9F&amp;mode=14&amp;name=%D7%A2%D7%A8%D7%95%D7%A5+%D7%A1%D7%A8%D7%98%D7%99+%D7%94%D7%A4%D7%A0%D7%98%D7%96%D7%99%D7%94+%D7%A9%D7%9C+%D7%94%D7%A0%D7%95%D7%A7%D7%9D+%D7%94%D7%A8%D7%90%D7%A9%D7%95%D7%9F&amp;description= &amp;data=+&amp;index_depth=0&amp;lang=eng",return)</action>
	</shortcut>
	<shortcut>
		<defaultID />
		<label>TLC</label>
		<label2>פריטים מותאמים אישית</label2>
		<icon>DefaultShortcut.png</icon>
		<thumb>special://skin/extras/tv/0;10.jpg</thumb>
		<action>PlayMedia("plugin://plugin.video.playlistLoader.a/?logos=&amp;move=0&amp;mode=3&amp;index=-1&amp;url=http%3A%2F%2F127.0.0.1%3A6878%2Face%2Fgetstream%3Furl%3Dhttp%253A%252F%252F91.92.66.82%252Ftrash%252Fttv-list%252Facelive%252Fttv_700_reg.acelive%26amp%3B.mp4&amp;iconimage=&amp;cache=0&amp;name=TLC+HD+",return)</action>
	</shortcut>
	<shortcut>
		<defaultID>s-2-bollywoodclassic</defaultID>
		<label>bollywood classics</label>
		<label2>מועדף</label2>
		<icon>special://skin/extras/icons/DefaultFolder.png</icon>
		<thumb>special://skin/extras/tv/3995716782.jpg</thumb>
		<action>PlayMedia("plugin://plugin.video.allmoviesin/?url=http%3A%2F%2F127.0.0.1%3A6878%2Face%2Fgetstream%3Fid%3D5da2359518cd2cd116532bd4ec6162eba07cfef0&amp;mode=5&amp;name=[S-2] Bollywood Classic&amp;data=&amp;iconimage=https%3A%2F%2Flh3.googleusercontent.com%2F0m0JeYjdEbLUVYCn_4vQjgaybPzyZB9z1fazy07JFkKyF6dK1gboo7_N9cz0GADxJw4%3Ds180&amp;fanart=https%3A%2F%2Fi.pinimg.com%2Foriginals%2F6b%2F18%2F31%2F6b1831503dc0e0470b2bf1e1b5df978f.jpg&amp;description=Bollywood Classic&amp;original_title= &amp;id= &amp;season= &amp;episode= &amp;saved_name= &amp;prev_name= &amp;eng_name= &amp;heb_name= &amp;show_original_year= ",return)</action>
	</shortcut>
	<shortcut>
		<defaultID>s-2-flikhhd</defaultID>
		<label>&amp;Flix HD</label>
		<label2>מועדף</label2>
		<icon>special://skin/extras/icons/DefaultFolder.png</icon>
		<thumb>special://skin/extras/tv/&amp;flix_HD.jpg</thumb>
		<action>PlayMedia("plugin://plugin.video.allmoviesin/?url=http%3A%2F%2F127.0.0.1%3A6878%2Face%2Fgetstream%3Fid%3Dd46fcab136c401132fe41f2c100002283d537406&amp;mode=5&amp;name=[S-2] Fliх HD&amp;data=&amp;iconimage=https%3A%2F%2Flh3.googleusercontent.com%2F0m0JeYjdEbLUVYCn_4vQjgaybPzyZB9z1fazy07JFkKyF6dK1gboo7_N9cz0GADxJw4%3Ds180&amp;fanart=https%3A%2F%2Fi.pinimg.com%2Foriginals%2F6b%2F18%2F31%2F6b1831503dc0e0470b2bf1e1b5df978f.jpg&amp;description=Fliх HD&amp;original_title= &amp;id= &amp;season= &amp;episode= &amp;saved_name= &amp;prev_name= &amp;eng_name= &amp;heb_name= &amp;show_original_year= ",return)</action>
	</shortcut>
	<shortcut>
		<defaultID>filmbox</defaultID>
		<label>FilmBox</label>
		<label2>פריטים מותאמים אישית</label2>
		<icon>special://skin/extras/icons/DefaultFolder.png</icon>
		<thumb>special://skin/extras/tv/FILMBOX_HD.png</thumb>
		<action>PlayMedia("plugin://plugin.video.allmoviesin/?url=http%3A%2F%2F127.0.0.1%3A6878%2Face%2Fgetstream%3Fid%3D264df4ba5f5eb25f595a125cc78cfbce72fdfcb4&amp;mode=5&amp;name=[S-2] FilmBox&amp;data=&amp;iconimage=https%3A%2F%2Flh3.googleusercontent.com%2F0m0JeYjdEbLUVYCn_4vQjgaybPzyZB9z1fazy07JFkKyF6dK1gboo7_N9cz0GADxJw4%3Ds180&amp;fanart=https%3A%2F%2Fi.pinimg.com%2Foriginals%2F6b%2F18%2F31%2F6b1831503dc0e0470b2bf1e1b5df978f.jpg&amp;description=FilmBox&amp;original_title= &amp;id= &amp;season= &amp;episode= &amp;saved_name= &amp;prev_name= &amp;eng_name= &amp;heb_name= &amp;show_original_year= ",return)</action>
	</shortcut>
	<shortcut>
		<defaultID>s-2-paramountchannel</defaultID>
		<label>Paramount Channel</label>
		<label2>מועדף</label2>
		<icon>special://skin/extras/icons/DefaultFolder.png</icon>
		<thumb>special://skin/extras/tv/1200px-Paramount_Channel.svg.png</thumb>
		<action>PlayMedia("plugin://plugin.video.allmoviesin/?url=http%3A%2F%2F127.0.0.1%3A6878%2Face%2Fgetstream%3Fid%3Dd2009bb5fdb9bbdf916cc8ccceab48b4d7b1e413&amp;mode=5&amp;name=[S-2] Paramount Channel&amp;data=&amp;iconimage=https%3A%2F%2Flh3.googleusercontent.com%2F0m0JeYjdEbLUVYCn_4vQjgaybPzyZB9z1fazy07JFkKyF6dK1gboo7_N9cz0GADxJw4%3Ds180&amp;fanart=https%3A%2F%2Fi.pinimg.com%2Foriginals%2F6b%2F18%2F31%2F6b1831503dc0e0470b2bf1e1b5df978f.jpg&amp;description=Paramount Channel&amp;original_title= &amp;id= &amp;season= &amp;episode= &amp;saved_name= &amp;prev_name= &amp;eng_name= &amp;heb_name= &amp;show_original_year= ",return)</action>
	</shortcut>
	<shortcut>
		<defaultID>mgmhd</defaultID>
		<label>MGM HD</label>
		<label2>מועדף</label2>
		<icon>special://skin/extras/tv/DefaultFolder.png</icon>
		<thumb>special://skin/extras/tv/MGM-HD-Channel-300x200.jpg</thumb>
		<action>PlayMedia("plugin://plugin.video.allmoviesin/?url=aceplay&amp;mode=5&amp;name=MGM HD&amp;data=&amp;iconimage=https%3A%2F%2Flh3.googleusercontent.com%2F0m0JeYjdEbLUVYCn_4vQjgaybPzyZB9z1fazy07JFkKyF6dK1gboo7_N9cz0GADxJw4%3Ds180&amp;fanart=https%3A%2F%2Fi.pinimg.com%2Foriginals%2F6b%2F18%2F31%2F6b1831503dc0e0470b2bf1e1b5df978f.jpg&amp;description=MGM HD&amp;original_title= &amp;id= &amp;season= &amp;episode= &amp;saved_name= &amp;prev_name= &amp;eng_name= &amp;heb_name= &amp;show_original_year= ",return)</action>
	</shortcut>
	<shortcut>
		<defaultID>s-2-axn</defaultID>
		<label>AXN</label>
		<label2>מועדף</label2>
		<icon>special://skin/extras/icons/DefaultFolder.png</icon>
		<thumb>special://skin/extras/tv/AXN_Logo_2015.png</thumb>
		<action>PlayMedia("plugin://plugin.video.allmoviesin/?url=http%3A%2F%2F127.0.0.1%3A6878%2Face%2Fgetstream%3Fid%3De5d74d2dca5680524307b84b35a416c0e42620b7&amp;mode=5&amp;name=[S-2] AXN&amp;data=&amp;iconimage=https%3A%2F%2Flh3.googleusercontent.com%2F0m0JeYjdEbLUVYCn_4vQjgaybPzyZB9z1fazy07JFkKyF6dK1gboo7_N9cz0GADxJw4%3Ds180&amp;fanart=https%3A%2F%2Fi.pinimg.com%2Foriginals%2F6b%2F18%2F31%2F6b1831503dc0e0470b2bf1e1b5df978f.jpg&amp;description=AXN&amp;original_title= &amp;id= &amp;season= &amp;episode= &amp;saved_name= &amp;prev_name= &amp;eng_name= &amp;heb_name= &amp;show_original_year= ",return)</action>
	</shortcut>
	<shortcut>
		<defaultID>s-2-sonymoviechannel</defaultID>
		<label>Sony Movie</label>
		<label2>מועדף</label2>
		<icon>special://skin/extras/icons/DefaultFolder.png</icon>
		<thumb>special://skin/extras/tv/Sony-Movie-Channel.jpg</thumb>
		<action>PlayMedia("plugin://plugin.video.allmoviesin/?url=http%3A%2F%2F127.0.0.1%3A6878%2Face%2Fgetstream%3Fid%3D615c2cd199eb6c8850ec135375d26ca6e1e8d62f&amp;mode=5&amp;name=[S-2] Sony Movie Channel&amp;data=&amp;iconimage=https%3A%2F%2Flh3.googleusercontent.com%2F0m0JeYjdEbLUVYCn_4vQjgaybPzyZB9z1fazy07JFkKyF6dK1gboo7_N9cz0GADxJw4%3Ds180&amp;fanart=https%3A%2F%2Fi.pinimg.com%2Foriginals%2F6b%2F18%2F31%2F6b1831503dc0e0470b2bf1e1b5df978f.jpg&amp;description=Sony Movie Channel&amp;original_title= &amp;id= &amp;season= &amp;episode= &amp;saved_name= &amp;prev_name= &amp;eng_name= &amp;heb_name= &amp;show_original_year= ",return)</action>
	</shortcut>
	<shortcut>
		<defaultID>spikehd</defaultID>
		<label>Spike HD</label>
		<label2>מועדף</label2>
		<icon>special://skin/extras/icons/DefaultFolder.png</icon>
		<thumb>special://skin/extras/tv/spike-logo.jpg</thumb>
		<action>PlayMedia("plugin://plugin.video.allmoviesin/?url=http%3A%2F%2F127.0.0.1%3A6878%2Face%2Fgetstream%3Fid%3D1f64575276e3da41009f59cfe42218201e9dbfa8&amp;mode=5&amp;name=Spike HD&amp;data=&amp;iconimage=https%3A%2F%2Flh3.googleusercontent.com%2F0m0JeYjdEbLUVYCn_4vQjgaybPzyZB9z1fazy07JFkKyF6dK1gboo7_N9cz0GADxJw4%3Ds180&amp;fanart=https%3A%2F%2Fi.pinimg.com%2Foriginals%2F6b%2F18%2F31%2F6b1831503dc0e0470b2bf1e1b5df978f.jpg&amp;description=Spike HD&amp;original_title= &amp;id= &amp;season= &amp;episode= &amp;saved_name= &amp;prev_name= &amp;eng_name= &amp;heb_name= &amp;show_original_year= ",return)</action>
	</shortcut>
	<shortcut>
		<defaultID>s-2-paramountcomedy-allfon</defaultID>
		<label>Paramount Comedy</label>
		<label2>מועדף</label2>
		<icon>special://skin/extras/icons/DefaultFolder.png</icon>
		<thumb>special://skin/extras/tv/kisspng-paramount-comedy-television-channel-television-sho-television-comedy-5b199d7bdba6a3.4630340415284053718997.jpg</thumb>
		<action>PlayMedia("plugin://plugin.video.allmoviesin/?url=http%3A%2F%2F127.0.0.1%3A6878%2Face%2Fgetstream%3Fid%3D38bdd22cb518b55c44a69fc533c572c2bef328e3&amp;mode=5&amp;name=[S-2] Paramount Comedy (allfon)&amp;data=&amp;iconimage=https%3A%2F%2Flh3.googleusercontent.com%2F0m0JeYjdEbLUVYCn_4vQjgaybPzyZB9z1fazy07JFkKyF6dK1gboo7_N9cz0GADxJw4%3Ds180&amp;fanart=https%3A%2F%2Fi.pinimg.com%2Foriginals%2F6b%2F18%2F31%2F6b1831503dc0e0470b2bf1e1b5df978f.jpg&amp;description=Paramount Comedy (allfon)&amp;original_title= &amp;id= &amp;season= &amp;episode= &amp;saved_name= &amp;prev_name= &amp;eng_name= &amp;heb_name= &amp;show_original_year= ",return)</action>
	</shortcut>
</shortcuts>
