<?xml version='1.0' encoding='UTF-8'?>
<shortcuts>
	<shortcut>
		<defaultID>plugin.video.ember</defaultID>
		<label>ערוץ - France 24</label>
		<label2>הרחבת וידאו</label2>
		<icon>DefaultShortcut.png</icon>
		<thumb>https://images-na.ssl-images-amazon.com/images/I/71cBjGpA%2BxL.png</thumb>
		<action>PlayMedia("plugin://script.module.myresolver/?url=425&amp;provider=mediabay")</action>
	</shortcut>
	<shortcut>
		<defaultID>plugin.video.ember</defaultID>
		<label>ערוץ - O'zbekiston 24</label>
		<label2>הרחבת וידאו</label2>
		<icon>DefaultShortcut.png</icon>
		<thumb>special://skin/media/idan/news.jpg</thumb>
		<action>PlayMedia("plugin://script.module.myresolver/?url=393&amp;provider=mediabay")</action>
	</shortcut>
	<shortcut>
		<defaultID>cbs</defaultID>
		<label>CBS</label>
		<label2>ערוץ - Zo'rTV</label2>
		<icon>special://skin/extras/tv/DefaultFolder.png</icon>
		<thumb>special://skin/extras/tv/cbs-logo-featured-image1.jpg</thumb>
		<action>PlayMedia("plugin://script.module.myresolver/?url=395&amp;provider=mediabay")</action>
	</shortcut>
	<shortcut>
		<defaultID>cbsnewshd</defaultID>
		<label>ערוץ - Uzbek Music</label>
		<label2>מועדף</label2>
		<icon>special://skin/extras/tv/DefaultFolder.png</icon>
		<thumb>special://skin/extras/tv/cbs news live stream.gif</thumb>
		<action>PlayMedia("plugin://script.module.myresolver/?url=499&amp;provider=mediabay")</action>
	</shortcut>
	<shortcut>
		<defaultID>skynewsarabia</defaultID>
		<label>ערוץ - O'zbekiston</label>
		<label2>מועדף</label2>
		<icon>special://skin/extras/tv/DefaultFolder.png</icon>
		<thumb>special://skin/extras/tv/9dnwpcmtdzgu.jpg</thumb>
		<action>PlayMedia("plugin://script.module.myresolver/?url=140&amp;provider=mediabay")</action>
	</shortcut>
	<shortcut>
		<defaultID>aljazeerahdarab</defaultID>
		<label>ערוץ - Sevimli</label>
		<label2>מועדף</label2>
		<icon>special://skin/extras/tv/DefaultFolder.png</icon>
		<thumb>special://skin/extras/tv/extra_big_logo.png</thumb>
		<action>PlayMedia("plugin://script.module.myresolver/?url=396&amp;provider=mediabay")</action>
	</shortcut>
	<shortcut>
		<defaultID>bbcarabic</defaultID>
		<label>ערוץ - MilliyTV</label>
		<label2>מועדף</label2>
		<icon>special://skin/extras/tv/DefaultFolder.png</icon>
		<thumb>special://skin/extras/tv/624.jpg</thumb>
		<action>PlayMedia("plugin://script.module.myresolver/?url=391&amp;provider=mediabay")</action>
	</shortcut>
	<shortcut>
		<defaultID>bbcarabic</defaultID>
		<label>ערוץ - AzonTV</label>
		<label2>מועדף</label2>
		<icon>special://skin/extras/tv/DefaultFolder.png</icon>
		<thumb>special://skin/extras/tv/624.jpg</thumb>
		<action>PlayMedia("plugin://script.module.myresolver/?url=508&amp;provider=mediabay")</action>
	</shortcut>
	<shortcut>
		<defaultID>bbcarabic</defaultID>
		<label>ערוץ - Yoshlar - Uz</label>
		<label2>מועדף</label2>
		<icon>special://skin/extras/tv/DefaultFolder.png</icon>
		<thumb>special://skin/extras/tv/624.jpg</thumb>
		<action>PlayMedia("plugin://script.module.myresolver/?url=134&amp;provider=mediabay")</action>
	</shortcut>
	<shortcut>
		<defaultID>bbcarabic</defaultID>
		<label>ערוץ - Toshkent - Uz</label>
		<label2>מועדף</label2>
		<icon>special://skin/extras/tv/DefaultFolder.png</icon>
		<thumb>special://skin/extras/tv/624.jpg</thumb>
		<action>PlayMedia("plugin://script.module.myresolver/?url=136&amp;provider=mediabay")</action>
	</shortcut>
	<shortcut>
		<defaultID>bbcarabic</defaultID>
		<label>ערוץ - Oilaviy</label>
		<label2>מועדף</label2>
		<icon>special://skin/extras/tv/DefaultFolder.png</icon>
		<thumb>special://skin/extras/tv/624.jpg</thumb>
		<action>PlayMedia("plugin://script.module.myresolver/?url=392&amp;provider=mediabay")</action>
	</shortcut>
	<shortcut>
		<defaultID>bbcarabic</defaultID>
		<label>ערוץ - Dunyo Boylab - Uz</label>
		<label2>מועדף</label2>
		<icon>special://skin/extras/tv/DefaultFolder.png</icon>
		<thumb>special://skin/extras/tv/624.jpg</thumb>
		<action>PlayMedia("plugin://script.module.myresolver/?url=144&amp;provider=mediabay")</action>
	</shortcut>
	<shortcut>
		<defaultID>bbcarabic</defaultID>
		<label>ערוץ - Madaniyat va Marifat - Uz</label>
		<label2>מועדף</label2>
		<icon>special://skin/extras/tv/DefaultFolder.png</icon>
		<thumb>special://skin/extras/tv/624.jpg</thumb>
		<action>PlayMedia("plugin://script.module.myresolver/?url=146&amp;provider=mediabay")</action>
	</shortcut>
	<shortcut>
		<defaultID>bbcarabic</defaultID>
		<label>ערוץ - Bolajon - Uz</label>
		<label2>מועדף</label2>
		<icon>special://skin/extras/tv/DefaultFolder.png</icon>
		<thumb>special://skin/extras/tv/624.jpg</thumb>
		<action>PlayMedia("plugin://script.module.myresolver/?url=148&amp;provider=mediabay")</action>
	</shortcut>
	<shortcut>
		<defaultID>bbcarabic</defaultID>
		<label>ערוץ - Mahalla</label>
		<label2>מועדף</label2>
		<icon>special://skin/extras/tv/DefaultFolder.png</icon>
		<thumb>special://skin/extras/tv/624.jpg</thumb>
		<action>PlayMedia("plugin://script.module.myresolver/?url=394&amp;provider=mediabay")</action>
	</shortcut>
	<shortcut>
		<defaultID>bbcarabic</defaultID>
		<label>ערוץ - Navo - Uz</label>
		<label2>מועדף</label2>
		<icon>special://skin/extras/tv/DefaultFolder.png</icon>
		<thumb>special://skin/extras/tv/624.jpg</thumb>
		<action>PlayMedia("plugin://script.module.myresolver/?url=254&amp;provider=mediabay")</action>
	</shortcut>
	<shortcut>
		<defaultID>bbcarabic</defaultID>
		<label>ערוץ - Planeta RTR</label>
		<label2>מועדף</label2>
		<icon>special://skin/extras/tv/DefaultFolder.png</icon>
		<thumb>special://skin/extras/tv/624.jpg</thumb>
		<action>PlayMedia("plugin://script.module.myresolver/?url=378&amp;provider=mediabay")</action>
	</shortcut>
	<shortcut>
		<defaultID>bbcarabic</defaultID>
		<label>ערוץ - Pervy - RU - Test</label>
		<label2>מועדף</label2>
		<icon>special://skin/extras/tv/DefaultFolder.png</icon>
		<thumb>special://skin/extras/tv/624.jpg</thumb>
		<action>PlayMedia("plugin://script.module.myresolver/?url=240&amp;provider=mediabay")</action>
	</shortcut>
	<shortcut>
		<defaultID>bbcarabic</defaultID>
		<label>ערוץ - Kazakh Films</label>
		<label2>מועדף</label2>
		<icon>special://skin/extras/tv/DefaultFolder.png</icon>
		<thumb>special://skin/extras/tv/624.jpg</thumb>
		<action>PlayMedia("plugin://script.module.myresolver/?url=545&amp;provider=mediabay")</action>
	</shortcut>
	<shortcut>
		<defaultID>bbcarabic</defaultID>
		<label>ערוץ - Tajik Films</label>
		<label2>מועדף</label2>
		<icon>special://skin/extras/tv/DefaultFolder.png</icon>
		<thumb>special://skin/extras/tv/624.jpg</thumb>
		<action>PlayMedia("plugin://script.module.myresolver/?url=544&amp;provider=mediabay")</action>
	</shortcut>
</shortcuts>
