<?xml version='1.0' encoding='UTF-8'?>
<shortcuts>
	<shortcut>
		<defaultID />
		<label>מוסיקה - Jango</label>
		<label2>פריטים מותאמים אישית</label2>
		<icon>DefaultShortcut.png</icon>
		<thumb>special://home/Graphics/Music/jango.jpg</thumb>
		<action>ActivateWindow(Music,"plugin://plugin.audio.jango",return)</action>
	</shortcut>
	<shortcut>
		<defaultID>plugin.audio.eco99music</defaultID>
		<label>מוסיקה - Eco99</label>
		<label2>פריטים מותאמים אישית</label2>
		<icon>DefaultShortcut.png</icon>
		<thumb>special://home/Graphics/Music/99fm.jpg</thumb>
		<action>ActivateWindow(Videos,"plugin://plugin.video.allmoviesin/?mode=56&amp;name=אקו 99&amp;heb_name= &amp;dates= &amp;data= &amp;original_title= &amp;id= &amp;season= &amp;episode= &amp;tmdbid= &amp;eng_name= &amp;show_original_year= &amp;isr=0&amp;fanart=https%3A%2F%2Fblog.keycdn.com%2Fblog%2Fwp-content%2Fuploads%2F2014%2F11%2Flive-streaming-1-768x384.png&amp;url=https%3A%2F%2Fraw.githubusercontent.com%2Fb2kb2kb2k%2Fb2k-playlist%2Fmaster%2Fm3u%2Fb2k%2520-%2520music%2520playlist.m3u&amp;iconimage=http%3A%2F%2Fcdn.marketplaceimages.windowsphone.com%2Fv8%2Fimages%2F31edc250-11db-47c3-ad08-712fb1082435%3FimageType%3Dws_icon_large&amp;description=%D7%90%D7%A7%D7%95+99&amp;fav_status=false",return)</action>
	</shortcut>
	<shortcut>
		<defaultID />
		<label>שרים קריוקי</label>
		<label2>Custom item</label2>
		<icon>DefaultShortcut.png</icon>
		<thumb>special://home/Graphics/Music/karaoke1.jpg</thumb>
		<action>ActivateWindow(Videos,"plugin://plugin.video.karaoketv",return)</action>
	</shortcut>
	<shortcut>
		<defaultID>plugin.video.kmusictube</defaultID>
		<label>אוסף מוסיקה ישראלית</label>
		<label2>פריטים מותאמים אישית</label2>
		<icon>DefaultShortcut.png</icon>
		<thumb>special://home/Graphics/Music/musicvideos.jpg</thumb>
		<action>ActivateWindow(Videos,"plugin://plugin.video.youtube/kodion/search/query/?q=%D7%9E%D7%95%D7%96%D7%99%D7%A7%D7%94+%D7%A4%D7%95%D7%A4%D7%95%D7%9C%D7%A8%D7%99&amp;search_type=playlist",return)</action>
	</shortcut>
	<shortcut>
		<defaultID />
		<label>מוסיקה - Ace stream</label>
		<label2>פריטים מותאמים אישית</label2>
		<icon>DefaultShortcut.png</icon>
		<thumb>special://home/Graphics/Music/Acestream.jpg</thumb>
		<action>ActivateWindow(Videos,"plugin://plugin.video.playlistLoader.a/?logos=&amp;move=0&amp;mode=2&amp;index=4&amp;url=https%3A%2F%2Fpastebin.com%2Fraw%2FWrS6Kytv&amp;iconimage=&amp;cache=0&amp;name=%5BCOLOR+blue%5D%5B%D7%9E%D7%95%D7%A1%D7%99%D7%A7%D7%94+-+Ace+stream%5D%5B%2FCOLOR%5D",return)</action>
	</shortcut>
	<shortcut>
		<defaultID />
		<label>הופעות חיות</label>
		<label2>פריטים מותאמים אישית</label2>
		<icon>DefaultShortcut.png</icon>
		<thumb>special://home/Graphics/Music/liveshow.jpg</thumb>
		<action>ActivateWindow(Videos,"plugin://plugin.video.fdj.hd",return)</action>
	</shortcut>
	<shortcut>
		<defaultID />
		<label>רדיו - עידן פלוס</label>
		<label2>פריטים מותאמים אישית</label2>
		<icon>DefaultShortcut.png</icon>
		<thumb>special://home/Graphics/Music/radio.jpg</thumb>
		<action>ActivateWindow(Videos,"plugin://plugin.video.idanplus/?moredata=&amp;name=%5BB%5D%D7%A8%D7%93%D7%99%D7%95%5B%2FB%5D&amp;url=&amp;iconimage=C%253A%255CUsers%255CHome%255CAppData%255CRoaming%255CKodi%255Caddons%255Cplugin.video.idanplus%255Cicon.png&amp;module=&amp;mode=3",return)</action>
	</shortcut>
	<shortcut>
		<defaultID />
		<label>ערוצי רדיו</label>
		<label2>פריטים מותאמים אישית</label2>
		<icon>DefaultShortcut.png</icon>
		<thumb>special://home/Graphics/Music/radio.jpg</thumb>
		<action>ActivateWindow(Videos,"plugin://plugin.video.playlistLoader.a/?logos=&amp;move=0&amp;mode=2&amp;index=1&amp;url=https%3A%2F%2Farchive.org%2Fdownload%2FisrarelRadiofull%2FisrarelRadiofull.m3u&amp;iconimage=&amp;cache=0&amp;name=%5BCOLOR+blue%5D%5B%D7%A2%D7%A8%D7%95%D7%A6%D7%99+%D7%A8%D7%93%D7%99%D7%95%5D%5B%2FCOLOR%5D",return)</action>
	</shortcut>
	<shortcut>
		<defaultID>plugin.video.youtube</defaultID>
		<label>YouTube</label>
		<label2>פריטים מותאמים אישית</label2>
		<icon>DefaultShortcut.png</icon>
		<thumb>special://home/Graphics/Music/youtube1.jpg</thumb>
		<action>ActivateWindow(Videos,"plugin://plugin.video.youtube",return)</action>
	</shortcut>
	<shortcut>
		<defaultID>plugin.video.wildhitz</defaultID>
		<label>Now Music</label>
		<label2>פריטים מותאמים אישית</label2>
		<icon>DefaultShortcut.png</icon>
		<thumb>special://home/Graphics/Music/nowmusic.jpg</thumb>
		<action>ActivateWindow(Videos,"plugin://plugin.video.now_music_usa",return)</action>
	</shortcut>
</shortcuts>
