<?xml version='1.0' encoding='UTF-8'?>
<shortcuts>
	<shortcut>
		<defaultID>rvtshyldymsdrvtmdvbbvtshlhnvqmhrshvn</defaultID>
		<label>ערוץ הילדים - הנוקם</label>
		<label2>מועדף</label2>
		<icon>special://skin/extras/icons/folder.png</icon>
		<thumb>https://images.peer5.net/images/b/spp_42.jpg</thumb>
		<action>PlayMedia("plugin://plugin.video.TheFirstAvenger/?url=%D7%A2%D7%A8%D7%95%D7%A5+%D7%94%D7%99%D7%9C%D7%93%D7%99%D7%9D+%D7%A1%D7%93%D7%A8%D7%95%D7%AA+%D7%9E%D7%93%D7%95%D7%91%D7%91%D7%95%D7%AA+%D7%A9%D7%9C+%D7%94%D7%A0%D7%95%D7%A7%D7%9D+%D7%94%D7%A8%D7%90%D7%A9%D7%95%D7%9F&amp;mode=14&amp;name=%D7%A2%D7%A8%D7%95%D7%A5+%D7%94%D7%99%D7%9C%D7%93%D7%99%D7%9D+%D7%A1%D7%93%D7%A8%D7%95%D7%AA+%D7%9E%D7%93%D7%95%D7%91%D7%91%D7%95%D7%AA+%D7%A9%D7%9C+%D7%94%D7%A0%D7%95%D7%A7%D7%9D+%D7%94%D7%A8%D7%90%D7%A9%D7%95%D7%9F&amp;description= &amp;data=+&amp;index_depth=0&amp;lang=eng",return)</action>
	</shortcut>
	<shortcut>
		<defaultID>s-2-nickelodeonhd</defaultID>
		<label>Nickelodeon HD</label>
		<label2>פריטים מותאמים אישית</label2>
		<icon>special://skin/extras/icons/DefaultFolder.png</icon>
		<thumb>special://skin/extras/tv/Nickelodeon-old-school-nickelodeon-295359_1024_768.jpg</thumb>
		<action>PlayMedia("plugin://plugin.video.allmoviesin/?url=http%3A%2F%2F127.0.0.1%3A6878%2Face%2Fgetstream%3Fid%3Dfd680d317857e6ba0ff627e4720bf2a7258865c1&amp;mode=5&amp;name=[S-2] Nickelodeon HD&amp;data=&amp;iconimage=https%3A%2F%2Flh3.googleusercontent.com%2F0m0JeYjdEbLUVYCn_4vQjgaybPzyZB9z1fazy07JFkKyF6dK1gboo7_N9cz0GADxJw4%3Ds180&amp;fanart=https%3A%2F%2Fi.pinimg.com%2Foriginals%2F6b%2F18%2F31%2F6b1831503dc0e0470b2bf1e1b5df978f.jpg&amp;description=Nickelodeon HD&amp;original_title= &amp;id= &amp;season= &amp;episode= &amp;saved_name= &amp;prev_name= &amp;eng_name= &amp;heb_name= &amp;show_original_year= ",return)</action>
	</shortcut>
	<shortcut>
		<defaultID>s-2-nickelodeon-allfon</defaultID>
		<label>Nickelodeon</label>
		<label2>מועדף</label2>
		<icon>special://skin/extras/icons/DefaultFolder.png</icon>
		<thumb>special://skin/extras/tv/Nickelodeon-old-school-nickelodeon-295359_1024_768.jpg</thumb>
		<action>PlayMedia("plugin://plugin.video.allmoviesin/?url=http%3A%2F%2F127.0.0.1%3A6878%2Face%2Fgetstream%3Fid%3Df767d7df12b0f2a50bab4ae4b0696370f1b7c0b3&amp;mode=5&amp;name=[S-2] Nickelodeon (allfon)&amp;data=&amp;iconimage=https%3A%2F%2Flh3.googleusercontent.com%2F0m0JeYjdEbLUVYCn_4vQjgaybPzyZB9z1fazy07JFkKyF6dK1gboo7_N9cz0GADxJw4%3Ds180&amp;fanart=https%3A%2F%2Fi.pinimg.com%2Foriginals%2F6b%2F18%2F31%2F6b1831503dc0e0470b2bf1e1b5df978f.jpg&amp;description=Nickelodeon (allfon)&amp;original_title= &amp;id= &amp;season= &amp;episode= &amp;saved_name= &amp;prev_name= &amp;eng_name= &amp;heb_name= &amp;show_original_year= ",return)</action>
	</shortcut>
	<shortcut>
		<defaultID>nickaustria</defaultID>
		<label>Nick</label>
		<label2>פריטים מותאמים אישית</label2>
		<icon>special://skin/extras/icons/DefaultFolder.png</icon>
		<thumb>special://skin/extras/tv/nick-logo-200x200.png</thumb>
		<action>PlayMedia("plugin://plugin.video.allmoviesin/?url=http%3A%2F%2F127.0.0.1%3A6878%2Face%2Fgetstream%3Fid%3D57ea37a15f23a17b1df667046b8021c79e91be3f&amp;mode=5&amp;name=[S-2] Nick Austria&amp;data=&amp;iconimage=https%3A%2F%2Flh3.googleusercontent.com%2F0m0JeYjdEbLUVYCn_4vQjgaybPzyZB9z1fazy07JFkKyF6dK1gboo7_N9cz0GADxJw4%3Ds180&amp;fanart=https%3A%2F%2Fi.pinimg.com%2Foriginals%2F6b%2F18%2F31%2F6b1831503dc0e0470b2bf1e1b5df978f.jpg&amp;description=Nick Austria&amp;original_title= &amp;id= &amp;season= &amp;episode= &amp;saved_name= &amp;prev_name= &amp;eng_name= &amp;heb_name= &amp;show_original_year= ",return)</action>
	</shortcut>
	<shortcut>
		<defaultID>nicktoons</defaultID>
		<label>NickToons</label>
		<label2>פריטים מותאמים אישית</label2>
		<icon>special://skin/extras/icons/DefaultFolder.png</icon>
		<thumb>special://skin/extras/tv/Nicktoons_SPLAT!.png</thumb>
		<action>PlayMedia("plugin://plugin.video.allmoviesin/?url=http%3A%2F%2F127.0.0.1%3A6878%2Face%2Fgetstream%3Fid%3Dd55bac1cf659c0e475a11b388347cc847fe5a1a0&amp;mode=5&amp;name=[S-2] NickToons&amp;data=&amp;iconimage=https%3A%2F%2Flh3.googleusercontent.com%2F0m0JeYjdEbLUVYCn_4vQjgaybPzyZB9z1fazy07JFkKyF6dK1gboo7_N9cz0GADxJw4%3Ds180&amp;fanart=https%3A%2F%2Fi.pinimg.com%2Foriginals%2F6b%2F18%2F31%2F6b1831503dc0e0470b2bf1e1b5df978f.jpg&amp;description=NickToons&amp;original_title= &amp;id= &amp;season= &amp;episode= &amp;saved_name= &amp;prev_name= &amp;eng_name= &amp;heb_name= &amp;show_original_year= ",return)</action>
	</shortcut>
	<shortcut>
		<defaultID>nickjr</defaultID>
		<label>Nick Jr.</label>
		<label2>פריטים מותאמים אישית</label2>
		<icon>special://skin/extras/icons/DefaultFolder.png</icon>
		<thumb>special://skin/extras/tv/nickjr-logo-200x200.png</thumb>
		<action>PlayMedia("plugin://plugin.video.allmoviesin/?url=http%3A%2F%2F127.0.0.1%3A6878%2Face%2Fgetstream%3Fid%3D7922ed412e5ff4eb0c6f53c5c4eff4f9097353ea&amp;mode=5&amp;name=[S-2] Nick Jr.&amp;data=&amp;iconimage=https%3A%2F%2Flh3.googleusercontent.com%2F0m0JeYjdEbLUVYCn_4vQjgaybPzyZB9z1fazy07JFkKyF6dK1gboo7_N9cz0GADxJw4%3Ds180&amp;fanart=https%3A%2F%2Fi.pinimg.com%2Foriginals%2F6b%2F18%2F31%2F6b1831503dc0e0470b2bf1e1b5df978f.jpg&amp;description=Nick Jr.&amp;original_title= &amp;id= &amp;season= &amp;episode= &amp;saved_name= &amp;prev_name= &amp;eng_name= &amp;heb_name= &amp;show_original_year= ",return)</action>
	</shortcut>
	<shortcut>
		<defaultID>s-2-babytv</defaultID>
		<label>Baby TV</label>
		<label2>מועדף</label2>
		<icon>special://skin/extras/icons/DefaultFolder.png</icon>
		<thumb>special://skin/extras/icons/Baby.png</thumb>
		<action>PlayMedia("plugin://plugin.video.allmoviesin/?url=http%3A%2F%2F127.0.0.1%3A6878%2Face%2Fgetstream%3Fid%3Da5d7de87534d05d0bf3ad9afc722ac0bbf5b5cf9&amp;mode=5&amp;name=[S-2] Baby TV&amp;data=&amp;iconimage=https%3A%2F%2Flh3.googleusercontent.com%2F0m0JeYjdEbLUVYCn_4vQjgaybPzyZB9z1fazy07JFkKyF6dK1gboo7_N9cz0GADxJw4%3Ds180&amp;fanart=https%3A%2F%2Fi.pinimg.com%2Foriginals%2F6b%2F18%2F31%2F6b1831503dc0e0470b2bf1e1b5df978f.jpg&amp;description=Baby TV&amp;original_title= &amp;id= &amp;season= &amp;episode= &amp;saved_name= &amp;prev_name= &amp;eng_name= &amp;heb_name= &amp;show_original_year= ",return)</action>
	</shortcut>
	<shortcut>
		<defaultID>cartoonnetwork</defaultID>
		<label>Cartoon Network</label>
		<label2>פריטים מותאמים אישית</label2>
		<icon>special://skin/extras/tv/DefaultFolder.png</icon>
		<thumb>special://skin/extras/tv/ultimate_cartoon_network_25th_anniverary_by_orangesyum88-dbpkl5m.png</thumb>
		<action>PlayMedia("plugin://plugin.video.allmoviesin/?url=http%3A%2F%2F127.0.0.1%3A6878%2Face%2Fgetstream%3Fid%3D0a8f4857a6ac72b90ed8bb8944d0031ee30d928b&amp;mode=5&amp;name=[S-2] Cartoon Network&amp;data=&amp;iconimage=https%3A%2F%2Flh3.googleusercontent.com%2F0m0JeYjdEbLUVYCn_4vQjgaybPzyZB9z1fazy07JFkKyF6dK1gboo7_N9cz0GADxJw4%3Ds180&amp;fanart=https%3A%2F%2Fi.pinimg.com%2Foriginals%2F6b%2F18%2F31%2F6b1831503dc0e0470b2bf1e1b5df978f.jpg&amp;description=Cartoon Network&amp;original_title= &amp;id= &amp;season= &amp;episode= &amp;saved_name= &amp;prev_name= &amp;eng_name= &amp;heb_name= &amp;show_original_year= ",return)</action>
	</shortcut>
	<shortcut>
		<defaultID>boomerangtv</defaultID>
		<label>Boomerаng TV</label>
		<label2>מועדף</label2>
		<icon>special://skin/extras/tv/DefaultFolder.png</icon>
		<thumb>special://skin/extras/tv/6cc52ec962d01e9e56327b85140e4576ca8c1cfa58dccf6b3a24b5e6a4d35568.png</thumb>
		<action>PlayMedia("plugin://plugin.video.allmoviesin/?url=http%3A%2F%2F127.0.0.1%3A6878%2Face%2Fgetstream%3Fid%3D663afae38ee4d6ccc66edf3ec7619b62c3a6dbcb&amp;mode=5&amp;name=Boomerаng TV&amp;data=&amp;iconimage=https%3A%2F%2Flh3.googleusercontent.com%2F0m0JeYjdEbLUVYCn_4vQjgaybPzyZB9z1fazy07JFkKyF6dK1gboo7_N9cz0GADxJw4%3Ds180&amp;fanart=https%3A%2F%2Fi.pinimg.com%2Foriginals%2F6b%2F18%2F31%2F6b1831503dc0e0470b2bf1e1b5df978f.jpg&amp;description=Boomerаng TV&amp;original_title= &amp;id= &amp;season= &amp;episode= &amp;saved_name= &amp;prev_name= &amp;eng_name= &amp;heb_name= &amp;show_original_year= ",return)</action>
	</shortcut>
	<shortcut>
		<defaultID>rvtshmdvbbym</defaultID>
		<label>ערוץ המדובבים 1</label>
		<label2>פריטים מותאמים אישית</label2>
		<icon>special://skin/extras/tv/DefaultFolder.png</icon>
		<thumb>https://www.dossinet.me/files/cat_1482632834_49.png</thumb>
		<action>PlayMedia("plugin://script.module.nanscraperss/?url=%5BB%5D%5BCOLOR+orange%5D%D7%A1%D7%A8%D7%98%D7%99%D7%9D%5B%2FB%5D%5B%2FCOLOR%5D%5BB%5D%D7%A1%D7%A8%D7%98%D7%99%D7%9D+%D7%97%D7%95%D7%9C+%D7%9C%D7%A6%D7%A4%D7%99%D7%99%D7%94+%D7%91%D7%A8%D7%A6%D7%A3%5B%2FB%5D%40%D7%A2%D7%A8%D7%95%D7%A5+%D7%A1%D7%A8%D7%98%D7%99+%D7%9E%D7%93%D7%95%D7%91%D7%91%D7%99%D7%9D+%D7%A4%D7%A8%D7%99%D7%9E%D7%99%D7%95%D7%9D&amp;mode=14&amp;name=%D7%A2%D7%A8%D7%95%D7%A5+%D7%A1%D7%A8%D7%98%D7%99+%D7%9E%D7%93%D7%95%D7%91%D7%91%D7%99%D7%9D+%D7%A4%D7%A8%D7%99%D7%9E%D7%99%D7%95%D7%9D&amp;description=[B][COLOR orange]סרטים לצפייה ברצף[/B][/COLOR]&amp;data=+&amp;index_depth=0&amp;lang=eng",return)</action>
	</shortcut>
	<shortcut>
		<defaultID>rvtssrtymmdvbbymlyldym1</defaultID>
		<label>ערוץ המדובבים 2</label>
		<label2>מועדף</label2>
		<icon>special://skin/extras/icons/DefaultFolder.png</icon>
		<thumb>https://media.timeout.com/images/102871675/image.jpg</thumb>
		<action>PlayMedia("plugin://script.module.nanscraperss/?url=%5BB%5D%5BCOLOR+orange%5D%D7%99%D7%9C%D7%93%D7%99%D7%9D%5B%2FB%5D%5B%2FCOLOR%5D%5BB%5D%D7%A1%D7%A8%D7%98%D7%99%D7%9D+%D7%9C%D7%99%D7%9C%D7%93%D7%99%D7%9D+%D7%91%D7%90%D7%99%D7%9B%D7%95%D7%AA+%D7%92%D7%91%D7%95%D7%94%D7%94%5B%2FB%5D%D7%A1%D7%A8%D7%98%D7%99%D7%9D+%D7%9C%D7%99%D7%9C%D7%93%D7%99%D7%9D+%D7%A4%D7%A8%D7%99%D7%9E%D7%99%D7%95%D7%9D%40%D7%A2%D7%A8%D7%95%D7%A5+%D7%A1%D7%A8%D7%98%D7%99%D7%9D+%D7%9E%D7%93%D7%95%D7%91%D7%91%D7%99%D7%9D+%D7%9C%D7%99%D7%9C%D7%93%D7%99%D7%9D+1&amp;mode=14&amp;name=%D7%A2%D7%A8%D7%95%D7%A5+%D7%A1%D7%A8%D7%98%D7%99%D7%9D+%D7%9E%D7%93%D7%95%D7%91%D7%91%D7%99%D7%9D+%D7%9C%D7%99%D7%9C%D7%93%D7%99%D7%9D+1&amp;description=סרטים לילדים&amp;data=+&amp;index_depth=0&amp;lang=eng",return)</action>
	</shortcut>
	<shortcut>
		<defaultID>rvtssrtymmdvbbymlyldym2</defaultID>
		<label>ערוץ המדובבים 3</label>
		<label2>מועדף</label2>
		<icon>special://skin/extras/icons/DefaultFolder.png</icon>
		<thumb>https://media.timeout.com/images/102871675/image.jpg</thumb>
		<action>PlayMedia("plugin://script.module.nanscraperss/?url=%5BB%5D%5BCOLOR+orange%5D%D7%99%D7%9C%D7%93%D7%99%D7%9D%5B%2FB%5D%5B%2FCOLOR%5D%5BB%5D%D7%A1%D7%A8%D7%98%D7%99%D7%9D+%D7%9C%D7%99%D7%9C%D7%93%D7%99%D7%9D+%D7%91%D7%90%D7%99%D7%9B%D7%95%D7%AA+%D7%92%D7%91%D7%95%D7%94%D7%94%5B%2FB%5D%D7%A1%D7%A8%D7%98%D7%99%D7%9D+%D7%9C%D7%99%D7%9C%D7%93%D7%99%D7%9D+%D7%A4%D7%A8%D7%99%D7%9E%D7%99%D7%95%D7%9D%40%D7%A2%D7%A8%D7%95%D7%A5+%D7%A1%D7%A8%D7%98%D7%99%D7%9D+%D7%9E%D7%93%D7%95%D7%91%D7%91%D7%99%D7%9D+%D7%9C%D7%99%D7%9C%D7%93%D7%99%D7%9D+2&amp;mode=14&amp;name=%D7%A2%D7%A8%D7%95%D7%A5+%D7%A1%D7%A8%D7%98%D7%99%D7%9D+%D7%9E%D7%93%D7%95%D7%91%D7%91%D7%99%D7%9D+%D7%9C%D7%99%D7%9C%D7%93%D7%99%D7%9D+2&amp;description=סרטים לילדים&amp;data=+&amp;index_depth=0&amp;lang=eng",return)</action>
	</shortcut>
	<shortcut>
		<defaultID>rvtshmdvbbymshlhnvqmhrshvn</defaultID>
		<label>ערוץ המדובבים - הנוקם</label>
		<label2>פריטים מותאמים אישית</label2>
		<icon>special://skin/extras/icons/DefaultFolder.png</icon>
		<thumb>https://3.bp.blogspot.com/-3F-ND6QGwho/WkluuQk14eI/AAAAAAABQtA/hUMZl9a1xtYlWB3L-3fcgNpHS3jDkGCmgCKgBGAs/s1600/IMG_20180101_003415.jpg</thumb>
		<action>PlayMedia("plugin://plugin.video.TheFirstAvenger/?url=%D7%A2%D7%A8%D7%95%D7%A5+%D7%94%D7%9E%D7%93%D7%95%D7%91%D7%91%D7%99%D7%9D+%D7%A9%D7%9C+%D7%94%D7%A0%D7%95%D7%A7%D7%9D+%D7%94%D7%A8%D7%90%D7%A9%D7%95%D7%9F&amp;mode=14&amp;name=%D7%A2%D7%A8%D7%95%D7%A5+%D7%94%D7%9E%D7%93%D7%95%D7%91%D7%91%D7%99%D7%9D+%D7%A9%D7%9C+%D7%94%D7%A0%D7%95%D7%A7%D7%9D+%D7%94%D7%A8%D7%90%D7%A9%D7%95%D7%9F&amp;description= &amp;data=+&amp;index_depth=0&amp;lang=eng",return)</action>
	</shortcut>
	<shortcut>
		<defaultID>rvtssrtymlyldymbtrgvmmvbnh</defaultID>
		<label>ערוץ סרטים לילדים בתרגום מובנה</label>
		<label2>מועדף</label2>
		<icon>special://skin/extras/icons/DefaultFolder.png</icon>
		<thumb>https://assets1.ignimgs.com/2017/06/05/kidsmovies-1280-1496685187575_400w.jpg</thumb>
		<action>PlayMedia("plugin://script.module.nanscraperss/?url=%5BB%5D%5BCOLOR+orange%5D%D7%99%D7%9C%D7%93%D7%99%D7%9D%5B%2FB%5D%5B%2FCOLOR%5D%5BB%5D%D7%A1%D7%A8%D7%98%D7%99%D7%9D+%D7%9C%D7%99%D7%9C%D7%93%D7%99%D7%9D+%D7%91%D7%90%D7%99%D7%9B%D7%95%D7%AA+%D7%92%D7%91%D7%95%D7%94%D7%94%5B%2FB%5D%D7%A1%D7%A8%D7%98%D7%99%D7%9D+%D7%9C%D7%99%D7%9C%D7%93%D7%99%D7%9D+%D7%A4%D7%A8%D7%99%D7%9E%D7%99%D7%95%D7%9D%40%D7%A2%D7%A8%D7%95%D7%A5+%D7%A1%D7%A8%D7%98%D7%99%D7%9D+%D7%9C%D7%99%D7%9C%D7%93%D7%99%D7%9D+%D7%91%D7%AA%D7%A8%D7%92%D7%95%D7%9D+%D7%9E%D7%95%D7%91%D7%A0%D7%94&amp;mode=14&amp;name=%D7%A2%D7%A8%D7%95%D7%A5+%D7%A1%D7%A8%D7%98%D7%99%D7%9D+%D7%9C%D7%99%D7%9C%D7%93%D7%99%D7%9D+%D7%91%D7%AA%D7%A8%D7%92%D7%95%D7%9D+%D7%9E%D7%95%D7%91%D7%A0%D7%94&amp;description=סרטים לילדים בתרגום מובנה&amp;data=+&amp;index_depth=0&amp;lang=eng",return)</action>
	</shortcut>
	<shortcut>
		<defaultID>rvtssrtyhyldym</defaultID>
		<label>ערוץ סרטי הילדים</label>
		<label2>פריטים מותאמים אישית</label2>
		<icon>special://skin/extras/tv/DefaultFolder.png</icon>
		<thumb>http://www.hot.net.il/UploadedImages//01_2018/logo_kidz_510X287.png</thumb>
		<action>PlayMedia("plugin://script.module.nanscraperss/?url=%5BB%5D%5BCOLOR+orange%5D%D7%A1%D7%A8%D7%98%D7%99%D7%9D%5B%2FB%5D%5B%2FCOLOR%5D%5BB%5D%D7%A1%D7%A8%D7%98%D7%99%D7%9D+%D7%97%D7%95%D7%9C+%D7%9C%D7%A6%D7%A4%D7%99%D7%99%D7%94+%D7%91%D7%A8%D7%A6%D7%A3%5B%2FB%5D%40%D7%A2%D7%A8%D7%95%D7%A5+%D7%A1%D7%A8%D7%98%D7%99+%D7%99%D7%9C%D7%93%D7%99%D7%9D+%D7%A4%D7%A8%D7%99%D7%9E%D7%99%D7%95%D7%9D&amp;mode=14&amp;name=%D7%A2%D7%A8%D7%95%D7%A5+%D7%A1%D7%A8%D7%98%D7%99+%D7%99%D7%9C%D7%93%D7%99%D7%9D+%D7%A4%D7%A8%D7%99%D7%9E%D7%99%D7%95%D7%9D&amp;description=[B][COLOR orange]סרטים לצפייה ברצף[/B][/COLOR]&amp;data=+&amp;index_depth=0&amp;lang=eng",return)</action>
	</shortcut>
	<shortcut>
		<defaultID>rvtssrtymlyldymbykvtgbvhh</defaultID>
		<label>ערוץ סרטים לילדים</label>
		<label2>מועדף</label2>
		<icon>special://skin/extras/icons/DefaultFolder.png</icon>
		<thumb>https://encrypted-tbn0.gstatic.com/images?q=tbn:ANd9GcRa6QFiJhfAgkJ8hQFrl51snefTf0yXRH4-plwQANbrJmkJJoDP</thumb>
		<action>PlayMedia("plugin://script.module.nanscraperss/?url=%5BB%5D%5BCOLOR+orange%5D%D7%99%D7%9C%D7%93%D7%99%D7%9D%5B%2FB%5D%5B%2FCOLOR%5D%5BB%5D%D7%A1%D7%A8%D7%98%D7%99%D7%9D+%D7%9C%D7%99%D7%9C%D7%93%D7%99%D7%9D+%D7%91%D7%90%D7%99%D7%9B%D7%95%D7%AA+%D7%92%D7%91%D7%95%D7%94%D7%94%5B%2FB%5D%D7%A1%D7%A8%D7%98%D7%99%D7%9D+%D7%9C%D7%99%D7%9C%D7%93%D7%99%D7%9D+%D7%A4%D7%A8%D7%99%D7%9E%D7%99%D7%95%D7%9D%40%D7%A2%D7%A8%D7%95%D7%A5+%D7%A1%D7%A8%D7%98%D7%99%D7%9D+%D7%9C%D7%99%D7%9C%D7%93%D7%99%D7%9D+%D7%91%D7%90%D7%99%D7%9B%D7%95%D7%AA+%D7%92%D7%91%D7%95%D7%94%D7%94&amp;mode=14&amp;name=%D7%A2%D7%A8%D7%95%D7%A5+%D7%A1%D7%A8%D7%98%D7%99%D7%9D+%D7%9C%D7%99%D7%9C%D7%93%D7%99%D7%9D+%D7%91%D7%90%D7%99%D7%9B%D7%95%D7%AA+%D7%92%D7%91%D7%95%D7%94%D7%94&amp;description=מפלצות העל בלעדי לגוסט פרימיום&amp;data=+&amp;index_depth=0&amp;lang=eng",return)</action>
	</shortcut>
	<shortcut>
		<defaultID>rvtsyyldym</defaultID>
		<label>ערוץ אנימציה</label>
		<label2>פריטים מותאמים אישית</label2>
		<icon>special://skin/extras/tv/DefaultFolder.png</icon>
		<thumb>https://wallpaperhdzone.com/wp-content/uploads/2016/07/movies-wallpaper2.jpg</thumb>
		<action>PlayMedia("plugin://script.module.nanscraperss/?url=%5BB%5D%5BCOLOR+orange%5D%D7%A1%D7%A8%D7%98%D7%99%D7%9D%5B%2FB%5D%5B%2FCOLOR%5D%5BB%5D%D7%A1%D7%A8%D7%98%D7%99%D7%9D+%D7%97%D7%95%D7%9C+%D7%9C%D7%A6%D7%A4%D7%99%D7%99%D7%94+%D7%91%D7%A8%D7%A6%D7%A3%5B%2FB%5D%40%D7%A2%D7%A8%D7%95%D7%A5+%D7%A1%D7%A8%D7%98%D7%99+%D7%90%D7%A0%D7%99%D7%9E%D7%A6%D7%99%D7%94+%D7%A4%D7%A8%D7%99%D7%9E%D7%99%D7%95%D7%9D&amp;mode=14&amp;name=%D7%A2%D7%A8%D7%95%D7%A5+%D7%A1%D7%A8%D7%98%D7%99+%D7%90%D7%A0%D7%99%D7%9E%D7%A6%D7%99%D7%94+%D7%A4%D7%A8%D7%99%D7%9E%D7%99%D7%95%D7%9D&amp;description=[B][COLOR orange]סרטים לצפייה ברצף[/B][/COLOR]&amp;data=+&amp;index_depth=0&amp;lang=eng",return)</action>
	</shortcut>
	<shortcut>
		<defaultID>rvtshyldym</defaultID>
		<label>ערוץ הילדים</label>
		<label2>פריטים מותאמים אישית</label2>
		<icon>DefaultShortcut.png</icon>
		<thumb>special://skin/extras/icons/kids.png</thumb>
		<action>PlayMedia("plugin://script.module.nanscraperss/?url=%5BB%5D%5BCOLOR+orange%5D%D7%99%D7%9C%D7%93%D7%99%D7%9D%5B%2FB%5D%5B%2FCOLOR%5D%5BB%5D%D7%A2%D7%A8%D7%95%D7%A6%D7%99%D7%9D+%D7%9C%D7%99%D7%9C%D7%93%D7%99%D7%9D+%D7%A4%D7%A8%D7%99%D7%9E%D7%99%D7%95%D7%9D%5B%2FB%5D%40%D7%A2%D7%A8%D7%95%D7%A5+%D7%94%D7%99%D7%9C%D7%93%D7%99%D7%9D+%D7%A4%D7%A8%D7%99%D7%9E%D7%99%D7%95%D7%9D&amp;mode=14&amp;name=%D7%A2%D7%A8%D7%95%D7%A5+%D7%94%D7%99%D7%9C%D7%93%D7%99%D7%9D+%D7%A4%D7%A8%D7%99%D7%9E%D7%99%D7%95%D7%9D&amp;description=לילדים פרימיום&amp;data=+&amp;index_depth=0&amp;lang=eng",return)</action>
	</shortcut>
	<shortcut>
		<defaultID>rvtshyldym</defaultID>
		<label>ערוץ הילדים</label>
		<label2>פריטים מותאמים אישית</label2>
		<icon>special://skin/extras/tv/DefaultFolder.png</icon>
		<thumb>https://4.bp.blogspot.com/-1u28L8WFR04/WX1xNIVXhQI/AAAAAAAAFdc/iYmzRyUnMcMsepnywX9sE3MPbYkVGC0LQCLcBGAs/s1600/Arutz_Heyladim_Logo_SVG.svg.png</thumb>
		<action>PlayMedia("plugin://script.module.nanscraperss/?url=%5BB%5D%5BCOLOR+orange%5D%D7%99%D7%9C%D7%93%D7%99%D7%9D%5B%2FB%5D%5B%2FCOLOR%5D%5BB%5D%D7%A2%D7%A8%D7%95%D7%A6%D7%99%D7%9D+%D7%9C%D7%99%D7%9C%D7%93%D7%99%D7%9D+%D7%A4%D7%A8%D7%99%D7%9E%D7%99%D7%95%D7%9D%5B%2FB%5D%40%D7%A2%D7%A8%D7%95%D7%A5+%D7%94%D7%99%D7%9C%D7%93%D7%99%D7%9D+%D7%A9%D7%9C+%D7%92%D7%95%D7%A1%D7%98&amp;mode=14&amp;name=%D7%A2%D7%A8%D7%95%D7%A5+%D7%94%D7%99%D7%9C%D7%93%D7%99%D7%9D+%D7%A9%D7%9C+%D7%92%D7%95%D7%A1%D7%98&amp;description=ערוץ הילדים של גוסט&amp;data=+&amp;index_depth=0&amp;lang=eng",return)</action>
	</shortcut>
	<shortcut>
		<defaultID>rvtsbyyby</defaultID>
		<label>ערוץ בייבי</label>
		<label2>פריטים מותאמים אישית</label2>
		<icon>special://skin/extras/tv/DefaultFolder.png</icon>
		<thumb>https://babytv.co.il/images/HomePage/LogoBabyIsrael.png</thumb>
		<action>PlayMedia("plugin://script.module.nanscraperss/?url=%5BB%5D%5BCOLOR+orange%5D%D7%99%D7%9C%D7%93%D7%99%D7%9D%5B%2FB%5D%5B%2FCOLOR%5D%5BB%5D%D7%A2%D7%A8%D7%95%D7%A6%D7%99%D7%9D+%D7%9C%D7%99%D7%9C%D7%93%D7%99%D7%9D+%D7%A4%D7%A8%D7%99%D7%9E%D7%99%D7%95%D7%9D%5B%2FB%5D%40%D7%A2%D7%A8%D7%95%D7%A5+%D7%91%D7%99%D7%99%D7%91%D7%99+%D7%A4%D7%A8%D7%99%D7%9E%D7%99%D7%95%D7%9D&amp;mode=14&amp;name=%D7%A2%D7%A8%D7%95%D7%A5+%D7%91%D7%99%D7%99%D7%91%D7%99+%D7%A4%D7%A8%D7%99%D7%9E%D7%99%D7%95%D7%9D&amp;description=בייבי פרימיום&amp;data=+&amp;index_depth=0&amp;lang=eng",return)</action>
	</shortcut>
	<shortcut>
		<defaultID>rvtshvpshlgvst</defaultID>
		<label>ערוץ הופ של גוסט</label>
		<label2>פריטים מותאמים אישית</label2>
		<icon>special://skin/extras/icons/DefaultFolder.png</icon>
		<thumb>https://upload.wikimedia.org/wikipedia/he/thumb/a/a4/New_Hop_Channel_Logo.svg/682px-New_Hop_Channel_Logo.svg.png</thumb>
		<action>PlayMedia("plugin://script.module.nanscraperss/?url=%5BB%5D%5BCOLOR+orange%5D%D7%99%D7%9C%D7%93%D7%99%D7%9D%5B%2FB%5D%5B%2FCOLOR%5D%5BB%5D%D7%A2%D7%A8%D7%95%D7%A6%D7%99%D7%9D+%D7%9C%D7%99%D7%9C%D7%93%D7%99%D7%9D+%D7%A4%D7%A8%D7%99%D7%9E%D7%99%D7%95%D7%9D%5B%2FB%5D%40%D7%A2%D7%A8%D7%95%D7%A5+%D7%94%D7%95%D7%A4+%D7%A4%D7%A8%D7%99%D7%9E%D7%99%D7%95%D7%9D&amp;mode=14&amp;name=%D7%A2%D7%A8%D7%95%D7%A5+%D7%94%D7%95%D7%A4+%D7%A4%D7%A8%D7%99%D7%9E%D7%99%D7%95%D7%9D&amp;description=לילדים פרימיום&amp;data=+&amp;index_depth=0&amp;lang=eng",return)</action>
	</shortcut>
	<shortcut>
		<defaultID>rvtshvp</defaultID>
		<label>ערוץ הופ</label>
		<label2>פריטים מותאמים אישית</label2>
		<icon>special://skin/extras/tv/DefaultFolder.png</icon>
		<thumb>https://upload.wikimedia.org/wikipedia/he/thumb/a/a4/New_Hop_Channel_Logo.svg/682px-New_Hop_Channel_Logo.svg.png</thumb>
		<action>PlayMedia("plugin://script.module.nanscraperss/?url=%5BB%5D%5BCOLOR+orange%5D%D7%99%D7%9C%D7%93%D7%99%D7%9D%5B%2FB%5D%5B%2FCOLOR%5D%5BB%5D%D7%A2%D7%A8%D7%95%D7%A6%D7%99%D7%9D+%D7%9C%D7%99%D7%9C%D7%93%D7%99%D7%9D+%D7%A4%D7%A8%D7%99%D7%9E%D7%99%D7%95%D7%9D%5B%2FB%5D%40%D7%A2%D7%A8%D7%95%D7%A5+%D7%94%D7%95%D7%A4+%D7%A9%D7%9C+%D7%92%D7%95%D7%A1%D7%98&amp;mode=14&amp;name=%D7%A2%D7%A8%D7%95%D7%A5+%D7%94%D7%95%D7%A4+%D7%A9%D7%9C+%D7%92%D7%95%D7%A1%D7%98&amp;description=ערוץ הופ של גוסט&amp;data=+&amp;index_depth=0&amp;lang=eng",return)</action>
	</shortcut>
	<shortcut>
		<defaultID>rvtslvly</defaultID>
		<label>ערוץ לולי</label>
		<label2>פריטים מותאמים אישית</label2>
		<icon>DefaultShortcut.png</icon>
		<thumb>special://skin/extras/icons/donald_duck.png</thumb>
		<action>PlayMedia("plugin://script.module.nanscraperss/?url=%5BB%5D%5BCOLOR+orange%5D%D7%99%D7%9C%D7%93%D7%99%D7%9D%5B%2FB%5D%5B%2FCOLOR%5D%5BB%5D%D7%A2%D7%A8%D7%95%D7%A6%D7%99%D7%9D+%D7%9C%D7%99%D7%9C%D7%93%D7%99%D7%9D+%D7%A4%D7%A8%D7%99%D7%9E%D7%99%D7%95%D7%9D%5B%2FB%5D%40%D7%A2%D7%A8%D7%95%D7%A5+%D7%9C%D7%95%D7%9C%D7%99+%D7%A9%D7%9C+%D7%92%D7%95%D7%A1%D7%98&amp;mode=14&amp;name=%D7%A2%D7%A8%D7%95%D7%A5+%D7%9C%D7%95%D7%9C%D7%99+%D7%A9%D7%9C+%D7%92%D7%95%D7%A1%D7%98&amp;description=ערוץ לולי&amp;data=+&amp;index_depth=0&amp;lang=eng",return)</action>
	</shortcut>
	<shortcut>
		<defaultID>rvtsvmnmshlgvst</defaultID>
		<label>ערוץ אומנם</label>
		<label2>פריטים מותאמים אישית</label2>
		<icon>special://skin/extras/icons/DefaultFolder.png</icon>
		<thumb>https://encrypted-tbn0.gstatic.com/images?q=tbn:ANd9GcRrxq4DkPEEuxrJI84vu6g_nY9E-Tquix6wHo2n6_kPUf8gPdG1</thumb>
		<action>PlayMedia("plugin://script.module.nanscraperss/?url=%5BB%5D%5BCOLOR+orange%5D%D7%99%D7%9C%D7%93%D7%99%D7%9D%5B%2FB%5D%5B%2FCOLOR%5D%5BB%5D%D7%A2%D7%A8%D7%95%D7%A6%D7%99%D7%9D+%D7%9C%D7%99%D7%9C%D7%93%D7%99%D7%9D+%D7%A4%D7%A8%D7%99%D7%9E%D7%99%D7%95%D7%9D%5B%2FB%5D%40%D7%A2%D7%A8%D7%95%D7%A5+%D7%90%D7%95%D7%9E%D7%A0%D7%9D+%D7%A9%D7%9C+%D7%92%D7%95%D7%A1%D7%98&amp;mode=14&amp;name=%D7%A2%D7%A8%D7%95%D7%A5+%D7%90%D7%95%D7%9E%D7%A0%D7%9D+%D7%A9%D7%9C+%D7%92%D7%95%D7%A1%D7%98&amp;description=ערוץ אומנם של גוסט&amp;data=+&amp;index_depth=0&amp;lang=eng",return)</action>
	</shortcut>
	<shortcut>
		<defaultID>rvtslnhmvvlvrshlgvst</defaultID>
		<label>ערוץ אלנה מאוולור</label>
		<label2>פריטים מותאמים אישית</label2>
		<icon>special://skin/extras/icons/DefaultFolder.png</icon>
		<thumb>https://cellcomtv.cellcom.co.il/globalassets/cellcomtv/content/kids/animation/elena-of-avalor/480x543_04.png</thumb>
		<action>PlayMedia("plugin://script.module.nanscraperss/?url=%5BB%5D%5BCOLOR+orange%5D%D7%99%D7%9C%D7%93%D7%99%D7%9D%5B%2FB%5D%5B%2FCOLOR%5D%5BB%5D%D7%A2%D7%A8%D7%95%D7%A6%D7%99%D7%9D+%D7%9C%D7%99%D7%9C%D7%93%D7%99%D7%9D+%D7%A4%D7%A8%D7%99%D7%9E%D7%99%D7%95%D7%9D%5B%2FB%5D%40%D7%A2%D7%A8%D7%95%D7%A5+%D7%90%D7%9C%D7%A0%D7%94+%D7%9E%D7%90%D7%95%D7%95%D7%9C%D7%95%D7%A8+%D7%A9%D7%9C+%D7%92%D7%95%D7%A1%D7%98&amp;mode=14&amp;name=%D7%A2%D7%A8%D7%95%D7%A5+%D7%90%D7%9C%D7%A0%D7%94+%D7%9E%D7%90%D7%95%D7%95%D7%9C%D7%95%D7%A8+%D7%A9%D7%9C+%D7%92%D7%95%D7%A1%D7%98&amp;description=ערוץ אלנה מאוולור של גוסט&amp;data=+&amp;index_depth=0&amp;lang=eng",return)</action>
	</shortcut>
	<shortcut>
		<defaultID>rvtsbbvspvgshlgvst</defaultID>
		<label>ערוץ בבוספוג</label>
		<label2>פריטים מותאמים אישית</label2>
		<icon>special://skin/extras/icons/DefaultFolder.png</icon>
		<thumb>https://www.sratim.co.il/contents/series/images/IL/281.jpg</thumb>
		<action>PlayMedia("plugin://script.module.nanscraperss/?url=%5BB%5D%5BCOLOR+orange%5D%D7%99%D7%9C%D7%93%D7%99%D7%9D%5B%2FB%5D%5B%2FCOLOR%5D%5BB%5D%D7%A2%D7%A8%D7%95%D7%A6%D7%99%D7%9D+%D7%9C%D7%99%D7%9C%D7%93%D7%99%D7%9D+%D7%A4%D7%A8%D7%99%D7%9E%D7%99%D7%95%D7%9D%5B%2FB%5D%40%D7%A2%D7%A8%D7%95%D7%A5+%D7%91%D7%91%D7%95%D7%A1%D7%A4%D7%95%D7%92+%D7%A9%D7%9C+%D7%92%D7%95%D7%A1%D7%98&amp;mode=14&amp;name=%D7%A2%D7%A8%D7%95%D7%A5+%D7%91%D7%91%D7%95%D7%A1%D7%A4%D7%95%D7%92+%D7%A9%D7%9C+%D7%92%D7%95%D7%A1%D7%98&amp;description=ערוץ בבוספוג של גוסט&amp;data=+&amp;index_depth=0&amp;lang=eng",return)</action>
	</shortcut>
	<shortcut>
		<defaultID>rvtsbvbspvgnvsp</defaultID>
		<label>ערוץ בובספוג נוסף</label>
		<label2>פריטים מותאמים אישית</label2>
		<icon>special://skin/extras/icons/DefaultFolder.png</icon>
		<thumb>https://www.sratim.co.il/contents/series/images/IL/281.jpg</thumb>
		<action>PlayMedia("plugin://script.module.nanscraperss/?url=%5BB%5D%5BCOLOR+orange%5D%D7%99%D7%9C%D7%93%D7%99%D7%9D%5B%2FB%5D%5B%2FCOLOR%5D%5BB%5D%D7%A2%D7%A8%D7%95%D7%A6%D7%99%D7%9D+%D7%9C%D7%99%D7%9C%D7%93%D7%99%D7%9D+%D7%A4%D7%A8%D7%99%D7%9E%D7%99%D7%95%D7%9D%5B%2FB%5D%40%D7%A2%D7%A8%D7%95%D7%A5+%D7%91%D7%95%D7%91%D7%A1%D7%A4%D7%95%D7%92+%D7%A0%D7%95%D7%A1%D7%A3&amp;mode=14&amp;name=%D7%A2%D7%A8%D7%95%D7%A5+%D7%91%D7%95%D7%91%D7%A1%D7%A4%D7%95%D7%92+%D7%A0%D7%95%D7%A1%D7%A3&amp;description=ערוצים לילדים פרימיום&amp;data=+&amp;index_depth=0&amp;lang=eng",return)</action>
	</shortcut>
	<shortcut>
		<defaultID>rvtsbvbhshlgvst</defaultID>
		<label>ערוץ בובה</label>
		<label2>פריטים מותאמים אישית</label2>
		<icon>special://skin/extras/icons/DefaultFolder.png</icon>
		<thumb>http://popkult.org/wp-content/uploads/2017/01/b2384033f93956e72edbf1b4ea4c927d.jpg</thumb>
		<action>PlayMedia("plugin://script.module.nanscraperss/?url=%5BB%5D%5BCOLOR+orange%5D%D7%99%D7%9C%D7%93%D7%99%D7%9D%5B%2FB%5D%5B%2FCOLOR%5D%5BB%5D%D7%A2%D7%A8%D7%95%D7%A6%D7%99%D7%9D+%D7%9C%D7%99%D7%9C%D7%93%D7%99%D7%9D+%D7%A4%D7%A8%D7%99%D7%9E%D7%99%D7%95%D7%9D%5B%2FB%5D%40%D7%A2%D7%A8%D7%95%D7%A5+%D7%91%D7%95%D7%91%D7%94+%D7%A9%D7%9C+%D7%92%D7%95%D7%A1%D7%98&amp;mode=14&amp;name=%D7%A2%D7%A8%D7%95%D7%A5+%D7%91%D7%95%D7%91%D7%94+%D7%A9%D7%9C+%D7%92%D7%95%D7%A1%D7%98&amp;description=ערוץ בובה של גוסט&amp;data=+&amp;index_depth=0&amp;lang=eng",return)</action>
	</shortcut>
	<shortcut>
		<defaultID>rvtsgrvvytypvlsshlgvst</defaultID>
		<label>ערוץ גרוויטי פולס</label>
		<label2>פריטים מותאמים אישית</label2>
		<icon>special://skin/extras/icons/DefaultFolder.png</icon>
		<thumb>https://www.sratim.co.il/contents/series/images/2757.jpg</thumb>
		<action>PlayMedia("plugin://script.module.nanscraperss/?url=%5BB%5D%5BCOLOR+orange%5D%D7%99%D7%9C%D7%93%D7%99%D7%9D%5B%2FB%5D%5B%2FCOLOR%5D%5BB%5D%D7%A2%D7%A8%D7%95%D7%A6%D7%99%D7%9D+%D7%9C%D7%99%D7%9C%D7%93%D7%99%D7%9D+%D7%A4%D7%A8%D7%99%D7%9E%D7%99%D7%95%D7%9D%5B%2FB%5D%40%D7%A2%D7%A8%D7%95%D7%A5+%D7%92%D7%A8%D7%95%D7%95%D7%99%D7%98%D7%99+%D7%A4%D7%95%D7%9C%D7%A1+%D7%A9%D7%9C+%D7%92%D7%95%D7%A1%D7%98&amp;mode=14&amp;name=%D7%A2%D7%A8%D7%95%D7%A5+%D7%92%D7%A8%D7%95%D7%95%D7%99%D7%98%D7%99+%D7%A4%D7%95%D7%9C%D7%A1+%D7%A9%D7%9C+%D7%92%D7%95%D7%A1%D7%98&amp;description=ערוץ גרוויטי פולס של גוסט&amp;data=+&amp;index_depth=0&amp;lang=eng",return)</action>
	</shortcut>
	<shortcut>
		<defaultID>rvtshdrdsym</defaultID>
		<label>ערוץ הדרדסים</label>
		<label2>פריטים מותאמים אישית</label2>
		<icon>special://skin/extras/icons/DefaultFolder.png</icon>
		<thumb>https://img.wcdn.co.il/f_auto,w_300,t_18/9/1/0/0/910042-46.jpg</thumb>
		<action>PlayMedia("plugin://script.module.nanscraperss/?url=%5BB%5D%5BCOLOR+orange%5D%D7%99%D7%9C%D7%93%D7%99%D7%9D%5B%2FB%5D%5B%2FCOLOR%5D%5BB%5D%D7%A2%D7%A8%D7%95%D7%A6%D7%99%D7%9D+%D7%9C%D7%99%D7%9C%D7%93%D7%99%D7%9D+%D7%A4%D7%A8%D7%99%D7%9E%D7%99%D7%95%D7%9D%5B%2FB%5D%40%D7%A2%D7%A8%D7%95%D7%A5+%D7%94%D7%93%D7%A8%D7%93%D7%A1%D7%99%D7%9D&amp;mode=14&amp;name=%D7%A2%D7%A8%D7%95%D7%A5+%D7%94%D7%93%D7%A8%D7%93%D7%A1%D7%99%D7%9D&amp;description=ערוצים לילדים פרימיום&amp;data=+&amp;index_depth=0&amp;lang=eng",return)</action>
	</shortcut>
	<shortcut>
		<defaultID>rvtshvtqydsprymyvm</defaultID>
		<label>ערוץ הוט קידס פרימיום</label>
		<label2>פריטים מותאמים אישית</label2>
		<icon>special://skin/extras/icons/DefaultFolder.png</icon>
		<thumb>http://www.hot.net.il/UploadedImages//01_2018/kidz_svod_logo_510_288.jpg</thumb>
		<action>PlayMedia("plugin://script.module.nanscraperss/?url=%5BB%5D%5BCOLOR+orange%5D%D7%99%D7%9C%D7%93%D7%99%D7%9D%5B%2FB%5D%5B%2FCOLOR%5D%5BB%5D%D7%A2%D7%A8%D7%95%D7%A6%D7%99%D7%9D+%D7%9C%D7%99%D7%9C%D7%93%D7%99%D7%9D+%D7%A4%D7%A8%D7%99%D7%9E%D7%99%D7%95%D7%9D%5B%2FB%5D%40%D7%A2%D7%A8%D7%95%D7%A5+%D7%94%D7%95%D7%98+%D7%A7%D7%99%D7%93%D7%A1+%D7%A4%D7%A8%D7%99%D7%9E%D7%99%D7%95%D7%9D&amp;mode=14&amp;name=%D7%A2%D7%A8%D7%95%D7%A5+%D7%94%D7%95%D7%98+%D7%A7%D7%99%D7%93%D7%A1+%D7%A4%D7%A8%D7%99%D7%9E%D7%99%D7%95%D7%9D&amp;description=ערוצים לילדים פרימיום&amp;data=+&amp;index_depth=0&amp;lang=eng",return)</action>
	</shortcut>
	<shortcut>
		<defaultID>rvtshkhynvkytprymyvm</defaultID>
		<label>ערוץ החינוכית פרימיום</label>
		<label2>פריטים מותאמים אישית</label2>
		<icon>special://skin/extras/icons/DefaultFolder.png</icon>
		<thumb>http://www.hot.net.il/UploadedImages//01_2018/logo_Aplus_510X287.png</thumb>
		<action>PlayMedia("plugin://script.module.nanscraperss/?url=%5BB%5D%5BCOLOR+orange%5D%D7%99%D7%9C%D7%93%D7%99%D7%9D%5B%2FB%5D%5B%2FCOLOR%5D%5BB%5D%D7%A2%D7%A8%D7%95%D7%A6%D7%99%D7%9D+%D7%9C%D7%99%D7%9C%D7%93%D7%99%D7%9D+%D7%A4%D7%A8%D7%99%D7%9E%D7%99%D7%95%D7%9D%5B%2FB%5D%40%D7%A2%D7%A8%D7%95%D7%A5+%D7%94%D7%97%D7%99%D7%A0%D7%95%D7%9B%D7%99%D7%AA+%D7%A4%D7%A8%D7%99%D7%9E%D7%99%D7%95%D7%9D&amp;mode=14&amp;name=%D7%A2%D7%A8%D7%95%D7%A5+%D7%94%D7%97%D7%99%D7%A0%D7%95%D7%9B%D7%99%D7%AA+%D7%A4%D7%A8%D7%99%D7%9E%D7%99%D7%95%D7%9D&amp;description=לילדים פרימיום&amp;data=+&amp;index_depth=0&amp;lang=eng",return)</action>
	</shortcut>
	<shortcut>
		<defaultID>rvtshkhypvshythmvplhshlgvst</defaultID>
		<label>ערוץ החיפושית המופלאה</label>
		<label2>פריטים מותאמים אישית</label2>
		<icon>special://skin/extras/icons/DefaultFolder.png</icon>
		<thumb>https://simania.co.il/images/groups/2206.jpg</thumb>
		<action>PlayMedia("plugin://script.module.nanscraperss/?url=%5BB%5D%5BCOLOR+orange%5D%D7%99%D7%9C%D7%93%D7%99%D7%9D%5B%2FB%5D%5B%2FCOLOR%5D%5BB%5D%D7%A2%D7%A8%D7%95%D7%A6%D7%99%D7%9D+%D7%9C%D7%99%D7%9C%D7%93%D7%99%D7%9D+%D7%A4%D7%A8%D7%99%D7%9E%D7%99%D7%95%D7%9D%5B%2FB%5D%40%D7%A2%D7%A8%D7%95%D7%A5+%D7%94%D7%97%D7%99%D7%A4%D7%95%D7%A9%D7%99%D7%AA+%D7%94%D7%9E%D7%95%D7%A4%D7%9C%D7%90%D7%94+%D7%A9%D7%9C+%D7%92%D7%95%D7%A1%D7%98&amp;mode=14&amp;name=%D7%A2%D7%A8%D7%95%D7%A5+%D7%94%D7%97%D7%99%D7%A4%D7%95%D7%A9%D7%99%D7%AA+%D7%94%D7%9E%D7%95%D7%A4%D7%9C%D7%90%D7%94+%D7%A9%D7%9C+%D7%92%D7%95%D7%A1%D7%98&amp;description=ערוץ החיפושית המופלאה של גוסט&amp;data=+&amp;index_depth=0&amp;lang=eng",return)</action>
	</shortcut>
	<shortcut>
		<defaultID>rvtshykvnhkntvsshlgvst</defaultID>
		<label>ערוץ היכון הכן טוס</label>
		<label2>פריטים מותאמים אישית</label2>
		<icon>special://skin/extras/icons/DefaultFolder.png</icon>
		<thumb>https://ytimg.googleusercontent.com/vi/TtRxPn3S8WE/mqdefault.jpg</thumb>
		<action>PlayMedia("plugin://script.module.nanscraperss/?url=%5BB%5D%5BCOLOR+orange%5D%D7%99%D7%9C%D7%93%D7%99%D7%9D%5B%2FB%5D%5B%2FCOLOR%5D%5BB%5D%D7%A2%D7%A8%D7%95%D7%A6%D7%99%D7%9D+%D7%9C%D7%99%D7%9C%D7%93%D7%99%D7%9D+%D7%A4%D7%A8%D7%99%D7%9E%D7%99%D7%95%D7%9D%5B%2FB%5D%40%D7%A2%D7%A8%D7%95%D7%A5+%D7%94%D7%99%D7%9B%D7%95%D7%9F+%D7%94%D7%9B%D7%9F+%D7%98%D7%95%D7%A1+%D7%A9%D7%9C+%D7%92%D7%95%D7%A1%D7%98&amp;mode=14&amp;name=%D7%A2%D7%A8%D7%95%D7%A5+%D7%94%D7%99%D7%9B%D7%95%D7%9F+%D7%94%D7%9B%D7%9F+%D7%98%D7%95%D7%A1+%D7%A9%D7%9C+%D7%92%D7%95%D7%A1%D7%98&amp;description=ערוץ היכון הכן טוס של גוסט&amp;data=+&amp;index_depth=0&amp;lang=eng",return)</action>
	</shortcut>
	<shortcut>
		<defaultID>rvtszvm</defaultID>
		<label>ערוץ זום</label>
		<label2>פריטים מותאמים אישית</label2>
		<icon>special://skin/extras/icons/DefaultFolder.png</icon>
		<thumb>https://yt3.ggpht.com/a-/AN66SAydwkuucaP6fmCkx0SxoqfJ5m7JALuZqpWjgA=s900-mo-c-c0xffffffff-rj-k-no</thumb>
		<action>PlayMedia("plugin://script.module.nanscraperss/?url=%5BB%5D%5BCOLOR+orange%5D%D7%99%D7%9C%D7%93%D7%99%D7%9D%5B%2FB%5D%5B%2FCOLOR%5D%5BB%5D%D7%A2%D7%A8%D7%95%D7%A6%D7%99%D7%9D+%D7%9C%D7%99%D7%9C%D7%93%D7%99%D7%9D+%D7%A4%D7%A8%D7%99%D7%9E%D7%99%D7%95%D7%9D%5B%2FB%5D%40%D7%A2%D7%A8%D7%95%D7%A5+%D7%96%D7%95%D7%9D&amp;mode=14&amp;name=%D7%A2%D7%A8%D7%95%D7%A5+%D7%96%D7%95%D7%9D&amp;description=ברוכים הבאים לגוסט ערוצי הילדים פרימיום , מקווים שתהנו מהתוכן האיכותי. שימו לב יתכנו קישורים לא פעילים כמו בכול הרחבה זה יכול לקרות אבל יש לנו מערכת דיווחים אונליין שמאפשרת לנו לקבל את המידע המלא על כל סרט שלחצתם ולא עבד לכם. הטיפול בתקלה הינו עד 24 שעות בלי התחייבות. הצוות שלנו יעשה את מירב המאמצים על מנת לטפל בקישור התקול בזמן הקצר ביותר. יש לכם עוד שאלות רוצים לקבל עוד מידע? הצטרפו אלינו לקבוצת הטלגרם שלנו @wearenotexist ונשמח לעמוד לרשותכם המשך צפייה מהנה.&amp;data=+&amp;index_depth=0&amp;lang=eng",return)</action>
	</shortcut>
	<shortcut>
		<defaultID>rvtstvmvgryshlgvst</defaultID>
		<label>ערוץ טום וג'רי</label>
		<label2>פריטים מותאמים אישית</label2>
		<icon>special://skin/extras/icons/DefaultFolder.png</icon>
		<thumb>https://pbs.twimg.com/profile_images/458955466756726784/KQpNPBA_.png</thumb>
		<action>PlayMedia("plugin://script.module.nanscraperss/?url=%5BB%5D%5BCOLOR+orange%5D%D7%99%D7%9C%D7%93%D7%99%D7%9D%5B%2FB%5D%5B%2FCOLOR%5D%5BB%5D%D7%A2%D7%A8%D7%95%D7%A6%D7%99%D7%9D+%D7%9C%D7%99%D7%9C%D7%93%D7%99%D7%9D+%D7%A4%D7%A8%D7%99%D7%9E%D7%99%D7%95%D7%9D%5B%2FB%5D%40%D7%A2%D7%A8%D7%95%D7%A5+%D7%98%D7%95%D7%9D+%D7%95%D7%92%D7%A8%D7%99+%D7%A9%D7%9C+%D7%92%D7%95%D7%A1%D7%98&amp;mode=14&amp;name=%D7%A2%D7%A8%D7%95%D7%A5+%D7%98%D7%95%D7%9D+%D7%95%D7%92%D7%A8%D7%99+%D7%A9%D7%9C+%D7%92%D7%95%D7%A1%D7%98&amp;description=ערוץ טום וג'רי של גוסט&amp;data=+&amp;index_depth=0&amp;lang=eng",return)</action>
	</shortcut>
	<shortcut>
		<defaultID>rvtskkhpygyyshlgvst</defaultID>
		<label>ערוץ כח פיג'יי</label>
		<label2>פריטים מותאמים אישית</label2>
		<icon>special://skin/extras/icons/DefaultFolder.png</icon>
		<thumb>https://magazine.partyinabox.co.il/wp-content/uploads/2017/08/%D7%A8%D7%A2%D7%99%D7%95%D7%A0%D7%95%D7%AA-%D7%9C%D7%99%D7%95%D7%9D-%D7%94%D7%95%D7%9C%D7%93%D7%AA-%D7%9B%D7%95%D7%97-%D7%A4%D7%99%D7%92%D7%99%D7%99.jpg</thumb>
		<action>PlayMedia("plugin://script.module.nanscraperss/?url=%5BB%5D%5BCOLOR+orange%5D%D7%99%D7%9C%D7%93%D7%99%D7%9D%5B%2FB%5D%5B%2FCOLOR%5D%5BB%5D%D7%A2%D7%A8%D7%95%D7%A6%D7%99%D7%9D+%D7%9C%D7%99%D7%9C%D7%93%D7%99%D7%9D+%D7%A4%D7%A8%D7%99%D7%9E%D7%99%D7%95%D7%9D%5B%2FB%5D%40%D7%A2%D7%A8%D7%95%D7%A5+%D7%9B%D7%97+%D7%A4%D7%99%D7%92%D7%99%D7%99+%D7%A9%D7%9C+%D7%92%D7%95%D7%A1%D7%98&amp;mode=14&amp;name=%D7%A2%D7%A8%D7%95%D7%A5+%D7%9B%D7%97+%D7%A4%D7%99%D7%92%D7%99%D7%99+%D7%A9%D7%9C+%D7%92%D7%95%D7%A1%D7%98&amp;description=ערוץ כח פיג'יי של גוסט&amp;data=+&amp;index_depth=0&amp;lang=eng",return)</action>
	</shortcut>
	<shortcut>
		<defaultID>rvtsklrvzyshlgvst</defaultID>
		<label>ערוץ כל רוזי</label>
		<label2>פריטים מותאמים אישית</label2>
		<icon>special://skin/extras/icons/DefaultFolder.png</icon>
		<thumb>https://img.youtube.com/vi/YVsTgnUTxiA/mqdefault.jpg</thumb>
		<action>PlayMedia("plugin://script.module.nanscraperss/?url=%5BB%5D%5BCOLOR+orange%5D%D7%99%D7%9C%D7%93%D7%99%D7%9D%5B%2FB%5D%5B%2FCOLOR%5D%5BB%5D%D7%A2%D7%A8%D7%95%D7%A6%D7%99%D7%9D+%D7%9C%D7%99%D7%9C%D7%93%D7%99%D7%9D+%D7%A4%D7%A8%D7%99%D7%9E%D7%99%D7%95%D7%9D%5B%2FB%5D%40%D7%A2%D7%A8%D7%95%D7%A5+%D7%9B%D7%9C+%D7%A8%D7%95%D7%96%D7%99+%D7%A9%D7%9C+%D7%92%D7%95%D7%A1%D7%98&amp;mode=14&amp;name=%D7%A2%D7%A8%D7%95%D7%A5+%D7%9B%D7%9C+%D7%A8%D7%95%D7%96%D7%99+%D7%A9%D7%9C+%D7%92%D7%95%D7%A1%D7%98&amp;description=ערוץ כל רוזי של גוסט&amp;data=+&amp;index_depth=0&amp;lang=eng",return)</action>
	</shortcut>
	<shortcut>
		<defaultID>rvtslbnvtshlgvst</defaultID>
		<label>ערוץ לבנות</label>
		<label2>פריטים מותאמים אישית</label2>
		<icon>special://skin/extras/icons/DefaultFolder.png</icon>
		<thumb>http://www.yofitofi.co.il/wp-content/uploads/2016/01/%D7%AA%D7%95%D7%AA%D7%99%D7%AA-%D7%97%D7%AA%D7%95%D7%9B%D7%94.jpg</thumb>
		<action>PlayMedia("plugin://script.module.nanscraperss/?url=%5BB%5D%5BCOLOR+orange%5D%D7%99%D7%9C%D7%93%D7%99%D7%9D%5B%2FB%5D%5B%2FCOLOR%5D%5BB%5D%D7%A2%D7%A8%D7%95%D7%A6%D7%99%D7%9D+%D7%9C%D7%99%D7%9C%D7%93%D7%99%D7%9D+%D7%A4%D7%A8%D7%99%D7%9E%D7%99%D7%95%D7%9D%5B%2FB%5D%40%D7%A2%D7%A8%D7%95%D7%A5+%D7%9C%D7%91%D7%A0%D7%95%D7%AA+%D7%A9%D7%9C+%D7%92%D7%95%D7%A1%D7%98&amp;mode=14&amp;name=%D7%A2%D7%A8%D7%95%D7%A5+%D7%9C%D7%91%D7%A0%D7%95%D7%AA+%D7%A9%D7%9C+%D7%92%D7%95%D7%A1%D7%98&amp;description=ערוץ לילדות של גוסט&amp;data=+&amp;index_depth=0&amp;lang=eng",return)</action>
	</shortcut>
	<shortcut>
		<defaultID>rvtshnsykhsvpyhshlgvst</defaultID>
		<label>ערוץ הנסיכה סופיה</label>
		<label2>פריטים מותאמים אישית</label2>
		<icon>special://skin/extras/icons/DefaultFolder.png</icon>
		<thumb>https://www.stockmatok.co.il/wp-content/uploads/2017/05/%D7%9E%D7%A4%D7%99%D7%95%D7%AA-%D7%A1%D7%95%D7%A4%D7%99%D7%94.jpg</thumb>
		<action>PlayMedia("plugin://script.module.nanscraperss/?url=%5BB%5D%5BCOLOR+orange%5D%D7%99%D7%9C%D7%93%D7%99%D7%9D%5B%2FB%5D%5B%2FCOLOR%5D%5BB%5D%D7%A2%D7%A8%D7%95%D7%A6%D7%99%D7%9D+%D7%9C%D7%99%D7%9C%D7%93%D7%99%D7%9D+%D7%A4%D7%A8%D7%99%D7%9E%D7%99%D7%95%D7%9D%5B%2FB%5D%40%D7%A2%D7%A8%D7%95%D7%A5+%D7%94%D7%A0%D7%A1%D7%99%D7%9B%D7%94+%D7%A1%D7%95%D7%A4%D7%99%D7%94+%D7%A9%D7%9C+%D7%92%D7%95%D7%A1%D7%98&amp;mode=14&amp;name=%D7%A2%D7%A8%D7%95%D7%A5+%D7%94%D7%A0%D7%A1%D7%99%D7%9B%D7%94+%D7%A1%D7%95%D7%A4%D7%99%D7%94+%D7%A9%D7%9C+%D7%92%D7%95%D7%A1%D7%98&amp;description=גוסט ילדים&amp;data=+&amp;index_depth=0&amp;lang=eng",return)</action>
	</shortcut>
	<shortcut>
		<defaultID>rvtsmv-dvnhkhbrymshlmyqymvs</defaultID>
		<label>ערוץ מיקי מאוס</label>
		<label2>פריטים מותאמים אישית</label2>
		<icon>special://skin/extras/icons/DefaultFolder.png</icon>
		<thumb>https://archive.li/AA6eW/7f5adbb77b501549bb3e1db5e135db028cf38434.jpg</thumb>
		<action>PlayMedia("plugin://script.module.nanscraperss/?url=%5BB%5D%5BCOLOR+orange%5D%D7%99%D7%9C%D7%93%D7%99%D7%9D%5B%2FB%5D%5B%2FCOLOR%5D%5BB%5D%D7%A2%D7%A8%D7%95%D7%A6%D7%99%D7%9D+%D7%9C%D7%99%D7%9C%D7%93%D7%99%D7%9D+%D7%A4%D7%A8%D7%99%D7%9E%D7%99%D7%95%D7%9D%5B%2FB%5D%40%D7%A2%D7%A8%D7%95%D7%A5+%D7%9E%D7%95%D7%A2%D7%93%D7%95%D7%9F+%D7%94%D7%97%D7%91%D7%A8%D7%99%D7%9D+%D7%A9%D7%9C+%D7%9E%D7%99%D7%A7%D7%99+%D7%9E%D7%90%D7%95%D7%A1&amp;mode=14&amp;name=%D7%A2%D7%A8%D7%95%D7%A5+%D7%9E%D7%95%D7%A2%D7%93%D7%95%D7%9F+%D7%94%D7%97%D7%91%D7%A8%D7%99%D7%9D+%D7%A9%D7%9C+%D7%9E%D7%99%D7%A7%D7%99+%D7%9E%D7%90%D7%95%D7%A1&amp;description=ערוץ מועדון החברים של מיקי מאוס&amp;data=+&amp;index_depth=0&amp;lang=eng",return)</action>
	</shortcut>
	<shortcut>
		<defaultID>rvtsmprtshhrptqvtshlgvst</defaultID>
		<label>ערוץ מפרץ ההרפתקאות</label>
		<label2>פריטים מותאמים אישית</label2>
		<icon>special://skin/extras/icons/DefaultFolder.png</icon>
		<thumb>https://d3m9l0v76dty0.cloudfront.net/system/photos/1716991/extra_large/0321589de697e2ab7d011cd29e34ff8b.jpg</thumb>
		<action>PlayMedia("plugin://script.module.nanscraperss/?url=%5BB%5D%5BCOLOR+orange%5D%D7%99%D7%9C%D7%93%D7%99%D7%9D%5B%2FB%5D%5B%2FCOLOR%5D%5BB%5D%D7%A2%D7%A8%D7%95%D7%A6%D7%99%D7%9D+%D7%9C%D7%99%D7%9C%D7%93%D7%99%D7%9D+%D7%A4%D7%A8%D7%99%D7%9E%D7%99%D7%95%D7%9D%5B%2FB%5D%40%D7%A2%D7%A8%D7%95%D7%A5+%D7%9E%D7%A4%D7%A8%D7%A5+%D7%94%D7%94%D7%A8%D7%A4%D7%AA%D7%A7%D7%90%D7%95%D7%AA+%D7%A9%D7%9C+%D7%92%D7%95%D7%A1%D7%98&amp;mode=14&amp;name=%D7%A2%D7%A8%D7%95%D7%A5+%D7%9E%D7%A4%D7%A8%D7%A5+%D7%94%D7%94%D7%A8%D7%A4%D7%AA%D7%A7%D7%90%D7%95%D7%AA+%D7%A9%D7%9C+%D7%92%D7%95%D7%A1%D7%98&amp;description=ערוץ מפרץ ההרפתקאות&amp;data=+&amp;index_depth=0&amp;lang=eng",return)</action>
	</shortcut>
	<shortcut>
		<defaultID>rvtssdrvtlnv-rshlgvst</defaultID>
		<label>ערוץ סדרות לנוער</label>
		<label2>פריטים מותאמים אישית</label2>
		<icon>special://skin/extras/icons/DefaultFolder.png</icon>
		<thumb>http://www.wallstreet-english.co.il/public/uploads/ckfinder/images/iStock_000013924931XSmall.jpg</thumb>
		<action>PlayMedia("plugin://script.module.nanscraperss/?url=%5BB%5D%5BCOLOR+orange%5D%D7%99%D7%9C%D7%93%D7%99%D7%9D%5B%2FB%5D%5B%2FCOLOR%5D%5BB%5D%D7%A2%D7%A8%D7%95%D7%A6%D7%99%D7%9D+%D7%9C%D7%99%D7%9C%D7%93%D7%99%D7%9D+%D7%A4%D7%A8%D7%99%D7%9E%D7%99%D7%95%D7%9D%5B%2FB%5D%40%D7%A2%D7%A8%D7%95%D7%A5+%D7%A1%D7%93%D7%A8%D7%95%D7%AA+%D7%9C%D7%A0%D7%95%D7%A2%D7%A8+%D7%A9%D7%9C+%D7%92%D7%95%D7%A1%D7%98&amp;mode=14&amp;name=%D7%A2%D7%A8%D7%95%D7%A5+%D7%A1%D7%93%D7%A8%D7%95%D7%AA+%D7%9C%D7%A0%D7%95%D7%A2%D7%A8+%D7%A9%D7%9C+%D7%92%D7%95%D7%A1%D7%98&amp;description=ערוץ סדרות לנוער של גוסט&amp;data=+&amp;index_depth=0&amp;lang=eng",return)</action>
	</shortcut>
	<shortcut>
		<defaultID>rvtssmyhkbyshlgvst</defaultID>
		<label>ערוץ סמי הכבאי</label>
		<label2>פריטים מותאמים אישית</label2>
		<icon>special://skin/extras/icons/DefaultFolder.png</icon>
		<thumb>https://market.marmelada.co.il/photos/791456.jpg</thumb>
		<action>PlayMedia("plugin://script.module.nanscraperss/?url=%5BB%5D%5BCOLOR+orange%5D%D7%99%D7%9C%D7%93%D7%99%D7%9D%5B%2FB%5D%5B%2FCOLOR%5D%5BB%5D%D7%A2%D7%A8%D7%95%D7%A6%D7%99%D7%9D+%D7%9C%D7%99%D7%9C%D7%93%D7%99%D7%9D+%D7%A4%D7%A8%D7%99%D7%9E%D7%99%D7%95%D7%9D%5B%2FB%5D%40%D7%A2%D7%A8%D7%95%D7%A5+%D7%A1%D7%9E%D7%99+%D7%94%D7%9B%D7%91%D7%90%D7%99+%D7%A9%D7%9C+%D7%92%D7%95%D7%A1%D7%98&amp;mode=14&amp;name=%D7%A2%D7%A8%D7%95%D7%A5+%D7%A1%D7%9E%D7%99+%D7%94%D7%9B%D7%91%D7%90%D7%99+%D7%A9%D7%9C+%D7%92%D7%95%D7%A1%D7%98&amp;description=ערוץ סמי הכבאי של גוסט&amp;data=+&amp;index_depth=0&amp;lang=eng",return)</action>
	</shortcut>
	<shortcut>
		<defaultID>rvtstsypvdyylshlgvst</defaultID>
		<label>ערוץ ציפ ודייל</label>
		<label2>פריטים מותאמים אישית</label2>
		<icon>special://skin/extras/icons/DefaultFolder.png</icon>
		<thumb>http://www.third-ear.com/copies/00010524_01.jpg</thumb>
		<action>PlayMedia("plugin://script.module.nanscraperss/?url=%5BB%5D%5BCOLOR+orange%5D%D7%99%D7%9C%D7%93%D7%99%D7%9D%5B%2FB%5D%5B%2FCOLOR%5D%5BB%5D%D7%A2%D7%A8%D7%95%D7%A6%D7%99%D7%9D+%D7%9C%D7%99%D7%9C%D7%93%D7%99%D7%9D+%D7%A4%D7%A8%D7%99%D7%9E%D7%99%D7%95%D7%9D%5B%2FB%5D%40%D7%A2%D7%A8%D7%95%D7%A5+%D7%A6%D7%99%D7%A4+%D7%95%D7%93%D7%99%D7%99%D7%9C+%D7%A9%D7%9C+%D7%92%D7%95%D7%A1%D7%98&amp;mode=14&amp;name=%D7%A2%D7%A8%D7%95%D7%A5+%D7%A6%D7%99%D7%A4+%D7%95%D7%93%D7%99%D7%99%D7%9C+%D7%A9%D7%9C+%D7%92%D7%95%D7%A1%D7%98&amp;description=ערוץ ציפ ודייל של גוסט&amp;data=+&amp;index_depth=0&amp;lang=eng",return)</action>
	</shortcut>
	<shortcut>
		<defaultID>rvtsshyrymvmkhrvzvtlyldymshlgvst</defaultID>
		<label>ערוץ שירים ומחרוזות לילדים</label>
		<label2>פריטים מותאמים אישית</label2>
		<icon>special://skin/extras/icons/DefaultFolder.png</icon>
		<thumb>http://www.yosmusic.com/images/articles/big/shirey-yeladim-b.jpg</thumb>
		<action>PlayMedia("plugin://script.module.nanscraperss/?url=%5BB%5D%5BCOLOR+orange%5D%D7%99%D7%9C%D7%93%D7%99%D7%9D%5B%2FB%5D%5B%2FCOLOR%5D%5BB%5D%D7%A2%D7%A8%D7%95%D7%A6%D7%99%D7%9D+%D7%9C%D7%99%D7%9C%D7%93%D7%99%D7%9D+%D7%A4%D7%A8%D7%99%D7%9E%D7%99%D7%95%D7%9D%5B%2FB%5D%40%D7%A2%D7%A8%D7%95%D7%A5+%D7%A9%D7%99%D7%A8%D7%99%D7%9D+%D7%95%D7%9E%D7%97%D7%A8%D7%95%D7%96%D7%95%D7%AA+%D7%9C%D7%99%D7%9C%D7%93%D7%99%D7%9D+%D7%A9%D7%9C+%D7%92%D7%95%D7%A1%D7%98&amp;mode=14&amp;name=%D7%A2%D7%A8%D7%95%D7%A5+%D7%A9%D7%99%D7%A8%D7%99%D7%9D+%D7%95%D7%9E%D7%97%D7%A8%D7%95%D7%96%D7%95%D7%AA+%D7%9C%D7%99%D7%9C%D7%93%D7%99%D7%9D+%D7%A9%D7%9C+%D7%92%D7%95%D7%A1%D7%98&amp;description=ערוץ שירים ומחרוזות לילדים של גוסט&amp;data=+&amp;index_depth=0&amp;lang=eng",return)</action>
	</shortcut>
	<shortcut>
		<defaultID>rvtshvp-vtlyldymshlgvst</defaultID>
		<label>ערוץ הופעות לילדים</label>
		<label2>פריטים מותאמים אישית</label2>
		<icon>special://skin/extras/icons/DefaultFolder.png</icon>
		<thumb>http://kinderland.co.il/wp-content/uploads/2015/09/better-two-700x467.jpg</thumb>
		<action>PlayMedia("plugin://script.module.nanscraperss/?url=%5BB%5D%5BCOLOR+orange%5D%D7%99%D7%9C%D7%93%D7%99%D7%9D%5B%2FB%5D%5B%2FCOLOR%5D%5BB%5D%D7%A2%D7%A8%D7%95%D7%A6%D7%99%D7%9D+%D7%9C%D7%99%D7%9C%D7%93%D7%99%D7%9D+%D7%A4%D7%A8%D7%99%D7%9E%D7%99%D7%95%D7%9D%5B%2FB%5D%40%D7%A2%D7%A8%D7%95%D7%A5+%D7%94%D7%95%D7%A4%D7%A2%D7%95%D7%AA+%D7%9C%D7%99%D7%9C%D7%93%D7%99%D7%9D+%D7%A9%D7%9C+%D7%92%D7%95%D7%A1%D7%98&amp;mode=14&amp;name=%D7%A2%D7%A8%D7%95%D7%A5+%D7%94%D7%95%D7%A4%D7%A2%D7%95%D7%AA+%D7%9C%D7%99%D7%9C%D7%93%D7%99%D7%9D+%D7%A9%D7%9C+%D7%92%D7%95%D7%A1%D7%98&amp;description=סרטים&amp;data=+&amp;index_depth=0&amp;lang=eng",return)</action>
	</shortcut>
</shortcuts>
