<?xml version='1.0' encoding='UTF-8'?>
<shortcuts>
	<shortcut>
		<defaultID />
		<label>סרטים - Seren</label>
		<label2>פריטים מותאמים אישית</label2>
		<icon>DefaultShortcut.png</icon>
		<thumb>special://skin/extras/icons/hd.png</thumb>
		<action>ActivateWindow(Videos,"plugin://plugin.video.seren/?action=moviesHome",return)</action>
	</shortcut>
	<shortcut>
		<defaultID />
		<label>סרטים - Gaia</label>
		<label2>פריטים מותאמים אישית</label2>
		<icon>DefaultShortcut.png</icon>
		<thumb>special://skin/extras/icons/hd.png</thumb>
		<action>ActivateWindow(Videos,"plugin://plugin.video.gaia/?action=movies&amp;type=movie&amp;kids=0",return)</action>
	</shortcut>
	<shortcut>
		<defaultID />
		<label>סרטים - The Magic</label>
		<label2>פריטים מותאמים אישית</label2>
		<icon>DefaultShortcut.png</icon>
		<thumb>special://skin/extras/icons/Premium.png</thumb>
		<action>ActivateWindow(Videos,"plugin://plugin.video.themagicdragon",return)</action>
	</shortcut>
	<shortcut>
		<defaultID />
		<label>סרטים - Supermacy</label>
		<label2>פריטים מותאמים אישית</label2>
		<icon>DefaultShortcut.png</icon>
		<thumb>special://skin/extras/icons/Premium.png</thumb>
		<action>ActivateWindow(Videos,"plugin://plugin.video.supremacy",return)</action>
	</shortcut>
	<shortcut>
		<defaultID />
		<label>סרטים - AtTheFlix</label>
		<label2>פריטים מותאמים אישית</label2>
		<icon>DefaultShortcut.png</icon>
		<thumb>special://skin/extras/icons/Premium.png</thumb>
		<action>ActivateWindow(Videos,"plugin://plugin.video.AtTheFlix",return)</action>
	</shortcut>
	<shortcut>
		<defaultID />
		<label>סרטים - Monster Munch</label>
		<label2>פריטים מותאמים אישית</label2>
		<icon>DefaultShortcut.png</icon>
		<thumb>special://skin/extras/icons/Premium.png</thumb>
		<action>ActivateWindow(Videos,"plugin://plugin.video.monstermunch/?url=http%3A%2F%2Fsteptoesplace.net%2FNewServer%2Fallmovies.xml&amp;mode=1&amp;name=%5BCOLOR+tomato%5D%5BB%5D%2A%2AMOVIES%2A%2A%5B%2FB%5D%5B%2FCOLOR%5D&amp;fanart=http%3A%2F%2Fsteptoesplace.net%2Flot%2FBACKGROUND.png",return)</action>
	</shortcut>
</shortcuts>
