<?xml version='1.0' encoding='UTF-8'?>
<shortcuts>
	<shortcut>
		<defaultID>plugin.video.ember</defaultID>
		<label>ערוץ - O'zbekiston 24</label>
		<label2>הרחבת וידאו</label2>
		<icon>DefaultShortcut.png</icon>
		<thumb>https://www.mtrk.uz/modules/mtrk-broadcast/client/assets/photo/c02b705f-faf7-42b0-ac54-b16c6b61f7cb.jpeg</thumb>
		<action>PlayMedia("plugin://script.module.myresolver/?url=393&amp;provider=mediabay")</action>
	</shortcut>
	<shortcut>
		<defaultID>cbs</defaultID>
		<label>ערוץ - Zo'rTV</label>
		<label2>ערוץ - Zo'rTV</label2>
		<icon>special://skin/extras/tv/DefaultFolder.png</icon>
		<thumb>https://tgchannels.org/assets/channel_profile/AQADAgATCLu3DgAEbrzgO8McO0kyEAIAAQI.jpg</thumb>
		<action>PlayMedia("plugin://script.module.myresolver/?url=395&amp;provider=mediabay")</action>
	</shortcut>
	<shortcut>
		<defaultID>cbsnewshd</defaultID>
		<label>ערוץ - Uzbek Music</label>
		<label2>מועדף</label2>
		<icon>special://skin/extras/tv/DefaultFolder.png</icon>
		<thumb>http://lh3.googleusercontent.com/OdkClmTEofZ9z2oQn8LwYSwx_CMdsW0_zQf_8wJgT-vVjbUyGbvzArY8tPAtxPXxA0Q=w240</thumb>
		<action>PlayMedia("plugin://script.module.myresolver/?url=499&amp;provider=mediabay")</action>
	</shortcut>
	<shortcut>
		<defaultID>skynewsarabia</defaultID>
		<label>ערוץ - O'zbekiston</label>
		<label2>מועדף</label2>
		<icon>special://skin/extras/tv/DefaultFolder.png</icon>
		<thumb>https://i.mycdn.me/i?r=AzGBqNaF5OQp2lMpnhRx4DEFcfX2gukKc5n8ZPYLcLRRdQ7Radn5CqGFAW0Qz050EQE</thumb>
		<action>PlayMedia("plugin://script.module.myresolver/?url=140&amp;provider=mediabay")</action>
	</shortcut>
	<shortcut>
		<defaultID>aljazeerahdarab</defaultID>
		<label>ערוץ - Sevimli</label>
		<label2>מועדף</label2>
		<icon>special://skin/extras/tv/DefaultFolder.png</icon>
		<thumb>https://gdb.rferl.org/7FC534DC-06A0-417C-93E6-9008D47290A5_cx38_cy67_cw54_w1023_r1_s.png</thumb>
		<action>PlayMedia("plugin://script.module.myresolver/?url=396&amp;provider=mediabay")</action>
	</shortcut>
	<shortcut>
		<defaultID>bbcarabic</defaultID>
		<label>ערוץ - MilliyTV</label>
		<label2>מועדף</label2>
		<icon>special://skin/extras/tv/DefaultFolder.png</icon>
		<thumb>https://static.tgstat.ru/public/images/channels/_0/56/56defccc63de74d71ae919ab1ecae656.jpg</thumb>
		<action>PlayMedia("plugin://script.module.myresolver/?url=391&amp;provider=mediabay")</action>
	</shortcut>
	<shortcut>
		<defaultID>bbcarabic</defaultID>
		<label>ערוץ - AzonTV</label>
		<label2>מועדף</label2>
		<icon>special://skin/extras/tv/DefaultFolder.png</icon>
		<thumb>https://encrypted-tbn0.gstatic.com/images?q=tbn:ANd9GcSaW6wXi5Q3TFL_dARrU-B4imH17J0x32s3p5vJ3J5ADvajoPHF3w</thumb>
		<action>PlayMedia("plugin://script.module.myresolver/?url=508&amp;provider=mediabay")</action>
	</shortcut>
	<shortcut>
		<defaultID>bbcarabic</defaultID>
		<label>ערוץ - Yoshlar - Uz</label>
		<label2>מועדף</label2>
		<icon>special://skin/extras/tv/DefaultFolder.png</icon>
		<thumb>https://yt3.ggpht.com/a/AGF-l79rYypUBcyIWPVUBaehLeYYg_8qh1NEY290tA=s900-c-k-c0xffffffff-no-rj-mo</thumb>
		<action>PlayMedia("plugin://script.module.myresolver/?url=134&amp;provider=mediabay")</action>
	</shortcut>
	<shortcut>
		<defaultID>bbcarabic</defaultID>
		<label>ערוץ - Toshkent - Uz</label>
		<label2>מועדף</label2>
		<icon>special://skin/extras/tv/DefaultFolder.png</icon>
		<thumb>https://encrypted-tbn0.gstatic.com/images?q=tbn:ANd9GcR_v6c1ZNLVe-xdiaG00nPW64HxwexMIbHO5jTQuyQ6rfSvE5rE</thumb>
		<action>PlayMedia("plugin://script.module.myresolver/?url=136&amp;provider=mediabay")</action>
	</shortcut>
	<shortcut>
		<defaultID>bbcarabic</defaultID>
		<label>ערוץ - Oilaviy</label>
		<label2>מועדף</label2>
		<icon>special://skin/extras/tv/DefaultFolder.png</icon>
		<thumb>https://media.mediabay.uz/www_data/newlogos/channels/oilaviy.300.png</thumb>
		<action>PlayMedia("plugin://script.module.myresolver/?url=392&amp;provider=mediabay")</action>
	</shortcut>
	<shortcut>
		<defaultID>bbcarabic</defaultID>
		<label>ערוץ - Dunyo Boylab - Uz</label>
		<label2>מועדף</label2>
		<icon>special://skin/extras/tv/DefaultFolder.png</icon>
		<thumb>https://zamin.uz/uploads/posts/2016-09/1474610336_dunyo-boylab-00.jpg</thumb>
		<action>PlayMedia("plugin://script.module.myresolver/?url=144&amp;provider=mediabay")</action>
	</shortcut>
	<shortcut>
		<defaultID>bbcarabic</defaultID>
		<label>ערוץ - Madaniyat va Marifat - Uz</label>
		<label2>מועדף</label2>
		<icon>special://skin/extras/tv/DefaultFolder.png</icon>
		<thumb>https://media.mediabay.uz/www_data/newlogos/channels/madaniyat.300.png</thumb>
		<action>PlayMedia("plugin://script.module.myresolver/?url=146&amp;provider=mediabay")</action>
	</shortcut>
	<shortcut>
		<defaultID>bbcarabic</defaultID>
		<label>ערוץ - Bolajon - Uz</label>
		<label2>מועדף</label2>
		<icon>special://skin/extras/tv/DefaultFolder.png</icon>
		<thumb>https://www.mtrk.uz/modules/mtrk-broadcast/client/assets/photo/14fb46ee-3d16-4c28-9d53-94171a238e68.jpeg</thumb>
		<action>PlayMedia("plugin://script.module.myresolver/?url=148&amp;provider=mediabay")</action>
	</shortcut>
	<shortcut>
		<defaultID>bbcarabic</defaultID>
		<label>ערוץ - Mahalla</label>
		<label2>מועדף</label2>
		<icon>special://skin/extras/tv/DefaultFolder.png</icon>
		<thumb>https://pbs.twimg.com/profile_images/979668319237177345/2ZU2xV_A_400x400.jpg</thumb>
		<action>PlayMedia("plugin://script.module.myresolver/?url=394&amp;provider=mediabay")</action>
	</shortcut>
	<shortcut>
		<defaultID>bbcarabic</defaultID>
		<label>ערוץ - Navo - Uz</label>
		<label2>מועדף</label2>
		<icon>special://skin/extras/tv/DefaultFolder.png</icon>
		<thumb>https://yt3.ggpht.com/a/AGF-l788JqReQcD4SJPEXY9nB9cvSReeJZ68KuOUpA=s900-c-k-c0xffffffff-no-rj-mo</thumb>
		<action>PlayMedia("plugin://script.module.myresolver/?url=254&amp;provider=mediabay")</action>
	</shortcut>
	<shortcut>
		<defaultID>bbcarabic</defaultID>
		<label>ערוץ - Planeta RTR</label>
		<label2>מועדף</label2>
		<icon>special://skin/extras/tv/DefaultFolder.png</icon>
		<thumb>http://www.ethnicchannels.com/images/channeldetail/rtr-planeta/rtr-logo.png</thumb>
		<action>PlayMedia("plugin://script.module.myresolver/?url=378&amp;provider=mediabay")</action>
	</shortcut>
	<shortcut>
		<defaultID>bbcarabic</defaultID>
		<label>ערוץ - Pervy - RU - Test</label>
		<label2>מועדף</label2>
		<icon>special://skin/extras/tv/DefaultFolder.png</icon>
		<thumb>https://ik.imagekit.io/ulangotv/image/upload/tr:n-small_tn/265736_logo_pervyi_kanal_4.png</thumb>
		<action>PlayMedia("plugin://script.module.myresolver/?url=240&amp;provider=mediabay")</action>
	</shortcut>
	<shortcut>
		<defaultID>bbcarabic</defaultID>
		<label>ערוץ - Kazakh Films</label>
		<label2>מועדף</label2>
		<icon>special://skin/extras/tv/DefaultFolder.png</icon>
		<thumb>http://astanatimes.com/wp-content/uploads/2017/09/10.jpg</thumb>
		<action>PlayMedia("plugin://script.module.myresolver/?url=545&amp;provider=mediabay")</action>
	</shortcut>
	<shortcut>
		<defaultID>bbcarabic</defaultID>
		<label>ערוץ - Tajik Films</label>
		<label2>מועדף</label2>
		<icon>special://skin/extras/tv/DefaultFolder.png</icon>
		<thumb>https://pbs.twimg.com/profile_images/3029982684/01f70c7346a5d3d97d0a4cdd45c59583.jpeg</thumb>
		<action>PlayMedia("plugin://script.module.myresolver/?url=544&amp;provider=mediabay")</action>
	</shortcut>
	<shortcut>
		<defaultID>bbcarabic</defaultID>
		<label>ערוץ - UNTV NEWS</label>
		<label2>מועדף</label2>
		<icon>special://skin/extras/tv/DefaultFolder.png</icon>
		<thumb>https://pbs.twimg.com/profile_images/1113642268693385217/Omf_ZHnX.png</thumb>
		<action>https://untv.mmdlive.lldns.net/untv/97cc8d2c46bd43b78e0b112761ab71fe/chunklist_b1128000.m3u8</action>
	</shortcut>
	<shortcut>
		<defaultID>bbcarabic</defaultID>
		<label>Hope Channel Philippines</label>
		<label2>מועדף</label2>
		<icon>special://skin/extras/tv/DefaultFolder.png</icon>
		<thumb>http://www.hopetv.org.ph/images/generic%20pix.jpg</thumb>
		<action>https://bcliveunivsecure-lh.akamaihd.net/i/HopeChannelPhilippines_1@310362/master.m3u8</action>
	</shortcut>
	<shortcut>
		<defaultID>bbcarabic</defaultID>
		<label>ערוץ - INC TV</label>
		<label2>מועדף</label2>
		<icon>special://skin/extras/tv/DefaultFolder.png</icon>
		<thumb>http://iglesianicristo.net/inctv/wp-content/themes/activinc/images/inctv-logo.png</thumb>
		<action>http://churchrus2-lh.akamaihd.net/i/coctesting_1@57550/index_1500_av-p.m3u8</action>
	</shortcut>
</shortcuts>
