<?xml version='1.0' encoding='UTF-8'?>
<shortcuts>
	<shortcut>
		<defaultID>b-klhtknyvt-b</defaultID>
		<label>ספורט 5 - VOD</label>
		<label2>מועדף</label2>
		<icon>special://skin/extras/icons/folder.png</icon>
		<thumb>special://home/Graphics/sport/real_madrid.jpg</thumb>
		<action>ActivateWindow(10025,"plugin://plugin.video.idanplus/?iconimage=C%253A%255CUsers%255CHome%255CAppData%255CRoaming%255CKodi%255Caddons%255Cplugin.video.idanplus%255Cresources%255Cimages%255CSport5.png&amp;mode=0&amp;module=sport5&amp;moredata&amp;name=%5bB%5d%d7%9b%d7%9c%20%d7%94%d7%aa%d7%9b%d7%a0%d7%99%d7%95%d7%aa%5b%2fB%5d&amp;url",return)</action>
	</shortcut>
	<shortcut>
		<defaultID>b-klhtknyvt-b</defaultID>
		<label>ספורט 1 - VOD</label>
		<label2>מועדף</label2>
		<icon>special://skin/extras/icons/folder.png</icon>
		<thumb>special://home/Graphics/sport/sport.jpg</thumb>
		<action>ActivateWindow(10025,"plugin://plugin.video.idanplus/?iconimage=C%253A%255CUsers%255CHome%255CAppData%255CRoaming%255CKodi%255Caddons%255Cplugin.video.idanplus%255Cresources%255Cimages%255Csport1.jpg&amp;mode=0&amp;module=sport1&amp;moredata&amp;name=%5bB%5d%d7%9b%d7%9c%20%d7%94%d7%aa%d7%9b%d7%a0%d7%99%d7%95%d7%aa%5b%2fB%5d&amp;url",return)</action>
	</shortcut>
	<shortcut>
		<defaultID />
		<label>תוכניות ספורט</label>
		<label2>פריטים מותאמים אישית</label2>
		<icon>DefaultShortcut.png</icon>
		<thumb>special://home/Graphics/sport/chanel.jpg</thumb>
		<action>ActivateWindow(Videos,"plugin://plugin.video.sdarot.tv/genre/35/0",return)</action>
	</shortcut>
	<shortcut>
		<defaultID />
		<label>ספורט - ערוצים</label>
		<label2>פריטים מותאמים אישית</label2>
		<icon>DefaultShortcut.png</icon>
		<thumb>special://home/Graphics/sport/SPORTISRAEL.jpg</thumb>
		<action>ActivateWindow(Videos,"plugin://plugin.video.MySports",return)</action>
	</shortcut>
	<shortcut>
		<defaultID />
		<label>ספורט - NBA</label>
		<label2>הרחבת וידאו</label2>
		<icon>DefaultShortcut.png</icon>
		<thumb>special://home/Graphics/sport/nba.jpg</thumb>
		<action>ActivateWindow(Videos,"plugin://plugin.video.allmoviesin/?url=https%3A%2F%2Fwww.nbafullhd.com&amp;mode=105&amp;name=[COLOR khaki]NBA[/COLOR]&amp;iconimage=C%3A%5CUsers%5CHome%5CAppData%5CRoaming%5CKodi%5Caddons%5Cplugin.video.allmoviesin%5Cresources%5Clogos%2Fnba.png&amp;fanart=https%3A%2F%2Fcdn.nba.net%2Fnba-drupal-prod%2F2017-08%2FSEO-image-NBA-logoman.jpg&amp;description=NBA&amp;heb_name= &amp;dates= &amp;data= &amp;original_title= &amp;id= &amp;season= &amp;episode= &amp;tmdbid= &amp;eng_name= &amp;show_original_year= &amp;isr=0&amp;fav_status=false",return)</action>
	</shortcut>
	<shortcut>
		<defaultID />
		<label>ערוצים - שידורים חיים</label>
		<label2>פריטים מותאמים אישית</label2>
		<icon>DefaultShortcut.png</icon>
		<thumb>special://home/Graphics/sport/Fitness1.jpg</thumb>
		<action>ActivateWindow(10025,"plugin://plugin.video.allmoviesin/?data=%20&amp;dates=%20&amp;description=Live&amp;eng_name=%20&amp;episode=%20&amp;fanart=https%3a%2f%2fscotch-res.cloudinary.com%2fimage%2fupload%2fw_900%2cq_auto%3agood%2cf_auto%2fv1549206813%2fgyxlxwotow6xxysb527u.png&amp;fav_status=false&amp;heb_name=%20&amp;iconimage=C%3a%5cUsers%5cHome%5cAppData%5cRoaming%5cKodi%5caddons%5cplugin.video.allmoviesin%5cresources%5clogos%2fsport.png&amp;id=%20&amp;isr=0&amp;mode=141&amp;name=%5bCOLOR%20orange%5d%5bI%5dLive%20Sports%5b%2fI%5d%5b%2fCOLOR%5d&amp;original_title=%20&amp;season=%20&amp;show_original_year=%20&amp;tmdbid=%20&amp;url=www",return)</action>
	</shortcut>
	<shortcut>
		<defaultID />
		<label>WWE On Demand</label>
		<label2>פריטים מותאמים אישית</label2>
		<icon>DefaultShortcut.png</icon>
		<thumb>special://home/Graphics/sport/IGROF.jpg</thumb>
		<action>ActivateWindow(10025,"plugin://plugin.video.wrestling-on-demand/",return)</action>
	</shortcut>
	<shortcut>
		<defaultID>plugin.video.bennu</defaultID>
		<label>ספורט - UFC - WWE</label>
		<label2>פריטים מותאמים אישית</label2>
		<icon>DefaultShortcut.png</icon>
		<thumb>special://home/Graphics/sport/wwe.jpg</thumb>
		<action>ActivateWindow(Videos,"plugin://plugin.video.johki",return)</action>
	</shortcut>
	<shortcut>
		<defaultID />
		<label>ספורט - AllSportz</label>
		<label2>פריטים מותאמים אישית</label2>
		<icon>DefaultShortcut.png</icon>
		<thumb>special://home/Graphics/sport/wwe2.jpg</thumb>
		<action>ActivateWindow(10025,"plugin://plugin.video.AllSportzRecaps/",return)</action>
	</shortcut>
	<shortcut>
		<defaultID />
		<label>ספורט - Classic</label>
		<label2>פריטים מותאמים אישית</label2>
		<icon>DefaultShortcut.png</icon>
		<thumb>special://home/Graphics/sport/wwe2.jpg</thumb>
		<action>ActivateWindow(10025,"plugin://plugin.video.sportsclassic/",return)</action>
	</shortcut>
	<shortcut>
		<defaultID>plugin.video.SportsDevil</defaultID>
		<label>SportsDevil</label>
		<label2>פריטים מותאמים אישית</label2>
		<icon>DefaultShortcut.png</icon>
		<thumb>special://home/Graphics/sport/sportdevil.jpg</thumb>
		<action>ActivateWindow(Videos,"plugin://plugin.video.SportsDevil",return)</action>
	</shortcut>
	<shortcut>
		<defaultID>colorred-b-r-b-color-colorwhite-b-ising-b-color-colorpink-b-t-b-color-colorwhite-b-ides-b-color</defaultID>
		<label>ערוצים - Rising Tides</label>
		<label2>מועדף</label2>
		<icon>special://skin/extras/icons/folder.png</icon>
		<thumb>special://home/Graphics/sport/sport_01.jpg</thumb>
		<action>ActivateWindow(Videos,"plugin://plugin.video.Rising.Tides",return)</action>
	</shortcut>
	<shortcut>
		<defaultID>plugin.video.pulsefitness</defaultID>
		<label>ספורט - מכון כושר</label>
		<label2>הרחבת וידאו</label2>
		<icon>DefaultShortcut.png</icon>
		<thumb>special://home/Graphics/sport/mahonkosher.jpg</thumb>
		<action>ActivateWindow(Videos,"plugin://plugin.video.pulsefitness",return)</action>
	</shortcut>
</shortcuts>
