<?xml version='1.0' encoding='UTF-8'?>
<shortcuts>
	<shortcut>
		<defaultID>movies</defaultID>
		<label>סדרות - Exodus</label>
		<label2>פריטים מותאמים אישית</label2>
		<icon>special://skin/extras/icons/folder.png</icon>
		<thumb>special://home/Graphics/addons/box2.jpg</thumb>
		<action>ActivateWindow(10025,"plugin://plugin.video.exodusredux/?action=tvNavigator",return)</action>
	</shortcut>
	<shortcut>
		<defaultID />
		<label>סדרות - Seren</label>
		<label2>פריטים מותאמים אישית</label2>
		<icon>DefaultShortcut.png</icon>
		<thumb>special://home/Graphics/addons/box2.jpg</thumb>
		<action>ActivateWindow(Videos,"plugin://plugin.video.seren/?action=showsHome",return)</action>
	</shortcut>
	<shortcut>
		<defaultID />
		<label>סדרות - Gaia</label>
		<label2>הרחבת וידאו</label2>
		<icon>DefaultShortcut.png</icon>
		<thumb>special://home/Graphics/addons/box2.jpg</thumb>
		<action>ActivateWindow(Videos,"plugin://plugin.video.gaia/?action=shows&amp;type=show&amp;kids=0",return)</action>
	</shortcut>
</shortcuts>
