﻿<?xml version="1.0" encoding="UTF-8" standalone="yes"?>
<addon id="plugin.video.anonymous.wall" name="Anonymous Wall" version="1.0.2" provider-name="Anonymous">
    <requires>
        <import addon="xbmc.python" version="2.1.0"/>
    </requires>
    <extension point="xbmc.python.pluginsource" library="default.py">
        <provides>video</provides>
    </extension>
	<extension point="xbmc.service" library="service.py" start="[login|startup]"/>
    <extension point="xbmc.addon.metadata">
        <platform>all</platform>
        <summary lang="en">Anonymous Wall Movies and TV Show</summary>
        <summary lang="he">סרטים וסדרות Anonymous Wall</summary>
        <description lang="en"></description>
        <description lang="he">קיר סרטים וסדרות מתעדכן באופן קבוע - צוות אנונימס</description>
        <disclaimer></disclaimer>
    </extension>
 </addon>